kind,hours,gate,threshold,beta,applied,wmape_3m,wmape_14d,wmape_all,rolling,stat
daybias,midday,absbias,250,0.5,24,5.993657840853553,10.309559440084053,6.057073689798028,8,mean
daybias,midday,absbias,250,0.5,24,5.993657840853553,10.309559440084053,6.057073689798028,14,mean
daybias,midday,absbias,250,0.5,24,5.993657840853553,10.309559440084053,6.057073689798028,21,mean
daybias,midday,absbias,250,0.5,24,5.993657840853553,10.309559440084053,6.057073689798028,30,mean
hourbias,day,wmape,10,0.25,481,5.994859640281135,10.313722124233841,6.0582604126822766,21,median
hourbias,nooneve,wmape,10,0.05,709,5.995110891894752,10.305468198266322,6.058508512350776,3,mean
daybias,midday,absbias,250,0.4,24,5.995148547996538,10.309559440084053,6.058545696057718,8,mean
daybias,midday,absbias,250,0.4,24,5.995148547996538,10.309559440084053,6.058545696057718,14,mean
daybias,midday,absbias,250,0.4,24,5.995148547996538,10.309559440084053,6.058545696057718,21,mean
daybias,midday,absbias,250,0.4,24,5.995148547996538,10.309559440084053,6.058545696057718,30,mean
hourbias,day,wmape,10,0.3,481,5.995160393359851,10.314873391337152,6.05855739282125,21,median
hourbias,all,wmape,10,0.05,909,5.995236247518913,10.31147006558476,6.058632295391811,3,mean
hourbias,all,wmape,10,0.03,909,5.995317502058271,10.302223350606653,6.0587125305950345,3,mean
hourbias,day,wmape,10,0.25,452,5.995534392531758,10.309680748564176,6.058926700183031,55,median
hourbias,day,wmape,10,0.25,472,5.995588264401451,10.309438330881223,6.0589798962314845,34,median
hourbias,day,wmape,10,0.3,452,5.995903502974897,10.309705010260203,6.059291180145024,55,median
hourbias,day,wmape,10,0.3,472,5.995910796713999,10.309414109040658,6.059298382384353,34,median
hourbias,nooneve,wmape,10,0.03,709,5.995924333665067,10.30175644405906,6.0593117495147135,3,mean
daybias,peakerr,absbias,250,0.4,52,5.995934408579732,10.309559440084053,6.059321698039829,8,mean
daybias,peakerr,absbias,250,0.4,52,5.995934408579732,10.309559440084053,6.059321698039829,14,mean
daybias,peakerr,absbias,250,0.4,52,5.995934408579732,10.309559440084053,6.059321698039829,21,mean
daybias,peakerr,absbias,250,0.4,52,5.995934408579732,10.309559440084053,6.059321698039829,30,mean
hourbias,all,wmape,10,0.05,989,5.995953803056561,10.297712437812654,6.0593408492134415,5,mean
daybias,lowday,absbias,250,0.5,28,5.996029849337757,10.309559440084053,6.059415941495966,8,mean
daybias,10-16,absbias,250,0.5,28,5.996029849337757,10.309559440084053,6.059415941495966,8,mean
daybias,lowday,absbias,250,0.5,28,5.996029849337757,10.309559440084053,6.059415941495966,14,mean
daybias,10-16,absbias,250,0.5,28,5.996029849337757,10.309559440084053,6.059415941495966,14,mean
daybias,lowday,absbias,250,0.5,28,5.996029849337757,10.309559440084053,6.059415941495966,21,mean
daybias,10-16,absbias,250,0.5,28,5.996029849337757,10.309559440084053,6.059415941495966,21,mean
daybias,lowday,absbias,250,0.5,28,5.996029849337757,10.309559440084053,6.059415941495966,30,mean
daybias,10-16,absbias,250,0.5,28,5.996029849337757,10.309559440084053,6.059415941495966,30,mean
hourbias,day,wmape,10,0.2,481,5.996107696042567,10.312570857130527,6.05949281161584,21,median
daybias,midday,absbias,400,0.15,54,5.996131681853899,10.317795562652185,6.059516496525777,1,mean
hourbias,peakerr,wmape,45,-0.2,418,5.996151935485432,10.300541993802506,6.059536496076016,13,mean
daybias,peakerr,absbias,250,0.5,52,5.996218510080883,10.309559440084053,6.059602235494855,8,mean
daybias,peakerr,absbias,250,0.5,52,5.996218510080883,10.309559440084053,6.059602235494855,14,mean
daybias,peakerr,absbias,250,0.5,52,5.996218510080883,10.309559440084053,6.059602235494855,21,mean
daybias,peakerr,absbias,250,0.5,52,5.996218510080883,10.309559440084053,6.059602235494855,30,mean
hourbias,nooneve,wmape,10,0.05,788,5.996227864262344,10.301783068485628,6.059611472328348,5,mean
hourbias,nooneve,absbias,700,0.05,115,5.996252637679012,10.305981463462645,6.059635934963131,3,mean
hourbias,evening,none,0,0.2,460,5.996342161830045,10.299927738151977,6.05972433603596,13,mean
hourbias,peakerr,wmape,45,-0.25,418,5.996407029164471,10.300276171914089,6.059788389611322,13,mean
daybias,lowday,absbias,250,0.4,28,5.996427471121892,10.309559440084053,6.059808575124904,8,mean
daybias,10-16,absbias,250,0.4,28,5.996427471121892,10.309559440084053,6.059808575124904,8,mean
daybias,lowday,absbias,250,0.4,28,5.996427471121892,10.309559440084053,6.059808575124904,14,mean
daybias,10-16,absbias,250,0.4,28,5.996427471121892,10.309559440084053,6.059808575124904,14,mean
daybias,lowday,absbias,250,0.4,28,5.996427471121892,10.309559440084053,6.059808575124904,21,mean
daybias,10-16,absbias,250,0.4,28,5.996427471121892,10.309559440084053,6.059808575124904,21,mean
daybias,lowday,absbias,250,0.4,28,5.996427471121892,10.309559440084053,6.059808575124904,30,mean
daybias,10-16,absbias,250,0.4,28,5.996427471121892,10.309559440084053,6.059808575124904,30,mean
hourbias,evening,none,0,0.15,460,5.996439869595242,10.29877298277445,6.0598208180597215,13,mean
hourbias,night,wmape,10,0.15,239,5.996456805187904,10.302990616699299,6.0598375411958045,5,mean
daybias,peakerr,absbias,50,0.3,364,5.9965515481258045,10.312410438410756,6.059931095585952,30,mean
daybias,11-15,absbias,250,0.5,20,5.996568500661635,10.309559440084053,6.059947835452649,8,mean
daybias,11-15,absbias,250,0.5,20,5.996568500661635,10.309559440084053,6.059947835452649,14,mean
daybias,11-15,absbias,250,0.5,20,5.996568500661635,10.309559440084053,6.059947835452649,21,mean
daybias,11-15,absbias,250,0.5,20,5.996568500661635,10.309559440084053,6.059947835452649,30,mean
daybias,midday,absbias,400,0.1,54,5.996626062836892,10.307250165045371,6.060004675511877,1,mean
hourbias,day,wmape,10,0.2,452,5.996639480618377,10.309656486868152,6.060017924967634,55,median
hourbias,all,wmape,10,0.02,909,5.996640215341712,10.300334060526978,6.060018650473884,3,mean
hourbias,day,wmape,12,0.25,453,5.996680033060636,10.314669912663863,6.060057968680535,21,median
hourbias,lowday,wmape,12,0.25,453,5.996680033060636,10.314669912663863,6.060057968680535,21,median
hourbias,10-16,wmape,12,0.25,453,5.996680033060636,10.314669912663863,6.060057968680535,21,median
hourbias,day,wmape,10,0.2,472,5.9966801327624655,10.309462552721788,6.060058067131607,34,median
daybias,midday,absbias,250,0.3,24,5.996685895302481,10.309559440084053,6.060063757380705,8,mean
daybias,midday,absbias,250,0.3,24,5.996685895302481,10.309559440084053,6.060063757380705,14,mean
daybias,midday,absbias,250,0.3,24,5.996685895302481,10.309559440084053,6.060063757380705,21,mean
daybias,midday,absbias,250,0.3,24,5.996685895302481,10.309559440084053,6.060063757380705,30,mean
hourbias,evening,absbias,50,0.2,299,5.996716212694296,10.300285504166672,6.0600936944416075,13,mean
hourbias,11-15,wmape,12,0.25,416,5.9967296656265185,10.314338438219746,6.060106978607138,21,median
hourbias,midday,wmape,12,0.25,451,5.99673641780805,10.314669912663863,6.060113646082723,21,median
hourbias,all,wmape,10,0.03,989,5.99677122050682,10.296707067022888,6.060148012182519,5,mean
hourbias,evening,absbias,50,0.15,299,5.996771979118975,10.299041307285473,6.060148761277904,13,mean
hourbias,peakerr,none,0,0.05,1196,5.996804309276917,10.303983892076436,6.060180685854834,21,mean
daybias,11-15,wmape,10,0.3,65,5.996813658266837,10.284367630117533,6.060189917561914,3,mean
daybias,11-15,absbias,400,0.15,45,5.996815587780597,10.311564223290674,6.060191822869973,1,mean
hourbias,night,absbias,150,0.05,413,5.996816486701623,10.318483115353864,6.060192710514056,1,mean
hourbias,night,absbias,150,0.05,413,5.996816486701623,10.318483115353864,6.060192710514056,1,median
hourbias,all,wmape,45,-0.2,496,5.996823356095094,10.300541993802506,6.06019949373116,13,mean
daybias,peakerr,absbias,250,0.3,52,5.996829908546157,10.309559440084053,6.0602059639818915,8,mean
daybias,peakerr,absbias,250,0.3,52,5.996829908546157,10.309559440084053,6.0602059639818915,14,mean
daybias,peakerr,absbias,250,0.3,52,5.996829908546157,10.309559440084053,6.0602059639818915,21,mean
daybias,peakerr,absbias,250,0.3,52,5.996829908546157,10.309559440084053,6.0602059639818915,30,mean
daybias,peakerr,absbias,150,0.2,273,5.9968600389526,10.284873624925634,6.06023571640315,5,mean
hourbias,all,wmape,12,0.05,837,5.996874345645213,10.297419036659672,6.060249843618667,5,mean
hourbias,all,wmape,8,0.03,1041,5.996906259348285,10.30451944866375,6.060281356965144,3,mean
hourbias,night,wmape,10,0.12,239,5.996922683201673,10.302545006399036,6.060297574781707,5,mean
hourbias,all,absbias,500,0.05,205,5.996938023433693,10.304662021665528,6.060312722570906,5,mean
hourbias,nooneve,wmape,8,0.03,813,5.996944248885706,10.301237807121543,6.06031886992478,3,mean
hourbias,night,wmape,45,-0.3,26,5.997040708695566,10.31583460520371,6.060414119648773,2,mean
hourbias,night,wmape,45,-0.3,26,5.997040708695566,10.31583460520371,6.060414119648773,2,median
hourbias,evening,absbias,100,0.15,203,5.9970515519097685,10.296237276552835,6.0604248268351295,13,mean
daybias,peakerr,absbias,150,0.15,273,5.997059890626365,10.28847663270754,6.060433060942737,5,mean
daybias,11-15,wmape,10,0.4,65,5.997071506224881,10.29104845420018,6.060444530823863,3,mean
hourbias,night,wmape,45,-0.25,26,5.997076872046675,10.311215677888015,6.060449829331558,2,mean
hourbias,night,wmape,45,-0.25,26,5.997076872046675,10.311215677888015,6.060449829331558,2,median
hourbias,evening,absbias,100,0.2,203,5.997077830687748,10.296532480900837,6.060450775946505,13,mean
daybias,11-15,absbias,400,0.1,45,5.997082000121358,10.303095938804363,6.0604548930746756,1,mean
hourbias,night,absbias,100,0.05,464,5.997103606191454,10.320698537092744,6.06047622809717,1,mean
hourbias,night,absbias,100,0.05,464,5.997103606191454,10.320698537092744,6.06047622809717,1,median
hourbias,lowday,wmape,10,0.25,479,5.997103909237648,10.313722124233841,6.060476527341658,21,median
hourbias,10-16,wmape,10,0.25,479,5.997103909237648,10.313722124233841,6.060476527341658,21,median
hourbias,peakerr,absbias,50,0.05,848,5.997107488247049,10.303954864096806,6.060480061452476,21,mean
daybias,peakerr,absbias,50,0.2,364,5.997108606415832,10.311460105635188,6.060481165593861,30,mean
hourbias,evening,none,0,0.12,460,5.997113307976489,10.29880324706325,6.060485808173559,13,mean
hourbias,night,wmape,10,0.2,239,5.9971138205138095,10.307320092060944,6.0604863142811105,5,mean
hourbias,all,none,0,0.05,2208,5.997116311729934,10.30237666252711,6.060488774244992,21,mean
hourbias,all,wmape,45,-0.3,139,5.997129169802281,10.304260472896374,6.060501471013147,13,median
hourbias,peakerr,wmape,45,-0.3,139,5.997129169802281,10.304260472896374,6.060501471013147,13,median
daybias,lowday,wmape,10,0.2,91,5.997139090783656,10.292884953470578,6.0605112675360635,3,mean
daybias,10-16,wmape,10,0.2,91,5.997139090783656,10.292884953470578,6.0605112675360635,3,mean
hourbias,nooneve,wmape,8,0.05,813,5.997144420257842,10.304775730268123,6.060516530152132,3,mean
daybias,midday,absbias,400,0.08,54,5.997149158501377,10.304661906829896,6.060521208954521,1,mean
hourbias,all,none,0,0.05,2208,5.997160553133906,10.302536062691564,6.0605324606416735,13,mean
daybias,peakerr,absbias,50,0.4,364,5.997160569046376,10.313360771186325,6.060532476354522,30,mean
hourbias,11-15,wmape,12,0.25,418,5.9971833790998925,10.309232274689409,6.060555000256497,55,median
hourbias,midday,wmape,10,0.25,474,5.997191557376559,10.313707072211372,6.06056307593689,21,median
hourbias,nooneve,wmape,12,0.05,623,5.997194595856448,10.301612512931426,6.060566076299125,3,mean
hourbias,day,wmape,12,0.25,438,5.997196785937836,10.309680748564176,6.060568238905998,55,median
hourbias,lowday,wmape,12,0.25,438,5.997196785937836,10.309680748564176,6.060568238905998,55,median
hourbias,midday,wmape,12,0.25,438,5.997196785937836,10.309680748564176,6.060568238905998,55,median
hourbias,10-16,wmape,12,0.25,438,5.997196785937836,10.309680748564176,6.060568238905998,55,median
hourbias,all,absbias,100,0.03,1291,5.997241200524048,10.310848994454508,6.060612096312351,3,mean
hourbias,nooneve,wmape,12,0.03,623,5.99725575870844,10.299443032858125,6.06062647186469,3,mean
hourbias,all,none,0,0.03,2208,5.997269779260369,10.311835362079144,6.060640316529152,3,mean
hourbias,all,absbias,250,0.05,364,5.997271450103614,10.294458262566318,6.06064196641171,5,median
hourbias,peakerr,absbias,500,0.05,146,5.9972954571977395,10.30173128814415,6.060665672337449,5,mean
hourbias,all,absbias,50,0.03,1624,5.997310625502688,10.311337179823186,6.060680650356395,3,mean
hourbias,11-15,wmape,12,0.25,418,5.997311100078793,10.309004716980368,6.060681118978958,34,median
hourbias,night,wmape,45,-0.2,26,5.997312359333344,10.309193444765429,6.06068236243619,2,mean
hourbias,night,wmape,45,-0.2,26,5.997312359333344,10.309193444765429,6.06068236243619,2,median
daybias,lowday,wmape,10,0.3,91,5.997312552325875,10.30598517401153,6.060682553007634,3,mean
daybias,10-16,wmape,10,0.3,91,5.997312552325875,10.30598517401153,6.060682553007634,3,mean
hourbias,11-15,wmape,10,0.25,430,5.997328746532929,10.314338438219746,6.0606985440587735,21,median
hourbias,all,absbias,400,0.05,175,5.997335861468293,10.292085804941339,6.060705569737453,5,median
daybias,lowday,wmape,10,0.4,77,5.997339451754873,10.304856186831136,6.060709114983979,5,mean
daybias,10-16,wmape,10,0.4,77,5.997339451754873,10.304856186831136,6.060709114983979,5,mean
hourbias,nooneve,absbias,700,0.08,115,5.997342878969331,10.305293021021843,6.060712499204119,3,mean
daybias,11-15,wmape,10,0.2,65,5.997343419054531,10.282474134842131,6.060713032513965,3,mean
hourbias,night,absbias,400,0.05,216,5.997357517170562,10.324624684037452,6.060726953769486,1,mean
hourbias,night,absbias,400,0.05,216,5.997357517170562,10.324624684037452,6.060726953769486,1,median
hourbias,day,wmape,12,0.25,455,5.997358101542629,10.309438330881223,6.060727530810621,34,median
hourbias,lowday,wmape,12,0.25,455,5.997358101542629,10.309438330881223,6.060727530810621,34,median
hourbias,midday,wmape,12,0.25,455,5.997358101542629,10.309438330881223,6.060727530810621,34,median
hourbias,10-16,wmape,12,0.25,455,5.997358101542629,10.309438330881223,6.060727530810621,34,median
hourbias,all,wmape,12,0.03,798,5.997358668253591,10.30653938254571,6.0607280904122085,3,mean
hourbias,nooneve,wmape,10,0.02,709,5.997367138379142,10.301799863319083,6.060736454280248,3,mean
hourbias,nooneve,wmape,10,0.08,709,5.997380885789247,10.311597042862905,6.060750029229443,3,mean
hourbias,peakerr,wmape,45,-0.3,418,5.997382405302541,10.302505821158089,6.0607515296804815,13,mean
hourbias,all,absbias,500,0.05,107,5.997387056637587,10.28951520085985,6.060756122664646,5,median
hourbias,peakerr,wmape,40,0.2,214,5.997388390267796,10.283450249960623,6.060757439564498,3,median
hourbias,nooneve,wmape,10,0.03,788,5.997390277642381,10.301992025359732,6.060759303262016,5,mean
daybias,peakerr,absbias,250,0.15,156,5.997395758116157,10.295973859626331,6.060764714983388,3,mean
hourbias,evening,absbias,50,0.12,299,5.997398533821118,10.299017906672066,6.0607674558672,13,mean
hourbias,night,absbias,50,0.05,543,5.9973995159055535,10.32151189678025,6.060768425631414,1,mean
hourbias,night,absbias,50,0.05,543,5.9973995159055535,10.32151189678025,6.060768425631414,1,median
hourbias,day,wmape,12,0.3,453,5.997401121043862,10.316010737453182,6.060770010633302,21,median
hourbias,lowday,wmape,12,0.3,453,5.997401121043862,10.316010737453182,6.060770010633302,21,median
hourbias,10-16,wmape,12,0.3,453,5.997401121043862,10.316010737453182,6.060770010633302,21,median
hourbias,nooneve,absbias,500,0.05,205,5.997401676907107,10.304891978488346,6.060770559523257,3,mean
hourbias,11-15,wmape,12,0.3,416,5.997410943208216,10.315612968120238,6.060779709578853,21,median
hourbias,all,absbias,50,0.05,1422,5.99742457065605,10.30239759583879,6.060793166070699,21,mean
daybias,lowday,wmape,10,0.5,35,5.997429047628082,10.308507149445413,6.060797586879231,14,mean
daybias,10-16,wmape,10,0.5,35,5.997429047628082,10.308507149445413,6.060797586879231,14,mean
hourbias,nooneve,absbias,400,0.03,292,5.997432749711438,10.301044628894394,6.060801242520046,3,mean
hourbias,nooneve,absbias,700,0.03,115,5.997435612239384,10.305616606997955,6.06080406913765,3,mean
hourbias,nooneve,absbias,250,0.05,275,5.997436074882631,10.298765540444013,6.06080452597705,5,median
hourbias,evening,absbias,500,0.12,44,5.997448025937613,10.27604106617814,6.060816327106351,3,median
daybias,midday,absbias,400,0.2,54,5.997448889694988,10.331641470309078,6.060817180027911,1,mean
hourbias,all,wmape,8,0.05,806,5.997463941842245,10.288827017645561,6.060832043346362,5,median
hourbias,midday,wmape,12,0.3,451,5.99746878274076,10.316010737453182,6.0608368235159285,21,median
hourbias,night,absbias,250,0.05,324,5.997496579159897,10.320168619946127,6.0608642712296925,1,mean
hourbias,night,absbias,250,0.05,324,5.997496579159897,10.320168619946127,6.0608642712296925,1,median
hourbias,nooneve,absbias,400,0.05,292,5.99749714417933,10.303167200856565,6.060864829160971,3,mean
hourbias,all,wmape,12,0.03,837,5.997504038082995,10.296878374544479,6.06087163658079,5,mean
hourbias,day,wmape,12,0.2,453,5.997507753917559,10.313329087874546,6.0608753058003035,21,median
hourbias,lowday,wmape,12,0.2,453,5.997507753917559,10.313329087874546,6.0608753058003035,21,median
hourbias,10-16,wmape,12,0.2,453,5.997507753917559,10.313329087874546,6.0608753058003035,21,median
daybias,11-15,absbias,250,0.4,20,5.997508491171757,10.309559440084053,6.060876033805665,8,mean
daybias,11-15,absbias,250,0.4,20,5.997508491171757,10.309559440084053,6.060876033805665,14,mean
daybias,11-15,absbias,250,0.4,20,5.997508491171757,10.309559440084053,6.060876033805665,21,mean
daybias,11-15,absbias,250,0.4,20,5.997508491171757,10.309559440084053,6.060876033805665,30,mean
daybias,11-15,absbias,400,0.08,45,5.9975139083289495,10.301338525837087,6.060881383004759,1,mean
hourbias,peakerr,wmape,45,-0.15,418,5.997514748235941,10.302487316853798,6.06088221237514,13,mean
hourbias,all,absbias,50,0.05,1489,5.997518184495891,10.302979921688427,6.060885605527295,13,mean
hourbias,nooneve,wmape,5,0.03,1036,5.997528657747996,10.305763596231303,6.0608959473927175,3,mean
hourbias,peakerr,absbias,50,0.05,860,5.997528739235166,10.302442571841055,6.060896027857633,34,mean
hourbias,peakerr,none,0,0.05,1196,5.997529700996996,10.302956110724315,6.060896977554185,34,mean
hourbias,all,wmape,45,-0.25,139,5.9975408810821325,10.304856102632778,6.0609080173854375,13,median
hourbias,peakerr,wmape,45,-0.25,139,5.9975408810821325,10.304856102632778,6.0609080173854375,13,median
hourbias,11-15,wmape,12,0.2,416,5.997547459970265,10.313063908319252,6.060914513741586,21,median
hourbias,peakerr,none,0,0.05,1196,5.997549705537417,10.304288688505906,6.060916731138153,13,mean
hourbias,midday,wmape,12,0.2,451,5.997552861715491,10.313329087874546,6.0609198477220545,21,median
hourbias,night,wmape,10,0.1,239,5.997555186535907,10.303314865531986,6.060922143377657,5,mean
daybias,lowday,absbias,250,0.3,28,5.997562935513585,10.309559440084053,6.060929795144606,8,mean
daybias,10-16,absbias,250,0.3,28,5.997562935513585,10.309559440084053,6.060929795144606,8,mean
daybias,lowday,absbias,250,0.3,28,5.997562935513585,10.309559440084053,6.060929795144606,14,mean
daybias,10-16,absbias,250,0.3,28,5.997562935513585,10.309559440084053,6.060929795144606,14,mean
daybias,lowday,absbias,250,0.3,28,5.997562935513585,10.309559440084053,6.060929795144606,21,mean
daybias,10-16,absbias,250,0.3,28,5.997562935513585,10.309559440084053,6.060929795144606,21,mean
daybias,lowday,absbias,250,0.3,28,5.997562935513585,10.309559440084053,6.060929795144606,30,mean
daybias,10-16,absbias,250,0.3,28,5.997562935513585,10.309559440084053,6.060929795144606,30,mean
daybias,lowday,absbias,400,0.5,7,5.997570266761495,10.309559440084053,6.060937034422197,5,mean
daybias,10-16,absbias,400,0.5,7,5.997570266761495,10.309559440084053,6.060937034422197,5,mean
daybias,lowday,absbias,400,0.5,7,5.997570266761495,10.309559440084053,6.060937034422197,8,mean
daybias,10-16,absbias,400,0.5,7,5.997570266761495,10.309559440084053,6.060937034422197,8,mean
daybias,lowday,absbias,400,0.5,7,5.997570266761495,10.309559440084053,6.060937034422197,14,mean
daybias,10-16,absbias,400,0.5,7,5.997570266761495,10.309559440084053,6.060937034422197,14,mean
daybias,lowday,absbias,400,0.5,7,5.997570266761495,10.309559440084053,6.060937034422197,21,mean
daybias,lowday,wmape,10,0.5,7,5.997570266761495,10.309559440084053,6.060937034422197,21,mean
daybias,10-16,absbias,400,0.5,7,5.997570266761495,10.309559440084053,6.060937034422197,21,mean
daybias,10-16,wmape,10,0.5,7,5.997570266761495,10.309559440084053,6.060937034422197,21,mean
daybias,lowday,absbias,400,0.5,7,5.997570266761495,10.309559440084053,6.060937034422197,30,mean
daybias,lowday,wmape,10,0.5,7,5.997570266761495,10.309559440084053,6.060937034422197,30,mean
daybias,10-16,absbias,400,0.5,7,5.997570266761495,10.309559440084053,6.060937034422197,30,mean
daybias,10-16,wmape,10,0.5,7,5.997570266761495,10.309559440084053,6.060937034422197,30,mean
hourbias,night,wmape,5,0.05,323,5.997574518646998,10.322710452826785,6.060941232967905,1,mean
hourbias,night,wmape,5,0.05,323,5.997574518646998,10.322710452826785,6.060941232967905,1,median
hourbias,peakerr,none,0,0.08,1196,5.997574807654737,10.302523022202951,6.060941518350049,21,mean
daybias,midday,wmape,10,0.3,78,5.997575030451978,10.298990998825829,6.060941738352303,3,mean
hourbias,all,wmape,8,0.02,1041,5.997579697271438,10.301796774257879,6.060946346626633,3,mean
hourbias,day,wmape,15,0.25,379,5.997581054545974,10.313784351970943,6.060947686874194,21,median
hourbias,lowday,wmape,15,0.25,379,5.997581054545974,10.313784351970943,6.060947686874194,21,median
hourbias,midday,wmape,15,0.25,379,5.997581054545974,10.313784351970943,6.060947686874194,21,median
hourbias,10-16,wmape,15,0.25,379,5.997581054545974,10.313784351970943,6.060947686874194,21,median
hourbias,nooneve,absbias,500,0.03,205,5.997585149221706,10.302079495473462,6.060951730182325,3,mean
hourbias,night,none,0,0.05,736,5.99758742576047,10.321725781570327,6.060953978161965,1,mean
hourbias,night,none,0,0.05,736,5.99758742576047,10.321725781570327,6.060953978161965,1,median
hourbias,nooneve,absbias,500,0.05,154,5.997590568309229,10.308643136594432,6.060957081287529,5,mean
hourbias,all,wmape,45,-0.25,496,5.997590763567303,10.300276171914089,6.060957274096097,13,mean
hourbias,nooneve,absbias,250,0.05,431,5.997615548324241,10.308376689551766,6.060981747928888,5,mean
hourbias,all,absbias,400,0.03,396,5.997625583467398,10.302428847101792,6.060991657181428,3,mean
hourbias,all,wmape,45,-0.3,134,5.997627890960277,10.306516677338722,6.0609939357268665,21,median
hourbias,peakerr,wmape,45,-0.3,134,5.997627890960277,10.306516677338722,6.0609939357268665,21,median
hourbias,evening,absbias,100,0.12,203,5.997632418483236,10.296783271459349,6.060998406452167,13,mean
hourbias,day,wmape,10,0.15,481,5.997633235229187,10.311419590027215,6.060999212952059,21,median
hourbias,peakerr,wmape,12,0.05,614,5.997644609761539,10.299808409454618,6.061010444791192,5,mean
hourbias,all,absbias,100,0.05,889,5.997649499095295,10.30210894892875,6.061015272788381,21,mean
hourbias,evening,absbias,500,0.1,44,5.997653050652231,10.277423561856205,6.061018779791123,3,median
hourbias,nooneve,absbias,100,0.03,964,5.997659101854113,10.306648794314013,6.061024755080831,3,mean
hourbias,all,none,0,0.02,2208,5.99766922556886,10.306633911141558,6.061034751793834,3,mean
hourbias,evening,none,0,0.1,460,5.997669943605676,10.299022811875382,6.061035460822898,13,mean
hourbias,all,absbias,100,0.02,1291,5.997674261298615,10.306030035409977,6.061039724350486,3,mean
daybias,lowday,wmape,10,0.3,77,5.99769487390258,10.299370787493142,6.061060078369858,5,mean
daybias,10-16,wmape,10,0.3,77,5.99769487390258,10.299370787493142,6.061060078369858,5,mean
hourbias,all,absbias,50,0.02,1624,5.997698461074926,10.306301789637585,6.06106362054122,3,mean
hourbias,peakerr,absbias,100,0.05,578,5.997698537357222,10.3039466608773,6.061063695866554,21,mean
hourbias,all,wmape,45,-0.3,114,5.997704959663419,10.308055639524309,6.061070037605082,55,median
hourbias,peakerr,wmape,45,-0.3,114,5.997704959663419,10.308055639524309,6.061070037605082,55,median
hourbias,peakerr,absbias,50,0.05,836,5.997729618197142,10.303580153989838,6.061094386798127,13,mean
hourbias,all,absbias,500,0.03,205,5.997732843191496,10.302733463244637,6.061097571335007,5,mean
hourbias,peakerr,wmape,40,0.15,214,5.997738514579988,10.285724975772508,6.061103171576076,3,median
hourbias,all,none,0,0.05,2208,5.997743378093571,10.300676781771054,6.061107974077004,34,mean
daybias,peakerr,absbias,250,0.2,156,5.99776420066331,10.296350364478151,6.061128535428134,3,mean
hourbias,11-15,wmape,10,0.25,430,5.997765254650329,10.309232274689409,6.061129576192911,55,median
hourbias,peakerr,wmape,5,0.05,933,5.997766307611022,10.304446251033545,6.06113061594424,21,mean
hourbias,all,wmape,12,0.03,767,5.99776767496021,10.322899995845969,6.061131966140066,2,mean
hourbias,all,wmape,12,0.03,767,5.99776767496021,10.322899995845969,6.061131966140066,2,median
hourbias,all,absbias,250,0.03,575,5.997768095771838,10.30280560267301,6.061132381672625,5,mean
hourbias,nooneve,none,0,0.03,1564,5.997769430380384,10.306995995713972,6.061133699538539,3,mean
hourbias,11-15,wmape,15,0.25,349,5.997769906299047,10.314338438219746,6.061134169486817,21,median
hourbias,nooneve,absbias,50,0.03,1193,5.997778511697285,10.306692989328443,6.061142666930549,3,mean
hourbias,lowday,wmape,10,0.25,450,5.997778661488271,10.309680748564176,6.0611428148424125,55,median
hourbias,midday,wmape,10,0.25,450,5.997778661488271,10.309680748564176,6.0611428148424125,55,median
hourbias,10-16,wmape,10,0.25,450,5.997778661488271,10.309680748564176,6.0611428148424125,55,median
hourbias,all,absbias,150,0.03,1048,5.997793288682931,10.309869734721728,6.061157258539286,3,mean
hourbias,all,none,0,0.03,2208,5.997794125364051,10.302803499843712,6.061158084724265,13,mean
hourbias,all,wmape,45,-0.15,496,5.997802477262096,10.302487316853798,6.061166331847959,13,mean
hourbias,all,absbias,500,0.03,276,5.997802896796385,10.304769331909396,6.0611667461192,3,mean
hourbias,all,absbias,50,0.05,1414,5.997806489063053,10.299791366841607,6.061170293320974,34,mean
hourbias,evening,none,0,0.25,460,5.997813193060324,10.302659697812368,6.061176913216769,13,mean
hourbias,all,wmape,45,-0.2,139,5.997824194273819,10.305451732369178,6.061187776420321,13,median
hourbias,peakerr,wmape,45,-0.2,139,5.997824194273819,10.305451732369178,6.061187776420321,13,median
hourbias,all,absbias,50,0.05,1195,5.997827094932546,10.294834397279523,6.061190640690358,5,median
hourbias,all,wmape,45,-0.3,169,5.997827806694037,10.308676831435026,6.061191343522818,34,median
hourbias,peakerr,wmape,45,-0.3,169,5.997827806694037,10.308676831435026,6.061191343522818,34,median
hourbias,lowday,wmape,10,0.25,470,5.997832533357964,10.309438330881223,6.061196010890866,34,median
hourbias,midday,wmape,10,0.25,470,5.997832533357964,10.309438330881223,6.061196010890866,34,median
hourbias,10-16,wmape,10,0.25,470,5.997832533357964,10.309438330881223,6.061196010890866,34,median
hourbias,night,wmape,30,0.3,42,5.9978358083816,10.301824494192878,6.061199244829415,34,mean
hourbias,lowday,wmape,10,0.2,479,5.997840198179637,10.312570857130527,6.061203579557547,21,median
hourbias,10-16,wmape,10,0.2,479,5.997840198179637,10.312570857130527,6.061203579557547,21,median
hourbias,all,wmape,5,0.03,1320,5.997841697305333,10.309993929106632,6.061205059876749,3,mean
hourbias,all,wmape,45,-0.3,157,5.997842480413091,10.304977075184214,6.0612058331604395,8,median
hourbias,all,wmape,35,0.05,268,5.997846442527772,10.291594250852716,6.061209745570493,3,median
daybias,midday,wmape,10,0.2,78,5.997851000511294,10.29222304731433,6.061214246374224,3,mean
hourbias,all,wmape,12,0.05,601,5.997853866139499,10.29116263071985,6.061217076053198,5,median
daybias,lowday,wmape,10,0.4,35,5.997857660765673,10.308717607573142,6.061220823075883,14,mean
daybias,10-16,wmape,10,0.4,35,5.997857660765673,10.308717607573142,6.061220823075883,14,mean
daybias,peakerr,absbias,50,0.15,364,5.997859654158578,10.310984939247405,6.0612227914617245,30,mean
daybias,peakerr,absbias,150,0.1,273,5.99787988220766,10.29265974612527,6.061242765750444,5,mean
hourbias,all,none,0,0.03,2208,5.997888774789337,10.304955531026723,6.061251546774909,5,mean
daybias,11-15,absbias,250,0.2,60,5.9978906534052285,10.285474518473308,6.061253401823613,3,mean
daybias,peakerr,absbias,250,0.1,156,5.997891497095463,10.297961723619624,6.061254234929774,3,mean
hourbias,11-15,wmape,10,0.25,430,5.997892975629228,10.309004716980368,6.061255694915371,34,median
hourbias,11-15,wmape,12,0.2,418,5.997895756844744,10.309297707768337,6.06125844124061,55,median
hourbias,nooneve,wmape,12,0.05,650,5.997900456445645,10.301921601091404,6.061263081885136,5,mean
daybias,peakerr,absbias,50,0.15,611,5.997903865239738,10.306234933506673,6.061266447915992,8,mean
hourbias,day,wmape,12,0.2,438,5.997906482315099,10.309656486868152,6.06126903216021,55,median
hourbias,lowday,wmape,12,0.2,438,5.997906482315099,10.309656486868152,6.06126903216021,55,median
hourbias,midday,wmape,12,0.2,438,5.997906482315099,10.309656486868152,6.06126903216021,55,median
hourbias,10-16,wmape,12,0.2,438,5.997906482315099,10.309656486868152,6.06126903216021,55,median
hourbias,evening,absbias,500,0.15,44,5.997907867420755,10.277209438154745,6.061270399889749,3,median
daybias,peakerr,absbias,150,0.3,273,5.997907901502543,10.283393823992837,6.061270433543982,5,mean
daybias,lowday,wmape,10,0.15,91,5.997915367778415,10.292765522748665,6.061277806155613,3,mean
daybias,10-16,wmape,10,0.15,91,5.997915367778415,10.292765522748665,6.061277806155613,3,mean
hourbias,lowday,wmape,10,0.3,479,5.997916429135807,10.314873391337152,6.061278854198305,21,median
hourbias,10-16,wmape,10,0.3,479,5.997916429135807,10.314873391337152,6.061278854198305,21,median
hourbias,midday,wmape,10,0.2,474,5.997916973370297,10.312558815512554,6.061279391605388,21,median
hourbias,all,absbias,700,0.05,154,5.997919234451265,10.314726471266376,6.0612816243211505,3,mean
hourbias,evening,absbias,50,0.1,299,5.997920933111721,10.29920169488273,6.061283301671954,13,mean
hourbias,night,absbias,700,0.05,107,5.997922526889711,10.312039539219233,6.061284875456041,1,mean
hourbias,night,absbias,700,0.05,107,5.997922526889711,10.312039539219233,6.061284875456041,1,median
hourbias,night,wmape,10,0.08,198,5.997925768141292,10.308987853415115,6.061288076046203,2,mean
hourbias,night,wmape,10,0.08,198,5.997925768141292,10.308987853415115,6.061288076046203,2,median
hourbias,nooneve,wmape,8,0.02,813,5.997929313442663,10.301400402675894,6.061291576871858,3,mean
daybias,midday,absbias,250,0.2,72,5.997931368511029,10.293635330571911,6.061293606159443,3,mean
hourbias,peakerr,wmape,40,0.12,214,5.997931704307519,10.286701246304045,6.0612939377433745,3,median
hourbias,peakerr,wmape,10,0.03,648,5.997940430665731,10.31305008919838,6.061302554629645,3,mean
hourbias,11-15,wmape,12,0.3,418,5.997945199884799,10.30916684161048,6.061307264018981,55,median
daybias,peakerr,absbias,50,0.1,611,5.997951548574246,10.305039972964195,6.06131353306428,8,mean
hourbias,day,wmape,12,0.3,438,5.997961288090331,10.309705010260203,6.061323150398383,55,median
hourbias,lowday,wmape,12,0.3,438,5.997961288090331,10.309705010260203,6.061323150398383,55,median
hourbias,midday,wmape,12,0.3,438,5.997961288090331,10.309705010260203,6.061323150398383,55,median
hourbias,10-16,wmape,12,0.3,438,5.997961288090331,10.309705010260203,6.061323150398383,55,median
hourbias,nooneve,absbias,250,0.03,431,5.997963712720537,10.306113292116246,6.061325544611664,5,mean
hourbias,day,wmape,10,0.15,452,5.997967874996727,10.309632225172127,6.061329654672205,55,median
hourbias,all,none,0,0.05,2208,5.9979705237799905,10.294510260358754,6.061332270226549,5,median
daybias,lowday,absbias,400,0.4,7,5.997970636072402,10.309559440084053,6.061332381110255,5,mean
daybias,10-16,absbias,400,0.4,7,5.997970636072402,10.309559440084053,6.061332381110255,5,mean
daybias,lowday,absbias,400,0.4,7,5.997970636072402,10.309559440084053,6.061332381110255,8,mean
daybias,10-16,absbias,400,0.4,7,5.997970636072402,10.309559440084053,6.061332381110255,8,mean
daybias,lowday,absbias,400,0.4,7,5.997970636072402,10.309559440084053,6.061332381110255,14,mean
daybias,10-16,absbias,400,0.4,7,5.997970636072402,10.309559440084053,6.061332381110255,14,mean
daybias,lowday,absbias,400,0.4,7,5.997970636072402,10.309559440084053,6.061332381110255,21,mean
daybias,lowday,wmape,10,0.4,7,5.997970636072402,10.309559440084053,6.061332381110255,21,mean
daybias,10-16,absbias,400,0.4,7,5.997970636072402,10.309559440084053,6.061332381110255,21,mean
daybias,10-16,wmape,10,0.4,7,5.997970636072402,10.309559440084053,6.061332381110255,21,mean
daybias,lowday,absbias,400,0.4,7,5.997970636072402,10.309559440084053,6.061332381110255,30,mean
daybias,lowday,wmape,10,0.4,7,5.997970636072402,10.309559440084053,6.061332381110255,30,mean
daybias,10-16,absbias,400,0.4,7,5.997970636072402,10.309559440084053,6.061332381110255,30,mean
daybias,10-16,wmape,10,0.4,7,5.997970636072402,10.309559440084053,6.061332381110255,30,mean
hourbias,midday,wmape,15,0.25,381,5.997971697418487,10.320721665617096,6.061333429141781,13,median
hourbias,day,wmape,15,0.25,383,5.997971697418487,10.320721665617096,6.061333429141781,13,median
hourbias,lowday,wmape,15,0.25,383,5.997971697418487,10.320721665617096,6.061333429141781,13,median
hourbias,10-16,wmape,15,0.25,383,5.997971697418487,10.320721665617096,6.061333429141781,13,median
hourbias,all,wmape,45,-0.25,134,5.997986433034386,10.30695945199101,6.061347979899753,21,median
hourbias,peakerr,wmape,45,-0.25,134,5.997986433034386,10.30695945199101,6.061347979899753,21,median
hourbias,all,absbias,100,0.05,814,5.997987339424529,10.295219300096365,6.061348874919252,5,median
hourbias,all,absbias,700,0.03,154,5.997989806875513,10.308650339443703,6.061351311416127,3,mean
hourbias,day,wmape,10,0.15,472,5.997998364104793,10.309486774562355,6.061359761295185,34,median
hourbias,all,absbias,50,0.03,1597,5.997998563462284,10.305164172001675,6.06135995815174,5,mean
hourbias,night,wmape,30,0.4,42,5.99799982662494,10.299246178895821,6.061361205468051,34,mean
hourbias,all,wmape,10,0.02,989,5.998006878492662,10.297701454796668,6.061368168870271,5,mean
hourbias,midday,wmape,10,0.3,474,5.998014950222971,10.314855328910191,6.061376139340928,21,median
hourbias,11-15,wmape,12,0.3,418,5.998017550048543,10.308893772359632,6.061378706551755,34,median
hourbias,11-15,wmape,12,0.2,418,5.998018244989478,10.309115661601107,6.061379392774674,34,median
hourbias,all,absbias,50,0.03,1489,5.998019959448511,10.30306981524183,6.061381085725862,13,mean
hourbias,11-15,wmape,10,0.2,430,5.998026724695393,10.313063908319252,6.061387766102894,21,median
hourbias,day,wmape,12,0.2,455,5.998033089447268,10.309462552721788,6.061394051009119,34,median
hourbias,lowday,wmape,12,0.2,455,5.998033089447268,10.309462552721788,6.061394051009119,34,median
hourbias,midday,wmape,12,0.2,455,5.998033089447268,10.309462552721788,6.061394051009119,34,median
hourbias,10-16,wmape,12,0.2,455,5.998033089447268,10.309462552721788,6.061394051009119,34,median
hourbias,all,wmape,25,0.05,346,5.998034139044969,10.289326815383275,6.061395087439641,3,median
hourbias,all,absbias,150,0.02,1048,5.998046703232878,10.305377195588125,6.0614074940101315,3,mean
hourbias,all,wmape,10,0.03,862,5.998049827053857,10.328269567552804,6.061410578642856,2,mean
hourbias,all,wmape,10,0.03,862,5.998049827053857,10.328269567552804,6.061410578642856,2,median
hourbias,peakerr,absbias,50,0.08,848,5.998054059957523,10.302506210977594,6.061414758444854,21,mean
hourbias,all,wmape,45,-0.25,114,5.9980567232845665,10.308306272950933,6.0614173883605265,55,median
hourbias,peakerr,wmape,45,-0.25,114,5.9980567232845665,10.308306272950933,6.0614173883605265,55,median
hourbias,peakerr,wmape,12,0.03,594,5.998065349089362,10.313904456440028,6.06142590595482,3,mean
hourbias,all,absbias,400,0.02,396,5.998066826880158,10.300536321966877,6.061427365206766,3,mean
hourbias,peakerr,absbias,500,0.03,146,5.9980702968854205,10.301891505464358,6.061430791680903,5,mean
hourbias,night,wmape,10,0.1,222,5.998079232194929,10.311290622648057,6.0614396148971785,3,mean
hourbias,all,wmape,45,-0.25,157,5.998085273613406,10.305557770630863,6.0614455805262155,8,median
daybias,midday,wmape,10,0.4,78,5.9980866691384005,10.310546279144575,6.061446958544384,3,mean
hourbias,day,wmape,15,0.25,352,5.998088674565096,10.309680748564176,6.061448938813053,55,median
hourbias,lowday,wmape,15,0.25,352,5.998088674565096,10.309680748564176,6.061448938813053,55,median
hourbias,midday,wmape,15,0.25,352,5.998088674565096,10.309680748564176,6.061448938813053,55,median
hourbias,10-16,wmape,15,0.25,352,5.998088674565096,10.309680748564176,6.061448938813053,55,median
hourbias,all,absbias,400,0.05,300,5.998093294879874,10.286390223799229,6.061453501166099,3,median
hourbias,nooneve,wmape,25,0.05,243,5.998095743496563,10.286967222772162,6.061455919064953,3,median
hourbias,day,wmape,12,0.3,455,5.998097514311553,10.309414109040658,6.061457667665114,34,median
hourbias,lowday,wmape,12,0.3,455,5.998097514311553,10.309414109040658,6.061457667665114,34,median
hourbias,midday,wmape,12,0.3,455,5.998097514311553,10.309414109040658,6.061457667665114,34,median
hourbias,10-16,wmape,12,0.3,455,5.998097514311553,10.309414109040658,6.061457667665114,34,median
hourbias,11-15,wmape,15,0.25,336,5.998100117790656,10.309232274689409,6.061460238483637,55,median
hourbias,all,absbias,150,0.05,585,5.998102459534139,10.297993191579247,6.061462550850008,21,mean
hourbias,all,wmape,5,0.02,1320,5.9981172405367165,10.305406289159881,6.0614771464252835,3,mean
hourbias,all,wmape,12,0.02,798,5.99812738067592,10.303290636616541,6.061487159356696,3,mean
hourbias,11-15,wmape,10,0.3,430,5.998129840295908,10.315612968120238,6.061489588120814,21,median
hourbias,evening,absbias,100,0.1,203,5.99813142243142,10.297346656683292,6.061491150408479,13,mean
daybias,11-15,absbias,250,0.3,60,5.99814445162241,10.286001869342352,6.061504016148596,3,mean
hourbias,night,wmape,10,0.08,239,5.9981473535075445,10.303686357135854,6.061506881629656,5,mean
hourbias,11-15,wmape,15,0.25,354,5.998150244743418,10.320390191172978,6.061509736595048,13,median
daybias,11-15,wmape,10,0.15,65,5.998150396617846,10.285566809929112,6.061509886564216,3,mean
hourbias,all,wmape,45,-0.25,169,5.9981616656867,10.30882393287653,6.061521014262889,34,median
hourbias,peakerr,wmape,45,-0.25,169,5.9981616656867,10.30882393287653,6.061521014262889,34,median
hourbias,all,absbias,400,0.05,309,5.998170947144983,10.310099103843566,6.06153017928551,5,mean
hourbias,peakerr,wmape,35,0.05,241,5.998173530942339,10.292853966415487,6.061532730669196,3,median
daybias,lowday,absbias,400,0.1,63,5.998177862087911,10.317228407940549,6.061537007480656,1,mean
daybias,10-16,absbias,400,0.1,63,5.998177862087911,10.317228407940549,6.061537007480656,1,mean
hourbias,peakerr,wmape,12,0.05,471,5.998178769701363,10.296866648844212,6.061537903708119,5,median
hourbias,all,wmape,35,0.08,268,5.998179556912738,10.289082933928361,6.061538681043946,3,median
hourbias,nooneve,absbias,250,0.03,515,5.9981802905356005,10.307595341452574,6.061539405463531,3,mean
hourbias,all,wmape,45,-0.2,157,5.9982016945460295,10.306138466077511,6.0615605409611915,8,median
hourbias,peakerr,wmape,12,0.03,614,5.998211182439643,10.299320195315838,6.061569909829421,5,mean
hourbias,all,wmape,12,0.02,767,5.998213798394493,10.313837370129624,6.061572492967184,2,mean
hourbias,all,wmape,12,0.02,767,5.998213798394493,10.313837370129624,6.061572492967184,2,median
hourbias,evening,absbias,50,0.25,299,5.99821663165686,10.303106905330733,6.061575290686345,13,mean
hourbias,all,absbias,400,0.03,300,5.998218037784219,10.291932676328328,6.061576679173871,3,median
hourbias,day,wmape,15,0.25,365,5.998218612212716,10.309018958121312,6.061577246396177,34,median
hourbias,lowday,wmape,15,0.25,365,5.998218612212716,10.309018958121312,6.061577246396177,34,median
hourbias,midday,wmape,15,0.25,365,5.998218612212716,10.309018958121312,6.061577246396177,34,median
hourbias,10-16,wmape,15,0.25,365,5.998218612212716,10.309018958121312,6.061577246396177,34,median
hourbias,all,wmape,8,0.05,1041,5.998221688357722,10.315497453822228,6.061580283951023,3,mean
daybias,peakerr,absbias,150,0.4,78,5.99822332771324,10.309559440084053,6.061581902740867,21,mean
daybias,peakerr,absbias,150,0.4,78,5.99822332771324,10.309559440084053,6.061581902740867,30,mean
hourbias,all,wmape,45,-0.2,134,5.998226940469347,10.307479449609618,6.061585470175041,21,median
hourbias,peakerr,wmape,45,-0.2,134,5.998226940469347,10.307479449609618,6.061585470175041,21,median
hourbias,11-15,wmape,15,0.25,335,5.998227891262604,10.309004716980368,6.061586409040621,34,median
hourbias,all,absbias,400,0.03,309,5.998232567134045,10.305017806775133,6.061591026253374,5,mean
hourbias,all,wmape,12,0.05,798,5.998233692340913,10.3185050092228,6.061592137344552,3,mean
hourbias,night,wmape,12,0.05,152,5.998240575366209,10.30952273169743,6.061598934022468,1,mean
hourbias,night,wmape,12,0.05,152,5.998240575366209,10.30952273169743,6.061598934022468,1,median
hourbias,peakerr,absbias,400,0.05,211,5.998245241883867,10.308200088024911,6.06160354199878,5,mean
hourbias,nooneve,absbias,400,0.02,292,5.998245878749488,10.301404899274765,6.06160417087494,3,mean
hourbias,all,absbias,250,0.05,575,5.998252917485596,10.307265357068479,6.061611121310281,5,mean
hourbias,nooneve,wmape,5,0.02,1036,5.998254714038524,10.304417595415732,6.0616128953254975,3,mean
daybias,midday,wmape,10,0.5,30,5.998256060551981,10.306535796306877,6.061614224946978,14,mean
hourbias,day,wmape,10,0.25,490,5.998268677640507,10.322320817229578,6.061626683754446,13,median
hourbias,all,wmape,30,0.05,300,5.998268891488589,10.293291802049122,6.061626894919811,3,median
hourbias,peakerr,wmape,12,0.03,563,5.998271523040921,10.326028253703718,6.061629493459384,2,mean
hourbias,peakerr,wmape,12,0.03,563,5.998271523040921,10.326028253703718,6.061629493459384,2,median
daybias,11-15,wmape,10,0.4,55,5.998273288329008,10.288764120627519,6.061631236601978,5,mean
hourbias,night,absbias,150,0.03,413,5.998275598744525,10.31300794356158,6.061633518033392,1,mean
hourbias,night,absbias,150,0.03,413,5.998275598744525,10.31300794356158,6.061633518033392,1,median
hourbias,all,wmape,8,0.03,1117,5.998276258031223,10.301352425149659,6.061634169049355,5,mean
hourbias,all,absbias,250,0.03,364,5.9982773829669895,10.298258617806281,6.0616352798728315,5,median
hourbias,peakerr,wmape,40,0.1,214,5.998278146958453,10.28815205068505,6.06163603428004,3,median
hourbias,day,wmape,15,0.2,379,5.9982788573395815,10.31262063932021,6.061636735749457,21,median
hourbias,lowday,wmape,15,0.2,379,5.9982788573395815,10.31262063932021,6.061636735749457,21,median
hourbias,midday,wmape,15,0.2,379,5.9982788573395815,10.31262063932021,6.061636735749457,21,median
hourbias,10-16,wmape,15,0.2,379,5.9982788573395815,10.31262063932021,6.061636735749457,21,median
hourbias,all,wmape,45,-0.2,114,5.998282114638024,10.308556906377557,6.061639952185171,55,median
hourbias,peakerr,wmape,45,-0.2,114,5.998282114638024,10.308556906377557,6.061639952185171,55,median
hourbias,peakerr,wmape,45,-0.3,154,5.998288931116944,10.308255779726183,6.061646683151538,8,median
daybias,peakerr,absbias,100,0.08,351,5.998294132764056,10.308025152193737,6.061651819544117,3,mean
hourbias,all,wmape,12,0.08,601,5.99829837294612,10.289129662099143,6.061656006533205,5,median
hourbias,all,absbias,250,0.03,700,5.998301132437489,10.311003946002266,6.061658731406825,3,mean
daybias,peakerr,absbias,250,0.08,156,5.998305202161409,10.298994739589542,6.06166275007616,3,mean
hourbias,night,wmape,15,0.05,122,5.998308156347499,10.315238736323094,6.061665667202062,1,mean
hourbias,night,wmape,15,0.05,122,5.998308156347499,10.315238736323094,6.061665667202062,1,median
hourbias,evening,absbias,50,0.08,305,5.998311135347672,10.309440531489512,6.061668608830755,2,mean
hourbias,evening,absbias,50,0.08,305,5.998311135347672,10.309440531489512,6.061668608830755,2,median
hourbias,all,wmape,10,0.02,862,5.998316462719906,10.317402768978527,6.061673869371238,2,mean
hourbias,all,wmape,10,0.02,862,5.998316462719906,10.317402768978527,6.061673869371238,2,median
hourbias,peakerr,none,0,0.03,1196,5.998317107590762,10.305704608592587,6.061674506152206,21,mean
hourbias,nooneve,wmape,12,0.02,623,5.998322423963353,10.300257589185128,6.061679755831038,3,mean
hourbias,evening,none,0,0.08,460,5.99832447707965,10.309702139289223,6.061681783191044,2,mean
hourbias,evening,none,0,0.08,460,5.99832447707965,10.309702139289223,6.061681783191044,2,median
hourbias,all,none,0,0.03,2208,5.998328593547086,10.30454078178059,6.061685848017499,21,mean
hourbias,day,wmape,10,0.1,589,5.998328786886265,10.306522906365975,6.061686038931242,55,mean
hourbias,day,wmape,15,0.3,379,5.998329132997312,10.314948064621676,6.061686380700336,21,median
hourbias,lowday,wmape,15,0.3,379,5.998329132997312,10.314948064621676,6.061686380700336,21,median
hourbias,midday,wmape,15,0.3,379,5.998329132997312,10.314948064621676,6.061686380700336,21,median
hourbias,10-16,wmape,15,0.3,379,5.998329132997312,10.314948064621676,6.061686380700336,21,median
hourbias,evening,absbias,50,0.1,305,5.998331839708191,10.31483949069409,6.061689053455596,2,mean
hourbias,evening,absbias,50,0.1,305,5.998331839708191,10.31483949069409,6.061689053455596,2,median
hourbias,all,absbias,150,0.05,591,5.99833975710409,10.294569436118298,6.061696871527964,5,median
hourbias,nooneve,absbias,100,0.02,964,5.998340764652232,10.305061430155718,6.061697866436439,3,mean
hourbias,nooneve,wmape,5,0.05,1036,5.998341450526741,10.31235862835503,6.061698543706671,3,mean
hourbias,peakerr,none,0,0.03,1196,5.998342388388609,10.304673738798408,6.061699469803085,13,mean
hourbias,all,absbias,500,0.02,276,5.99834566515125,10.302382156972199,6.061702705458822,3,mean
hourbias,nooneve,wmape,35,0.05,183,5.998348984957165,10.291290980787483,6.0617059836178555,3,median
hourbias,evening,none,0,0.08,460,5.998358628049215,10.300156906917971,6.061715505737561,13,mean
daybias,11-15,absbias,400,0.2,45,5.99836076426392,10.323333017827064,6.061717615153505,1,mean
hourbias,11-15,wmape,10,0.2,430,5.998361257285092,10.309297707768337,6.061718101989741,55,median
hourbias,peakerr,absbias,100,0.05,582,5.998361630567968,10.303313050597989,6.061718470589791,34,mean
daybias,lowday,wmape,10,0.2,77,5.998362262570354,10.29539379250245,6.061719094663722,5,mean
daybias,10-16,wmape,10,0.2,77,5.998362262570354,10.29539379250245,6.061719094663722,5,mean
hourbias,all,wmape,45,-0.2,169,5.998367126591198,10.308971034318034,6.0617238976655505,34,median
hourbias,peakerr,wmape,45,-0.2,169,5.998367126591198,10.308971034318034,6.0617238976655505,34,median
hourbias,day,wmape,10,0.08,589,5.998367183512895,10.306875894471894,6.061723953873164,55,mean
hourbias,midday,wmape,15,0.2,381,5.998367368509213,10.318170490237131,6.06172413654871,13,median
hourbias,day,wmape,15,0.2,383,5.998367368509213,10.318170490237131,6.06172413654871,13,median
hourbias,lowday,wmape,15,0.2,383,5.998367368509213,10.318170490237131,6.06172413654871,13,median
hourbias,10-16,wmape,15,0.2,383,5.998367368509213,10.318170490237131,6.06172413654871,13,median
hourbias,evening,absbias,500,0.08,44,5.998368734721318,10.28226772560836,6.061725485621719,3,median
hourbias,evening,none,0,0.1,460,5.998370978790599,10.315196604488666,6.0617277015392075,2,mean
hourbias,evening,none,0,0.1,460,5.998370978790599,10.315196604488666,6.0617277015392075,2,median
hourbias,nooneve,absbias,150,0.03,773,5.998371403340354,10.306566132265196,6.0617281207629965,3,mean
hourbias,lowday,wmape,10,0.2,450,5.9983719827554465,10.309656486868152,6.061728692909342,55,median
hourbias,midday,wmape,10,0.2,450,5.9983719827554465,10.309656486868152,6.061728692909342,55,median
hourbias,10-16,wmape,10,0.2,450,5.9983719827554465,10.309656486868152,6.061728692909342,55,median
hourbias,peakerr,wmape,45,-0.12,418,5.9983730088124565,10.30368210305586,6.061729706094492,13,mean
daybias,lowday,absbias,400,0.08,63,5.99837545962857,10.312531698700408,6.061732126165179,1,mean
daybias,10-16,absbias,400,0.08,63,5.99837545962857,10.312531698700408,6.061732126165179,1,mean
hourbias,nooneve,wmape,15,0.03,523,5.998379416709354,10.29918305705864,6.061736033604484,3,mean
hourbias,peakerr,absbias,150,0.05,408,5.998382971430336,10.301978584938164,6.061739543731582,21,mean
daybias,midday,absbias,250,0.15,72,5.9983831809476245,10.29514186852396,6.061739750620481,3,mean
daybias,midday,absbias,250,0.3,72,5.998385565935935,10.298243087490256,6.061742105689174,3,mean
hourbias,all,absbias,100,0.05,1030,5.998385582662607,10.301929920531833,6.0617421222060095,13,mean
hourbias,all,none,0,0.02,2208,5.9983862651569435,10.320718113660247,6.061742796138474,2,mean
hourbias,all,none,0,0.02,2208,5.9983862651569435,10.320718113660247,6.061742796138474,2,median
daybias,peakerr,absbias,50,0.08,611,5.9983869593577,10.304478658037505,6.061743481630498,8,mean
hourbias,evening,none,0,0.2,460,5.998397913046354,10.298958368536471,6.061754297905406,13,median
hourbias,nooneve,wmape,15,0.05,523,5.998399051512289,10.301179219932283,6.061755422089316,3,mean
hourbias,nooneve,none,0,0.02,1564,5.998401551129492,10.305239195070847,6.061757890348884,3,mean
daybias,all,absbias,250,0.2,96,5.9984032483335845,10.309559440084053,6.0617595662615935,8,mean
daybias,all,absbias,250,0.2,96,5.9984032483335845,10.309559440084053,6.0617595662615935,14,mean
daybias,all,absbias,250,0.2,96,5.9984032483335845,10.309559440084053,6.0617595662615935,21,mean
daybias,all,absbias,250,0.2,96,5.9984032483335845,10.309559440084053,6.0617595662615935,30,mean
hourbias,nooneve,absbias,50,0.02,1193,5.998404800979525,10.305037190813824,6.0617610994296305,3,mean
hourbias,nooneve,absbias,500,0.03,154,5.998407703746172,10.30679969271723,6.061763965781145,5,mean
hourbias,peakerr,wmape,35,0.08,241,5.998408331311391,10.289631620164304,6.061764585473572,3,median
hourbias,nooneve,wmape,8,0.05,893,5.998412045350503,10.304137200129286,6.061768252920159,5,mean
hourbias,lowday,wmape,10,0.2,470,5.998412634899535,10.309462552721788,6.061768835073314,34,median
hourbias,midday,wmape,10,0.2,470,5.998412634899535,10.309462552721788,6.061768835073314,34,median
hourbias,10-16,wmape,10,0.2,470,5.998412634899535,10.309462552721788,6.061768835073314,34,median
hourbias,all,none,0,0.02,2208,5.9984158493538855,10.303060013001488,6.061772009202415,5,mean
hourbias,midday,wmape,20,0.1,439,5.998422659548507,10.306926575153566,6.061778733963318,55,mean
daybias,peakerr,absbias,100,0.1,351,5.998424676887599,10.310729411406347,6.061780725994943,3,mean
hourbias,11-15,wmape,15,0.2,349,5.99842993874204,10.313063908319252,6.061785921839554,21,median
hourbias,night,wmape,30,0.25,42,5.998430520003191,10.303113651841405,6.061786495808796,34,mean
hourbias,all,absbias,250,0.02,575,5.998432173603129,10.301806227967026,6.061788128664366,5,mean
hourbias,all,absbias,250,0.02,700,5.998433613039779,10.306212915840607,6.06178955004332,3,mean
daybias,11-15,absbias,250,0.15,60,5.998442665445687,10.289021259450005,6.061798488887025,3,mean
hourbias,all,absbias,400,0.03,175,5.998444063439816,10.297364518406841,6.061799869343353,5,median
hourbias,night,wmape,10,0.05,198,5.9984475406626885,10.303920191151628,6.061803302944554,2,mean
hourbias,night,wmape,10,0.05,198,5.9984475406626885,10.303920191151628,6.061803302944554,2,median
hourbias,night,absbias,100,0.03,464,5.998447870438423,10.31433719660491,6.06180362858326,1,mean
hourbias,night,absbias,100,0.03,464,5.998447870438423,10.31433719660491,6.06180362858326,1,median
hourbias,peakerr,absbias,50,0.03,836,5.9984503359844465,10.304248618088769,6.061806063199069,13,mean
hourbias,nooneve,absbias,500,0.02,205,5.998450678688242,10.302094810327475,6.061806401603656,3,mean
daybias,peakerr,absbias,150,0.3,78,5.998453475612444,10.309559440084053,6.061809163440514,21,mean
daybias,peakerr,absbias,150,0.3,78,5.998453475612444,10.309559440084053,6.061809163440514,30,mean
hourbias,night,wmape,12,0.08,171,5.998453525729437,10.298383312329095,6.061809212928791,2,mean
hourbias,night,wmape,12,0.08,171,5.998453525729437,10.298383312329095,6.061809212928791,2,median
hourbias,midday,wmape,20,0.1,439,5.998459866582968,10.305324810552504,6.061815474236475,34,mean
hourbias,all,wmape,15,0.05,714,5.998462853766083,10.299888637600858,6.061818423945454,5,mean
daybias,all,absbias,250,0.08,288,5.998479593331808,10.288477368198254,6.061834953513752,3,mean
hourbias,all,absbias,500,0.08,107,5.998482078898307,10.28609901996626,6.0618374078988815,5,median
hourbias,11-15,wmape,10,0.2,430,5.998483745429826,10.309115661601107,6.061839053523805,34,median
hourbias,day,none,0,0.08,736,5.998484923020678,10.307481061216917,6.061840216341809,55,mean
hourbias,all,absbias,50,0.02,1597,5.998490603940611,10.30319910698479,6.061845825994746,5,mean
hourbias,peakerr,absbias,400,0.03,211,5.998494324833711,10.305291120673811,6.061849500209339,5,mean
daybias,11-15,absbias,250,0.3,20,5.9984951218448375,10.309559440084053,6.0618502872219775,8,mean
daybias,11-15,absbias,250,0.3,20,5.9984951218448375,10.309559440084053,6.0618502872219775,14,mean
daybias,11-15,absbias,250,0.3,20,5.9984951218448375,10.309559440084053,6.0618502872219775,21,mean
daybias,11-15,absbias,250,0.3,20,5.9984951218448375,10.309559440084053,6.0618502872219775,30,mean
hourbias,night,absbias,500,0.05,168,5.998495187218638,10.320502206197775,6.061850351775668,1,mean
hourbias,night,absbias,500,0.05,168,5.998495187218638,10.320502206197775,6.061850351775668,1,median
hourbias,night,wmape,10,0.08,222,5.99850034124719,10.309707579554441,6.0618554411470615,3,mean
daybias,peakerr,absbias,150,0.08,273,5.998500747507166,10.295719449018971,6.061855842310516,5,mean
hourbias,peakerr,absbias,50,0.03,848,5.998504995279504,10.30568719180481,6.061860036794657,21,mean
hourbias,11-15,wmape,15,0.3,349,5.998506018186293,10.315612968120238,6.061861046869108,21,median
hourbias,all,absbias,50,0.03,1195,5.998507132446928,10.298286076739373,6.061862147151372,5,median
hourbias,morning,absbias,1000,0.05,23,5.998507476545664,10.307005405946597,6.061862486933397,5,mean
hourbias,7-10,absbias,1000,0.05,23,5.998507476545664,10.307005405946597,6.061862486933397,5,mean
daybias,midday,wmape,10,0.4,66,5.998508114927656,10.302447290154522,6.061863117306903,5,mean
daybias,lowday,wmape,10,0.4,91,5.998509210959917,10.324811997763131,6.0618641995894675,3,mean
daybias,10-16,wmape,10,0.4,91,5.998509210959917,10.324811997763131,6.0618641995894675,3,mean
hourbias,nooneve,wmape,12,0.03,650,5.998509677775828,10.301940776238704,6.061864660549185,5,mean
hourbias,11-15,wmape,15,0.2,354,5.998510206369159,10.317905310681835,6.061865182511324,13,median
hourbias,day,wmape,10,0.12,481,5.998512365771061,10.310748535190104,6.061867314823585,21,median
hourbias,day,wmape,20,0.25,307,5.998512500659206,10.309018958121312,6.061867448019562,34,median
hourbias,lowday,wmape,20,0.25,307,5.998512500659206,10.309018958121312,6.061867448019562,34,median
hourbias,midday,wmape,20,0.25,307,5.998512500659206,10.309018958121312,6.061867448019562,34,median
hourbias,10-16,wmape,20,0.25,307,5.998512500659206,10.309018958121312,6.061867448019562,34,median
hourbias,peakerr,wmape,5,0.05,947,5.998515685325033,10.303273406850558,6.061870592733839,13,mean
hourbias,nooneve,absbias,250,0.08,275,5.998518872250745,10.301183509896719,6.061873739679646,5,median
daybias,midday,absbias,100,0.1,162,5.998518975305531,10.298484389953122,6.061873841441613,3,mean
hourbias,peakerr,wmape,45,-0.25,154,5.9985197757881945,10.308290024415836,6.061874631882241,8,median
daybias,midday,absbias,150,0.5,36,5.998522862388366,10.309559440084053,6.061877679761092,21,mean
daybias,midday,absbias,150,0.5,36,5.998522862388366,10.309559440084053,6.061877679761092,30,mean
hourbias,day,none,0,0.08,736,5.998523809625808,10.307098392721294,6.061878615115464,34,mean
hourbias,all,wmape,45,-0.12,496,5.998524298259062,10.30368210305586,6.061879097618825,13,mean
hourbias,evening,absbias,100,0.2,111,5.998526040139056,10.297539611835724,6.061880817646981,13,median
daybias,midday,absbias,400,0.05,54,5.9985266987835715,10.303672330983922,6.061881468028816,1,mean
daybias,midday,wmape,10,0.15,78,5.998531082710418,10.292878494283258,6.0618857969594115,3,mean
hourbias,all,wmape,10,0.05,687,5.998534531936623,10.292732894053431,6.061889202915164,5,median
hourbias,nooneve,wmape,8,0.03,893,5.998542432675029,10.303404504345929,6.061897004539006,5,mean
hourbias,nooneve,absbias,250,0.03,275,5.9985472253209515,10.30115814426663,6.061901737061307,5,median
hourbias,all,absbias,50,0.03,1422,5.998549374052731,10.304601508239498,6.061903858837301,21,mean
hourbias,peakerr,none,0,0.05,1196,5.9985517187032755,10.304132034258593,6.061906174074264,55,mean
hourbias,all,absbias,500,0.03,364,5.998551820595133,10.315063071246556,6.06190627468789,2,mean
hourbias,all,absbias,500,0.03,364,5.998551820595133,10.315063071246556,6.06190627468789,2,median
hourbias,evening,absbias,100,0.25,203,5.998552163829097,10.298366613391254,6.061906613615993,13,mean
daybias,all,absbias,250,0.3,96,5.998552775490021,10.309559440084053,6.061907217603645,8,mean
daybias,all,absbias,250,0.3,96,5.998552775490021,10.309559440084053,6.061907217603645,14,mean
daybias,all,absbias,250,0.3,96,5.998552775490021,10.309559440084053,6.061907217603645,21,mean
daybias,all,absbias,250,0.3,96,5.998552775490021,10.309559440084053,6.061907217603645,30,mean
hourbias,peakerr,absbias,250,0.05,204,5.998555278200707,10.293768062057474,6.061909688917892,5,median
hourbias,evening,none,0,0.25,460,5.998556574834819,10.301085797957471,6.06191096928576,13,median
hourbias,all,absbias,250,0.02,857,5.998556904945317,10.318495546301829,6.06191129525503,1,mean
hourbias,all,absbias,250,0.02,857,5.998556904945317,10.318495546301829,6.06191129525503,1,median
hourbias,night,wmape,45,-0.15,26,5.998556962524164,10.309284943595085,6.061911352111552,2,mean
hourbias,night,wmape,45,-0.15,26,5.998556962524164,10.309284943595085,6.061911352111552,2,median
hourbias,11-15,wmape,20,0.25,283,5.998558652805437,10.309004716980368,6.061913021188291,34,median
daybias,11-15,wmape,10,0.5,55,5.9985598693567805,10.293882912912535,6.061914222478028,5,mean
hourbias,peakerr,wmape,10,0.02,648,5.998561465208155,10.30847766190553,6.061915798309487,3,mean
hourbias,evening,absbias,400,0.1,57,5.998561787371357,10.275796505637858,6.06191611643116,3,median
hourbias,evening,absbias,50,0.08,299,5.998566063862513,10.300300013323847,6.0619203392738426,13,mean
hourbias,all,absbias,100,0.03,1030,5.998570058044087,10.302442120488456,6.061924283348509,13,mean
daybias,all,absbias,100,0.05,648,5.998576293530047,10.301111568977499,6.061930440610457,3,mean
hourbias,all,absbias,400,0.02,591,5.998578429210689,10.32010373408258,6.06193254949904,1,mean
hourbias,all,absbias,400,0.02,591,5.998578429210689,10.32010373408258,6.06193254949904,1,median
hourbias,all,absbias,50,0.02,1620,5.998578429408494,10.320597541258127,6.061932549694363,2,mean
hourbias,all,absbias,50,0.02,1620,5.998578429408494,10.320597541258127,6.061932549694363,2,median
hourbias,nooneve,wmape,8,0.05,615,5.998578835848461,10.294428431764091,6.06193295103555,5,median
hourbias,peakerr,wmape,5,0.05,943,5.998581327927121,10.303845248358538,6.061935411851147,34,mean
daybias,11-15,wmape,10,0.5,65,5.998581675509613,10.302427129585581,6.061935755073226,3,mean
hourbias,all,wmape,8,0.03,806,5.9985834027558065,10.294969836136339,6.0619374606511585,5,median
hourbias,all,none,0,0.03,2208,5.998584413436057,10.298112788502428,6.0619384586524525,5,median
hourbias,nooneve,wmape,10,0.02,788,5.998585584188173,10.302301706729091,6.061939614717512,5,mean
hourbias,evening,absbias,100,0.25,111,5.998596469634621,10.299134744576154,6.061950363606311,13,median
hourbias,all,none,0,0.03,2208,5.998597141951413,10.303815544392652,6.061951027488905,34,mean
hourbias,all,wmape,15,0.03,684,5.9985990532000635,10.307248347108944,6.0619529147609885,3,mean
hourbias,evening,absbias,150,0.15,124,5.998604116413084,10.292597299052078,6.061957914456132,13,mean
hourbias,nooneve,absbias,400,0.05,227,5.998605459082661,10.311404392184938,6.061959240281952,5,mean
hourbias,nooneve,absbias,700,0.02,115,5.998606423505426,10.305406652105855,6.061960192606057,3,mean
daybias,11-15,wmape,10,0.3,55,5.99860677241976,10.288265727178041,6.061960537143271,5,mean
hourbias,all,absbias,500,0.02,205,5.99860738333753,10.30236285785081,6.061961140397092,5,mean
hourbias,night,wmape,10,0.12,222,5.998607452474845,10.315597150395298,6.061961208667081,3,mean
hourbias,11-15,wmape,20,0.25,271,5.998609265227451,10.309232274689409,6.061962998678752,55,median
hourbias,all,wmape,12,0.02,837,5.9986106239099914,10.297923180272983,6.0619643403166545,5,mean
hourbias,day,wmape,12,0.15,453,5.998612958199669,10.311988263085228,6.0619666453227286,21,median
hourbias,lowday,wmape,12,0.15,453,5.998612958199669,10.311988263085228,6.0619666453227286,21,median
hourbias,10-16,wmape,12,0.15,453,5.998612958199669,10.311988263085228,6.0619666453227286,21,median
hourbias,all,absbias,500,0.05,276,5.998615262238656,10.313866600807389,6.061968920457605,3,mean
hourbias,all,absbias,100,0.03,814,5.998622260404443,10.298517018429479,6.061975830831579,5,median
hourbias,peakerr,wmape,45,-0.2,154,5.998624248191751,10.30832426910549,6.061977793682146,8,median
hourbias,night,wmape,8,0.12,299,5.9986243467390326,10.311500739314194,6.061977890993154,5,mean
hourbias,night,absbias,50,0.03,543,5.998625416266885,10.314825212417414,6.061978947103806,1,mean
hourbias,night,absbias,50,0.03,543,5.998625416266885,10.314825212417414,6.061978947103806,1,median
hourbias,midday,wmape,20,0.12,439,5.998626558215435,10.306630237569212,6.061980074726641,55,mean
daybias,midday,absbias,250,0.2,24,5.9986267485290945,10.309559440084053,6.06198026265282,8,mean
daybias,midday,absbias,250,0.2,24,5.9986267485290945,10.309559440084053,6.06198026265282,14,mean
daybias,midday,absbias,250,0.2,24,5.9986267485290945,10.309559440084053,6.06198026265282,21,mean
daybias,midday,absbias,250,0.2,24,5.9986267485290945,10.309559440084053,6.06198026265282,30,mean
daybias,midday,absbias,50,0.1,330,5.998626804057132,10.299452969151192,6.0619803174842595,3,mean
hourbias,midday,wmape,20,0.12,439,5.998626889434069,10.304954384922832,6.061980401790146,34,mean
daybias,all,absbias,250,0.1,288,5.9986303626898785,10.2868137447222,6.061983831474049,3,mean
hourbias,all,none,0,0.03,2208,5.9986315743310925,10.33361673095202,6.061985027915257,2,mean
hourbias,all,none,0,0.03,2208,5.9986315743310925,10.33361673095202,6.061985027915257,2,median
hourbias,all,absbias,100,0.02,1309,5.998632490036848,10.321878656838193,6.0619859321335055,2,mean
hourbias,all,absbias,100,0.02,1309,5.998632490036848,10.321878656838193,6.0619859321335055,2,median
daybias,peakerr,absbias,250,0.2,52,5.998639755120348,10.309559440084053,6.0619931060767165,8,mean
daybias,peakerr,absbias,250,0.2,52,5.998639755120348,10.309559440084053,6.0619931060767165,14,mean
daybias,peakerr,absbias,250,0.2,52,5.998639755120348,10.309559440084053,6.0619931060767165,21,mean
daybias,peakerr,absbias,250,0.2,52,5.998639755120348,10.309559440084053,6.0619931060767165,30,mean
hourbias,night,wmape,8,0.15,299,5.9986397682225245,10.314215386888185,6.061993119014528,5,mean
hourbias,day,wmape,20,0.25,275,5.9986405616750345,10.309465479341064,6.061993902513194,55,median
hourbias,lowday,wmape,20,0.25,275,5.9986405616750345,10.309465479341064,6.061993902513194,55,median
hourbias,midday,wmape,20,0.25,275,5.9986405616750345,10.309465479341064,6.061993902513194,55,median
hourbias,10-16,wmape,20,0.25,275,5.9986405616750345,10.309465479341064,6.061993902513194,55,median
hourbias,11-15,wmape,12,0.15,416,5.998642737739198,10.311789378418759,6.0619960512786895,21,median
hourbias,nooneve,wmape,30,0.05,207,5.998643308284749,10.291868659596714,6.061996614666761,3,median
hourbias,11-15,wmape,10,0.3,430,5.998643450545322,10.30916684161048,6.061996755142678,55,median
hourbias,midday,wmape,12,0.15,451,5.998646789048117,10.311988263085228,6.062000051764041,21,median
hourbias,nooneve,absbias,100,0.05,964,5.998647364413291,10.313622115357905,6.062000619911272,3,mean
hourbias,all,absbias,400,0.03,591,5.998647927453293,10.331501748386076,6.062001175887953,1,mean
hourbias,all,absbias,400,0.03,591,5.998647927453293,10.331501748386076,6.062001175887953,1,median
hourbias,peakerr,wmape,30,0.05,397,5.998652613837369,10.294486509363953,6.062005803481458,5,mean
hourbias,peakerr,wmape,35,0.1,241,5.998652899047083,10.288026576548083,6.062006085113224,3,median
hourbias,nooneve,absbias,700,0.05,51,5.998656201129789,10.296617540047121,6.062009345771385,5,median
hourbias,midday,wmape,20,0.08,439,5.998656286787208,10.305937597623501,6.062009430354235,34,mean
hourbias,all,absbias,50,0.03,1414,5.99865810887277,10.303263101519471,6.062011229581779,34,mean
hourbias,lowday,wmape,10,0.3,450,5.998659538750853,10.309705010260203,6.062012641522079,55,median
hourbias,midday,wmape,10,0.3,450,5.998659538750853,10.309705010260203,6.062012641522079,55,median
hourbias,10-16,wmape,10,0.3,450,5.998659538750853,10.309705010260203,6.062012641522079,55,median
daybias,11-15,absbias,100,0.1,135,5.998660784955132,10.294183875907718,6.062013872092757,3,mean
hourbias,peakerr,absbias,400,0.03,253,5.99866153509989,10.313977301116058,6.0620146128269665,3,mean
daybias,midday,absbias,400,0.5,6,5.998661838517004,10.309559440084053,6.0620149124377205,5,mean
daybias,midday,absbias,400,0.5,6,5.998661838517004,10.309559440084053,6.0620149124377205,8,mean
daybias,midday,absbias,400,0.5,6,5.998661838517004,10.309559440084053,6.0620149124377205,14,mean
daybias,midday,absbias,400,0.5,6,5.998661838517004,10.309559440084053,6.0620149124377205,21,mean
daybias,midday,wmape,10,0.5,6,5.998661838517004,10.309559440084053,6.0620149124377205,21,mean
daybias,midday,absbias,400,0.5,6,5.998661838517004,10.309559440084053,6.0620149124377205,30,mean
daybias,midday,wmape,10,0.5,6,5.998661838517004,10.309559440084053,6.0620149124377205,30,mean
hourbias,all,absbias,150,0.05,690,5.998664825278035,10.299495607732366,6.062017861729911,13,mean
hourbias,lowday,wmape,10,0.3,470,5.998666832489955,10.309414109040658,6.062019843761409,34,median
hourbias,midday,wmape,10,0.3,470,5.998666832489955,10.309414109040658,6.062019843761409,34,median
hourbias,10-16,wmape,10,0.3,470,5.998666832489955,10.309414109040658,6.062019843761409,34,median
hourbias,evening,absbias,100,0.1,201,5.998667437518378,10.28819877813199,6.062020441199767,3,median
hourbias,peakerr,wmape,5,0.08,933,5.99867066559469,10.302836538521404,6.062023628779944,21,mean
hourbias,day,wmape,15,0.2,352,5.998675123523416,10.309656486868152,6.062028030784066,55,median
hourbias,lowday,wmape,15,0.2,352,5.998675123523416,10.309656486868152,6.062028030784066,55,median
hourbias,midday,wmape,15,0.2,352,5.998675123523416,10.309656486868152,6.062028030784066,55,median
hourbias,10-16,wmape,15,0.2,352,5.998675123523416,10.309656486868152,6.062028030784066,55,median
hourbias,all,absbias,250,0.03,857,5.998675619192818,10.329089466714954,6.062028520235308,1,mean
hourbias,all,absbias,250,0.03,857,5.998675619192818,10.329089466714954,6.062028520235308,1,median
hourbias,midday,wmape,12,0.1,491,5.998679778459614,10.306926575153566,6.062032627324207,55,mean
hourbias,all,absbias,500,0.02,364,5.998682622823641,10.309008592679538,6.06203543600576,2,mean
hourbias,all,absbias,500,0.02,364,5.998682622823641,10.309008592679538,6.06203543600576,2,median
hourbias,11-15,wmape,15,0.2,336,5.998684278103863,10.309297707768337,6.062037070520534,55,median
hourbias,nooneve,wmape,20,0.05,404,5.998684340479113,10.290880563399302,6.0620371321132875,3,mean
hourbias,peakerr,none,0,0.03,1196,5.998685681256394,10.305334464375111,6.062038456070552,34,mean
hourbias,peakerr,absbias,100,0.05,601,5.9986879488375955,10.303848498984072,6.0620406952050025,13,mean
hourbias,peakerr,wmape,35,0.05,222,5.998688332216881,10.296696325490387,6.062041073774806,5,median
hourbias,peakerr,absbias,50,0.03,860,5.998688508389613,10.305005147129638,6.062041247737456,34,mean
hourbias,night,absbias,400,0.03,216,5.998690487110877,10.316943784301612,6.062043201635711,1,mean
hourbias,night,absbias,400,0.03,216,5.998690487110877,10.316943784301612,6.062043201635711,1,median
hourbias,evening,absbias,400,0.12,57,5.998691809111323,10.274979810240014,6.062044507051696,3,median
hourbias,all,absbias,50,0.02,1570,5.998692237630256,10.320224527463619,6.062044930194869,1,mean
hourbias,all,absbias,50,0.02,1570,5.998692237630256,10.320224527463619,6.062044930194869,1,median
hourbias,peakerr,wmape,40,0.08,214,5.998693542859159,10.289731999473878,6.062046219049709,3,median
daybias,midday,wmape,10,0.3,66,5.99869392353822,10.297865155435057,6.06204659495316,5,mean
hourbias,day,wmape,5,0.08,677,5.998695708145497,10.307098392721294,6.062048357172585,34,mean
hourbias,peakerr,wmape,12,0.05,594,5.998697576865263,10.32663274104102,6.062050202449308,3,mean
hourbias,peakerr,wmape,12,0.08,471,5.998698354058125,10.297511729512133,6.062050969892305,5,median
hourbias,night,wmape,10,0.1,198,5.998698370783278,10.31524948864476,6.062050986407642,2,mean
hourbias,night,wmape,10,0.1,198,5.998698370783278,10.31524948864476,6.062050986407642,2,median
daybias,midday,absbias,100,0.08,162,5.998702582678403,10.298591629222637,6.062055145464649,3,mean
hourbias,day,wmape,10,0.12,452,5.998704821310486,10.309617668154512,6.062057356013152,55,median
hourbias,day,wmape,10,0.08,590,5.998705528594915,10.306962303725669,6.062058054424714,34,mean
daybias,midday,absbias,100,0.15,162,5.998707655433219,10.298810967710835,6.062060154581885,3,mean
hourbias,day,wmape,20,0.1,510,5.9987090406784445,10.307069768752587,6.062061522449244,55,mean
hourbias,lowday,wmape,20,0.1,510,5.9987090406784445,10.307069768752587,6.062061522449244,55,mean
hourbias,10-16,wmape,20,0.1,510,5.9987090406784445,10.307069768752587,6.062061522449244,55,mean
hourbias,night,wmape,12,0.05,171,5.998710244150615,10.297292352972866,6.062062710823887,2,mean
hourbias,night,wmape,12,0.05,171,5.998710244150615,10.297292352972866,6.062062710823887,2,median
hourbias,peakerr,wmape,12,0.02,563,5.998710665772176,10.31667908078973,6.062063127156216,2,mean
hourbias,peakerr,wmape,12,0.02,563,5.998710665772176,10.31667908078973,6.062063127156216,2,median
hourbias,peakerr,wmape,40,0.15,192,5.998711021962615,10.291746018948912,6.062063478878255,5,median
hourbias,all,wmape,35,0.05,234,5.99871296424681,10.298895626795026,6.062065396796544,5,median
hourbias,peakerr,wmape,10,0.05,522,5.998714940952513,10.298816725798563,6.062067348704523,5,median
hourbias,11-15,wmape,10,0.3,430,5.998715800709064,10.308893772359632,6.062068197675453,34,median
hourbias,peakerr,wmape,30,0.05,265,5.998715993303561,10.296720342941386,6.062068387853855,3,median
hourbias,midday,wmape,20,0.08,439,5.9987178907729355,10.307222912737917,6.062070261519524,55,mean
daybias,peakerr,wmape,5,0.1,819,5.998719395853085,10.303625773595321,6.062071747718481,8,mean
hourbias,day,wmape,10,0.2,490,5.998719949115366,10.319449811527118,6.062072294040102,13,median
hourbias,peakerr,none,0,0.03,1196,5.998720005066749,10.309954171805478,6.0620723492895765,8,mean
hourbias,night,wmape,8,0.1,272,5.998722653498791,10.306550927002583,6.062074964497105,3,mean
hourbias,nooneve,absbias,250,0.02,515,5.998723829893403,10.305772040980216,6.062076126133877,3,mean
hourbias,all,wmape,20,0.03,545,5.998724732807331,10.298435585538124,6.062077017720772,3,mean
daybias,peakerr,wmape,5,0.2,845,5.998726287063395,10.308523099213557,6.062078552478733,30,mean
hourbias,night,absbias,250,0.03,324,5.998727732420537,10.314270145846818,6.062079979703908,1,mean
hourbias,night,absbias,250,0.03,324,5.998727732420537,10.314270145846818,6.062079979703908,1,median
hourbias,day,wmape,10,0.12,472,5.998730395967222,10.309501307666693,6.062082609836466,34,median
hourbias,all,wmape,12,0.03,691,5.998731920754759,10.32134664024527,6.0620841154955825,1,mean
hourbias,all,wmape,12,0.03,691,5.998731920754759,10.32134664024527,6.0620841154955825,1,median
hourbias,all,wmape,12,0.02,691,5.998733909726093,10.313329934307705,6.062086079515323,1,mean
hourbias,all,wmape,12,0.02,691,5.998733909726093,10.313329934307705,6.062086079515323,1,median
hourbias,nooneve,wmape,25,0.05,344,5.998734127440755,10.289160697586388,6.062086294498757,3,mean
hourbias,night,none,0,0.03,736,5.998735964413134,10.314953543291459,6.062088108426366,1,mean
hourbias,night,none,0,0.03,736,5.998735964413134,10.314953543291459,6.062088108426366,1,median
hourbias,all,wmape,8,0.05,1117,5.99873689499715,10.30553497881044,6.062089027336228,5,mean
hourbias,day,absbias,50,0.08,495,5.998739759298027,10.30603874153268,6.062091855704523,34,mean
daybias,11-15,absbias,100,0.15,135,5.998740328252794,10.292360196642731,6.062092417521766,3,mean
hourbias,night,wmape,5,0.03,323,5.9987408249834715,10.315544346045332,6.062092908020973,1,mean
hourbias,night,wmape,5,0.03,323,5.9987408249834715,10.315544346045332,6.062092908020973,1,median
hourbias,all,none,0,0.02,2208,5.998742269628186,10.320420368737429,6.062094334542655,1,mean
hourbias,all,none,0,0.02,2208,5.998742269628186,10.320420368737429,6.062094334542655,1,median
hourbias,all,absbias,100,0.05,873,5.9987423463752405,10.299671908805404,6.062094410326918,34,mean
hourbias,evening,absbias,50,0.2,182,5.998743742904142,10.298687066839046,6.0620957893364,13,median
daybias,midday,absbias,50,0.08,330,5.998743956812824,10.299276333398122,6.062096000561604,3,mean
hourbias,nooneve,absbias,1000,0.05,59,5.99874642885074,10.302640935669716,6.0620984415878665,3,mean
hourbias,all,absbias,100,0.03,889,5.998746703173671,10.304531476232071,6.0620987124694246,21,mean
hourbias,peakerr,wmape,10,0.05,700,5.998747149057036,10.305929179665899,6.062099152759193,5,mean
hourbias,all,absbias,500,0.03,107,5.99875079946381,10.296351987148851,6.062102757371705,5,median
hourbias,all,absbias,150,0.03,945,5.9987525447545265,10.303960135085743,6.062104480767795,5,mean
hourbias,evening,absbias,100,0.08,203,5.998753157839794,10.298824572137688,6.062105086161924,13,mean
hourbias,peakerr,absbias,50,0.08,860,5.99875344632023,10.299152821546835,6.06210537102338,34,mean
hourbias,peakerr,absbias,50,0.03,855,5.998753898309692,10.31003746374287,6.062105817342645,8,mean
daybias,11-15,absbias,400,0.05,45,5.998754667425803,10.301595217863417,6.062106576810216,1,mean
hourbias,day,none,0,0.05,736,5.998755847647156,10.307590176035982,6.062107742225722,34,mean
hourbias,11-15,wmape,15,0.25,355,5.998761833036512,10.322508819030315,6.062113652528519,8,median
hourbias,all,wmape,8,0.02,964,5.998762841678205,10.314050301355174,6.062114648516827,2,mean
hourbias,all,wmape,8,0.02,964,5.998762841678205,10.314050301355174,6.062114648516827,2,median
hourbias,peakerr,wmape,10,0.03,700,5.998767538675609,10.30303196037087,6.0621192865905185,5,mean
hourbias,peakerr,wmape,12,0.02,594,5.998771132027905,10.309126461530152,6.0621228348643,3,mean
hourbias,all,wmape,30,0.05,602,5.998772082763702,10.30396692074755,6.062123773673142,34,mean
hourbias,peakerr,none,0,0.08,1196,5.998774390800517,10.299942692886782,6.0621260527556915,34,mean
hourbias,peakerr,wmape,50,-0.25,410,5.998774994688957,10.300276171914089,6.062126649068368,13,mean
daybias,lowday,absbias,250,0.2,84,5.998775430616821,10.29725680532791,6.062127079527527,3,mean
daybias,10-16,absbias,250,0.2,84,5.998775430616821,10.29725680532791,6.062127079527527,3,mean
hourbias,day,wmape,15,0.2,365,5.998776628289846,10.309127054513862,6.062128262175775,34,median
hourbias,lowday,wmape,15,0.2,365,5.998776628289846,10.309127054513862,6.062128262175775,34,median
hourbias,midday,wmape,15,0.2,365,5.998776628289846,10.309127054513862,6.062128262175775,34,median
hourbias,10-16,wmape,15,0.2,365,5.998776628289846,10.309127054513862,6.062128262175775,34,median
hourbias,all,absbias,100,0.02,1285,5.998779071814963,10.319736035492275,6.06213067504693,1,mean
hourbias,all,absbias,100,0.02,1285,5.998779071814963,10.319736035492275,6.06213067504693,1,median
hourbias,all,absbias,700,0.02,154,5.998779574840259,10.30632465002296,6.062131171761788,3,mean
hourbias,12-13,wmape,45,-0.3,133,5.9987830990356485,10.295388386818216,6.062134651746235,13,mean
hourbias,12-13,wmape,50,-0.3,133,5.9987830990356485,10.295388386818216,6.062134651746235,13,mean
hourbias,nooneve,absbias,250,0.02,431,5.998785203177082,10.305049217900098,6.062136729491268,5,mean
hourbias,all,wmape,15,0.03,714,5.998785929323664,10.299026928298707,6.06213744652836,5,mean
hourbias,all,absbias,150,0.02,1105,5.9987927450805785,10.318491434950412,6.062144176781778,1,mean
hourbias,all,absbias,150,0.02,1105,5.9987927450805785,10.318491434950412,6.062144176781778,1,median
hourbias,peakerr,wmape,50,-0.2,410,5.998794405793402,10.300541993802506,6.062145816661,13,mean
hourbias,all,absbias,150,0.03,690,5.998796762908162,10.301063658078752,6.062148144205815,13,mean
hourbias,all,none,0,0.08,2208,5.998799361894418,10.301154884981386,6.062150710587856,21,mean
hourbias,night,absbias,150,0.08,413,5.998801045259248,10.33285896037433,6.062152372834915,1,mean
hourbias,night,absbias,150,0.08,413,5.998801045259248,10.33285896037433,6.062152372834915,1,median
hourbias,11-15,wmape,15,0.2,335,5.998806808243036,10.309115661601107,6.062158063522218,34,median
hourbias,all,absbias,400,0.05,396,5.998809527574403,10.310726552185987,6.062160748739641,3,mean
daybias,lowday,absbias,400,0.15,63,5.998811720012989,10.335388373842745,6.062162913674141,1,mean
daybias,10-16,absbias,400,0.15,63,5.998811720012989,10.335388373842745,6.062162913674141,1,mean
hourbias,day,wmape,5,0.08,678,5.9988143043112,10.307481061216917,6.062165465552397,55,mean
hourbias,12-13,wmape,40,-0.3,134,5.998814934304617,10.295388386818216,6.062166087642563,13,mean
hourbias,all,absbias,100,0.03,1208,5.998816701969617,10.304795213713922,6.062167833132251,5,mean
hourbias,all,absbias,400,0.02,309,5.9988191357740455,10.303343918619857,6.062170236404665,5,mean
hourbias,peakerr,absbias,100,0.05,417,5.998819343405453,10.295772303170194,6.0621704414313395,5,median
hourbias,nooneve,absbias,150,0.02,773,5.9988200154713995,10.305006322123175,6.062171105066237,3,mean
daybias,lowday,wmape,10,0.5,77,5.998821451161893,10.318882607561033,6.062172522746029,5,mean
daybias,10-16,wmape,10,0.5,77,5.998821451161893,10.318882607561033,6.062172522746029,5,mean
hourbias,nooneve,absbias,150,0.05,441,5.998826893552955,10.300214659738385,6.062177896862433,5,median
hourbias,peakerr,wmape,40,0.12,192,5.998827883427742,10.292607174084969,6.062178874319265,5,median
hourbias,evening,absbias,150,0.2,124,5.998828385618787,10.29163903883991,6.062179370210338,13,mean
hourbias,peakerr,absbias,100,0.08,578,5.998831271089921,10.302493085826383,6.062182219483311,21,mean
hourbias,11-15,wmape,12,0.15,418,5.998831440881328,10.309363140847266,6.062182387144689,55,median
hourbias,all,absbias,150,0.02,1087,5.998834067504731,10.32018390964515,6.062184980817166,2,mean
hourbias,all,absbias,150,0.02,1087,5.998834067504731,10.32018390964515,6.062184980817166,2,median
daybias,11-15,absbias,50,0.1,275,5.998834619024681,10.29509436276013,6.062185525418312,3,mean
hourbias,day,wmape,12,0.15,438,5.998839484984094,10.309632225172127,6.062190330334389,55,median
hourbias,lowday,wmape,12,0.15,438,5.998839484984094,10.309632225172127,6.062190330334389,55,median
hourbias,midday,wmape,12,0.15,438,5.998839484984094,10.309632225172127,6.062190330334389,55,median
hourbias,10-16,wmape,12,0.15,438,5.998839484984094,10.309632225172127,6.062190330334389,55,median
hourbias,peakerr,wmape,20,0.05,425,5.998845344927668,10.303464927108877,6.0621961167651195,3,mean
hourbias,nooneve,absbias,700,0.1,115,5.998851502533136,10.308749231179855,6.062202197123582,3,mean
hourbias,lowday,wmape,10,0.15,479,5.998853970546815,10.311419590027215,6.062204634176092,21,median
hourbias,10-16,wmape,10,0.15,479,5.998853970546815,10.311419590027215,6.062204634176092,21,median
hourbias,night,wmape,8,0.08,272,5.998856424273799,10.30586424496876,6.0622070571211335,3,mean
hourbias,all,none,0,0.05,2208,5.998857285134595,10.311740713414514,6.062207907182452,5,mean
hourbias,peakerr,absbias,50,0.05,628,5.998857834359291,10.29702867976498,6.06220844951714,5,median
hourbias,16-18,wmape,10,0.4,46,5.998859482012428,10.308549254470654,6.062210076500508,21,median
hourbias,midday,wmape,10,0.1,506,5.998862970595197,10.306926575153566,6.062213521319096,55,mean
hourbias,evening,absbias,100,0.08,201,5.998863047969266,10.2899966871051,6.062213597722509,3,median
hourbias,nooneve,absbias,50,0.03,1166,5.9988645388381,10.307576330368867,6.062215069888429,5,mean
hourbias,all,absbias,150,0.03,591,5.99886782984506,10.298127100042636,6.062218319609793,5,median
hourbias,evening,absbias,100,0.08,247,5.9988681632590355,10.327188385059676,6.062218648841098,1,mean
hourbias,evening,absbias,100,0.08,247,5.9988681632590355,10.327188385059676,6.062218648841098,1,median
hourbias,night,absbias,700,0.08,65,5.998868691193259,10.296768195035794,6.0622191701524,2,mean
hourbias,night,absbias,700,0.08,65,5.998868691193259,10.296768195035794,6.0622191701524,2,median
hourbias,nooneve,absbias,400,0.03,227,5.998868839178286,10.307960205014213,6.062219316280958,5,mean
daybias,lowday,absbias,100,0.1,189,5.998871676234439,10.296043050267958,6.062222117746315,3,mean
daybias,10-16,absbias,100,0.1,189,5.998871676234439,10.296043050267958,6.062222117746315,3,mean
hourbias,all,wmape,8,0.02,1117,5.998872948935415,10.300758221487932,6.06222337448129,5,mean
hourbias,peakerr,wmape,25,0.05,281,5.998873313011925,10.295968778790792,6.062223733990469,5,median
hourbias,day,wmape,20,0.08,510,5.998873932691263,10.307313384381183,6.0622243458959435,55,mean
hourbias,lowday,wmape,20,0.08,510,5.998873932691263,10.307313384381183,6.0622243458959435,55,mean
hourbias,10-16,wmape,20,0.08,510,5.998873932691263,10.307313384381183,6.0622243458959435,55,mean
hourbias,day,wmape,10,0.12,589,5.998874130200874,10.306401752242289,6.062224540927801,55,mean
hourbias,16-18,wmape,10,0.4,42,5.998876014542062,10.31025322232542,6.062226401629979,34,median
hourbias,day,wmape,15,0.3,352,5.9988765646796205,10.309705010260203,6.062226944866075,55,median
hourbias,lowday,wmape,15,0.3,352,5.9988765646796205,10.309705010260203,6.062226944866075,55,median
hourbias,midday,wmape,15,0.3,352,5.9988765646796205,10.309705010260203,6.062226944866075,55,median
hourbias,10-16,wmape,15,0.3,352,5.9988765646796205,10.309705010260203,6.062226944866075,55,median
hourbias,all,wmape,8,0.03,964,5.998876713938729,10.32330107420765,6.062227092252732,2,mean
hourbias,all,wmape,8,0.03,964,5.998876713938729,10.32330107420765,6.062227092252732,2,median
daybias,all,absbias,100,0.08,648,5.998877984657142,10.30304801518766,6.062228347030015,3,mean
daybias,peakerr,wmape,5,0.15,819,5.99888209711047,10.304113634453364,6.062232407892719,8,mean
hourbias,night,wmape,8,0.05,215,5.998883926616997,10.322978411346867,6.062234214448133,1,mean
hourbias,night,wmape,8,0.05,215,5.998883926616997,10.322978411346867,6.062234214448133,1,median
hourbias,evening,none,0,0.15,460,5.998884369643318,10.296583754454327,6.0622346519167,34,mean
hourbias,peakerr,absbias,400,0.05,97,5.998886535991577,10.296113107196097,6.062236791088176,5,median
hourbias,nooneve,wmape,35,0.08,183,5.998886664504224,10.28787520474548,6.062236917988633,3,median
daybias,11-15,absbias,100,0.08,135,5.998888047060013,10.295151217986316,6.062238283200299,3,mean
hourbias,all,wmape,35,0.1,268,5.998888365215498,10.29050030809037,6.06223859736453,3,median
hourbias,midday,wmape,12,0.1,492,5.9988886533233785,10.305324810552504,6.0622388818581046,34,mean
hourbias,peakerr,absbias,100,0.03,578,5.998889689911244,10.305682269873103,6.0622399054419995,21,mean
hourbias,11-15,wmape,15,0.3,336,5.998890296550292,10.30916684161048,6.062240504470777,55,median
hourbias,peakerr,absbias,500,0.02,146,5.9988916059807575,10.302243078656382,6.06224179747447,5,mean
hourbias,peakerr,wmape,25,0.05,301,5.998891789093108,10.29820883274852,6.0622419782896815,3,median
daybias,all,absbias,250,0.05,288,5.998893477004804,10.293800550766026,6.062243645026568,3,mean
hourbias,all,wmape,10,0.08,909,5.9988936595438025,10.32637576836326,6.06224382527562,3,mean
hourbias,peakerr,wmape,10,0.05,648,5.99889387832941,10.325367238565333,6.062244041316567,3,mean
daybias,all,absbias,50,0.05,1320,5.998895143049304,10.299432379920578,6.062245290170583,3,mean
hourbias,peakerr,absbias,500,0.05,68,5.998896412357466,10.294941551634974,6.062246543555306,5,median
daybias,day,wmape,10,0.2,104,5.998896421290573,10.294297667722267,6.062246552376347,3,mean
hourbias,day,wmape,10,0.1,590,5.9988986427590385,10.306911083627437,6.062248745976547,34,mean
hourbias,day,absbias,50,0.05,495,5.998900116819302,10.306908024747305,6.062250201544763,34,mean
daybias,peakerr,absbias,100,0.05,351,5.99890175126627,10.306487908779282,6.062251815487633,3,mean
daybias,lowday,absbias,250,0.15,84,5.998902549143231,10.297549613888554,6.062252603355249,3,mean
daybias,10-16,absbias,250,0.15,84,5.998902549143231,10.297549613888554,6.062252603355249,3,mean
hourbias,day,none,0,0.05,736,5.998902966542639,10.30816421067356,6.062253015518391,55,mean
hourbias,peakerr,wmape,20,0.03,425,5.998906819455967,10.300640269952194,6.062256820097018,3,mean
hourbias,16-18,wmape,10,0.4,22,5.998907413151948,10.31027699828368,6.0622574063451005,55,median
hourbias,evening,absbias,50,0.25,182,5.998909430134216,10.300735934118947,6.062259398024376,13,median
hourbias,all,absbias,400,0.02,300,5.998909796257798,10.29539976283178,6.062259759554946,3,median
hourbias,day,absbias,50,0.08,559,5.998910694905705,10.306865574537994,6.062260646929339,55,mean
daybias,peakerr,wmape,5,0.3,845,5.998911521844506,10.308512249565652,6.062261463494214,30,mean
hourbias,all,wmape,25,0.03,346,5.998913426087614,10.294535680564062,6.06226334384864,3,median
daybias,nooneve,wmape,12,0.15,136,5.998914740727532,10.28161052087823,6.062264641996434,3,mean
daybias,lowday,wmape,10,0.15,77,5.998915224761612,10.295039163648646,6.062265119958318,5,mean
daybias,10-16,wmape,10,0.15,77,5.998915224761612,10.295039163648646,6.062265119958318,5,mean
hourbias,all,absbias,50,0.03,1620,5.99891742927154,10.33343587234884,6.062267296812724,2,mean
hourbias,all,absbias,50,0.03,1620,5.99891742927154,10.33343587234884,6.062267296812724,2,median
hourbias,midday,wmape,10,0.15,474,5.998919872789223,10.311410558813733,6.062269709676542,21,median
hourbias,all,wmape,10,0.01,909,5.99892227109438,10.301095630513428,6.062272077895021,3,mean
hourbias,11-15,wmape,12,0.15,418,5.9989233069898775,10.309226606221841,6.062273100795236,34,median
hourbias,midday,wmape,12,0.08,491,5.998923585901821,10.307222912737917,6.062273376208235,55,mean
hourbias,12-13,wmape,45,-0.25,133,5.99892471012765,10.295898731056235,6.062274486330681,13,mean
hourbias,12-13,wmape,50,-0.25,133,5.99892471012765,10.295898731056235,6.062274486330681,13,mean
hourbias,day,wmape,5,0.05,677,5.998925298284232,10.307590176035982,6.062275067108853,34,mean
hourbias,day,wmape,45,-0.3,173,5.998927874634538,10.273946424042563,6.062277611138909,5,median
hourbias,lowday,wmape,45,-0.3,173,5.998927874634538,10.273946424042563,6.062277611138909,5,median
hourbias,10-16,wmape,45,-0.3,173,5.998927874634538,10.273946424042563,6.062277611138909,5,median
hourbias,evening,none,0,0.15,460,5.998933348261823,10.299118841574924,6.062283016099681,13,median
hourbias,day,wmape,12,0.15,455,5.998934440333221,10.309486774562355,6.062284094471069,34,median
hourbias,lowday,wmape,12,0.15,455,5.998934440333221,10.309486774562355,6.062284094471069,34,median
hourbias,midday,wmape,12,0.15,455,5.998934440333221,10.309486774562355,6.062284094471069,34,median
hourbias,10-16,wmape,12,0.15,455,5.998934440333221,10.309486774562355,6.062284094471069,34,median
hourbias,midday,wmape,12,0.12,491,5.998935100908763,10.306630237569212,6.062284746759707,55,mean
daybias,nooneve,wmape,15,0.4,17,5.998935556629141,10.281765630018679,6.062285196763085,3,mean
hourbias,day,wmape,10,0.1,481,5.9989374634285735,10.31035848983764,6.062287079641767,21,median
hourbias,nooneve,absbias,50,0.05,1193,5.9989389153169554,10.313867700612953,6.062288513316245,3,mean
hourbias,11-15,wmape,12,0.25,418,5.998938978409522,10.319949806867594,6.062288575617318,13,median
hourbias,11-15,wmape,15,0.2,355,5.998941775961827,10.319688707839317,6.062291338074399,8,median
hourbias,peakerr,wmape,5,0.03,839,5.998942323222852,10.31785033774871,6.06229187847005,3,mean
daybias,midday,wmape,10,0.5,66,5.998942371435616,10.311649823709523,6.062291926077985,5,mean
hourbias,evening,absbias,400,0.08,57,5.998942424985862,10.280074869109797,6.062291978956445,3,median
hourbias,nooneve,none,0,0.05,1564,5.99894252260483,10.31441262749281,6.062292075350785,3,mean
hourbias,peakerr,wmape,35,0.08,222,5.998944673057216,10.295056897605631,6.0622941988258,5,median
hourbias,day,wmape,20,0.25,326,5.998945804853022,10.314326144763434,6.062295316423257,21,median
hourbias,lowday,wmape,20,0.25,326,5.998945804853022,10.314326144763434,6.062295316423257,21,median
hourbias,midday,wmape,20,0.25,326,5.998945804853022,10.314326144763434,6.062295316423257,21,median
hourbias,10-16,wmape,20,0.25,326,5.998945804853022,10.314326144763434,6.062295316423257,21,median
hourbias,evening,absbias,150,0.12,124,5.998947359177471,10.293895372694696,6.062296851248746,13,mean
hourbias,12-13,wmape,40,-0.25,134,5.998951239518458,10.295898731056235,6.062300682910953,13,mean
hourbias,midday,absbias,400,0.03,124,5.998951581287954,10.296584934286134,6.06230102039296,1,mean
hourbias,midday,absbias,400,0.03,124,5.998951581287954,10.296584934286134,6.06230102039296,1,median
hourbias,all,absbias,700,0.05,61,5.99895206726273,10.295377322685823,6.062301500271194,5,median
daybias,lowday,absbias,100,0.08,189,5.998952423323014,10.296397725115005,6.062301851864711,3,mean
daybias,10-16,absbias,100,0.08,189,5.998952423323014,10.296397725115005,6.062301851864711,3,mean
hourbias,all,wmape,30,0.08,300,5.9989526705240115,10.292175213772206,6.0623020959645775,3,median
hourbias,peakerr,absbias,400,0.02,253,5.998957651287083,10.309161066960451,6.062307014244104,3,mean
hourbias,all,absbias,50,0.03,1570,5.998958932183278,10.33187768324227,6.062308279071488,1,mean
hourbias,all,absbias,50,0.03,1570,5.998958932183278,10.33187768324227,6.062308279071488,1,median
hourbias,peakerr,wmape,40,0.2,192,5.998959573850023,10.292394767154699,6.0623089126885406,5,median
hourbias,evening,absbias,100,0.08,230,5.998961967509266,10.311789906320808,6.06231127631939,2,mean
hourbias,evening,absbias,100,0.08,230,5.998961967509266,10.311789906320808,6.06231127631939,2,median
hourbias,11-15,wmape,15,0.3,335,5.998962709705694,10.308893772359632,6.062312009204981,34,median
hourbias,night,wmape,8,0.1,299,5.998965245201317,10.310757906931327,6.062314512892876,5,mean
hourbias,lowday,wmape,12,0.1,562,5.998966159589552,10.307069768752587,6.062315415810133,55,mean
hourbias,10-16,wmape,12,0.1,562,5.998966159589552,10.307069768752587,6.062315415810133,55,mean
hourbias,peakerr,wmape,35,0.12,241,5.998966420032548,10.286550677339681,6.06231567298588,3,median
hourbias,11-15,wmape,20,0.25,299,5.998968810520249,10.314326144763434,6.0623180334849724,21,median
hourbias,peakerr,absbias,50,0.05,957,5.9989719179455525,10.303557337952341,6.062321101927705,55,mean
daybias,lowday,wmape,10,0.1,91,5.998972637254471,10.294052706045834,6.062321812212911,3,mean
daybias,10-16,wmape,10,0.1,91,5.998972637254471,10.294052706045834,6.062321812212911,3,mean
hourbias,all,absbias,100,0.03,1309,5.998974257898747,10.335357545718939,6.062323412526246,2,mean
hourbias,all,absbias,100,0.03,1309,5.998974257898747,10.335357545718939,6.062323412526246,2,median
hourbias,day,wmape,15,0.3,365,5.998975137352233,10.308910861728766,6.062324280947012,34,median
hourbias,lowday,wmape,15,0.3,365,5.998975137352233,10.308910861728766,6.062324280947012,34,median
hourbias,midday,wmape,15,0.3,365,5.998975137352233,10.308910861728766,6.062324280947012,34,median
hourbias,10-16,wmape,15,0.3,365,5.998975137352233,10.308910861728766,6.062324280947012,34,median
daybias,11-15,absbias,50,0.08,275,5.998975918820052,10.295789448285273,6.062325052611336,3,mean
hourbias,night,absbias,500,0.08,117,5.998976469679541,10.305207883363845,6.0623255965603065,2,mean
hourbias,night,absbias,500,0.08,117,5.998976469679541,10.305207883363845,6.0623255965603065,2,median
daybias,lowday,wmape,10,0.3,35,5.998977476347863,10.308928065700869,6.0623265906,14,mean
daybias,10-16,wmape,10,0.3,35,5.998977476347863,10.308928065700869,6.0623265906,14,mean
hourbias,all,wmape,45,-0.15,139,5.998977970359063,10.306047362105579,6.062327078413842,13,median
hourbias,peakerr,wmape,45,-0.15,139,5.998977970359063,10.306047362105579,6.062327078413842,13,median
hourbias,all,wmape,8,0.08,806,5.9989786125628894,10.287102719843007,6.062327712561236,5,median
hourbias,midday,wmape,12,0.25,455,5.998980923102282,10.321352294897686,6.062329994114973,13,median
hourbias,day,wmape,10,0.4,481,5.998982891925604,10.31717592554378,6.0623319382394545,21,median
hourbias,all,wmape,35,0.08,234,5.998984084305101,10.298575779693056,6.06233311566058,5,median
hourbias,midday,wmape,10,0.1,506,5.998984853676382,10.305324810552504,6.062333875380118,34,mean
hourbias,all,wmape,30,0.05,575,5.998985197594025,10.306538999076494,6.062334214983324,55,mean
daybias,peakerr,absbias,50,0.1,585,5.998985344466477,10.29544322675938,6.062334360013265,5,mean
hourbias,night,wmape,30,0.3,19,5.998987125911012,10.309559440084053,6.062336119109624,55,mean
hourbias,peakerr,wmape,30,0.05,348,5.9989913044337,10.296866542607033,6.062340245212849,3,mean
hourbias,peakerr,none,0,0.05,1196,5.9989952831214435,10.31559040916267,6.062344173988057,8,mean
hourbias,11-15,wmape,20,0.1,388,5.9989956172546135,10.306764476704354,6.062344503929533,55,mean
hourbias,peakerr,wmape,25,0.05,374,5.998996035484396,10.296174727344788,6.062344916912634,3,mean
hourbias,midday,wmape,12,0.08,492,5.998999316179536,10.305937597623501,6.062348156451537,34,mean
daybias,nooneve,absbias,250,0.08,204,5.998999975107696,10.286320257659021,6.062348807113461,3,mean
daybias,peakerr,wmape,5,0.08,819,5.999002164318219,10.303347298542409,6.062350968860393,8,mean
hourbias,11-15,wmape,10,0.15,430,5.999002186283045,10.311789378418759,6.062350990549671,21,median
hourbias,day,wmape,20,0.08,510,5.99900282903711,10.306343860973993,6.062351625240401,34,mean
hourbias,lowday,wmape,20,0.08,510,5.99900282903711,10.306343860973993,6.062351625240401,34,mean
hourbias,10-16,wmape,20,0.08,510,5.99900282903711,10.306343860973993,6.062351625240401,34,mean
hourbias,peakerr,wmape,5,0.03,933,5.999003479857831,10.306266195975464,6.0623522678965935,21,mean
hourbias,all,wmape,20,0.05,545,5.999003590787455,10.302779789312039,6.062352377434608,3,mean
hourbias,day,wmape,50,-0.3,164,5.999009507748135,10.27512511095542,6.062358220167167,5,median
hourbias,lowday,wmape,50,-0.3,164,5.999009507748135,10.27512511095542,6.062358220167167,5,median
hourbias,10-16,wmape,50,-0.3,164,5.999009507748135,10.27512511095542,6.062358220167167,5,median
hourbias,nooneve,none,0,0.03,1564,5.99900963401899,10.307691383566073,6.0623583448539575,5,mean
daybias,peakerr,absbias,50,0.08,585,5.999011851482878,10.296781170384396,6.062360534499817,5,mean
hourbias,peakerr,wmape,45,-0.2,469,5.999012385533584,10.306872988051493,6.06236106185087,21,mean
hourbias,11-15,wmape,20,0.1,388,5.999013356667728,10.304739797321341,6.062362020802161,34,mean
hourbias,midday,wmape,15,0.3,381,5.999013545447993,10.323323947154401,6.062362207214182,13,median
hourbias,day,wmape,15,0.3,383,5.999013545447993,10.323323947154401,6.062362207214182,13,median
hourbias,lowday,wmape,15,0.3,383,5.999013545447993,10.323323947154401,6.062362207214182,13,median
hourbias,10-16,wmape,15,0.3,383,5.999013545447993,10.323323947154401,6.062362207214182,13,median
hourbias,peakerr,wmape,25,0.05,496,5.999013969282093,10.305106822145001,6.062362625731295,34,mean
daybias,all,absbias,150,0.05,480,5.9990147067414545,10.299897834982955,6.062363353939248,3,mean
hourbias,peakerr,wmape,5,0.03,947,5.999015578559988,10.304081748551981,6.062364214820839,13,mean
hourbias,day,wmape,20,0.1,510,5.999017085631002,10.30613803018784,6.0623657029856854,34,mean
hourbias,lowday,wmape,20,0.1,510,5.999017085631002,10.30613803018784,6.0623657029856854,34,mean
hourbias,10-16,wmape,20,0.1,510,5.999017085631002,10.30613803018784,6.0623657029856854,34,mean
hourbias,nooneve,wmape,20,0.03,404,5.999017900033246,10.29406820481589,6.062366507171275,3,mean
hourbias,evening,none,0,0.1,460,5.999019934306073,10.289128512402721,6.062368515924199,3,median
hourbias,all,wmape,35,0.03,268,5.999022697838803,10.297067882072438,6.062371244788481,3,median
hourbias,all,absbias,50,0.05,1597,5.9990270130522045,10.31208844837277,6.0623755058676405,5,mean
hourbias,all,wmape,40,0.08,239,5.999027575099017,10.289183313237936,6.06237606086359,3,median
hourbias,nooneve,wmape,25,0.08,243,5.999028913716329,10.283965846277173,6.062377382687982,3,median
