3m,14d,all,bias3,low,summer,cap,eve,applied,rolling_days,beta,hours_name,hours,gate,th
6.4418643038159775,11.243077009153783,6.500158581602696,-49.276236382060645,50.02959675906499,35.76236848811818,1.558266052465585,2.991853148327597,63,5,-0.3,nooneve,"11-15,17-18",absbias,250
6.444955103541765,11.26555552198232,6.5032106073243225,-47.96009438258928,50.16671582466871,36.261143248234454,1.558266052465585,2.991853148327597,119,14,-0.3,nooneve,"11-15,17-18",absbias,100
6.445403965140198,11.25406057516689,6.5036538379653885,-48.938607550710145,50.26312760958101,35.99984548042368,1.558266052465585,2.991853148327597,63,5,-0.2,nooneve,"11-15,17-18",absbias,250
6.445802400935298,11.232921112488588,6.504047275393544,-49.61299382859512,49.73610425276434,35.440748691670656,1.558266052465585,2.991853148327597,81,5,-0.3,day,10-18,absbias,250
6.447499593504799,11.259262743666204,6.505723176725311,-48.763326939070495,50.419949402715226,36.1094123827785,1.558266052465585,2.991853148327597,63,5,-0.15,nooneve,"11-15,17-18",absbias,250
6.447526400576612,11.247289977390096,6.505749647503089,-49.16311251506647,50.02644016227921,35.785432282792,1.558266052465585,2.991853148327597,81,5,-0.2,day,10-18,absbias,250
6.447728897306833,11.274869249164144,6.505949603916967,-47.790496307357294,50.45562773163734,36.43811308984296,1.558266052465585,2.991853148327597,77,14,-0.3,nooneve,"11-15,17-18",absbias,150
6.447762413199662,11.279470832095177,6.50598269935377,-48.55629128665034,50.57808994773426,36.57496532512145,1.558266052465585,2.991853148327597,147,5,-0.3,nooneve,"11-15,17-18",absbias,150
6.4479261033381405,11.298327074663293,6.506144336003612,-48.89683283386781,50.55661568048709,36.56927552951715,1.558266052465585,2.991853148327597,203,5,-0.3,nooneve,"11-15,17-18",absbias,100
6.447932599793569,11.268660097709592,6.506150750961172,-48.060372128001376,50.42630472452812,36.320133195437286,1.558266052465585,2.991853148327597,119,14,-0.2,nooneve,"11-15,17-18",absbias,100
6.448183564772172,11.259121229027608,6.5063985675904865,-48.03054632147769,50.37304709397781,36.14800472115175,1.558266052465585,2.991853148327597,119,7,-0.3,nooneve,"11-15,17-18",absbias,150
6.448209280779029,11.286069357386445,6.506423960990689,-48.689755220052454,50.56138758693414,36.45501020362703,1.558266052465585,2.991853148327597,203,5,-0.2,nooneve,"11-15,17-18",absbias,100
6.448220307658281,11.26762247429812,6.50643484953802,-48.50167997805588,50.284440108283476,36.373057080602436,1.558266052465585,2.991853148327597,161,10,-0.3,nooneve,"11-15,17-18",absbias,100
6.44825556777041,11.274786879659224,6.5064696673129365,-48.45747146371063,50.60045815437144,36.49960325204951,1.558266052465585,2.991853148327597,147,5,-0.2,nooneve,"11-15,17-18",absbias,150
6.448902928488814,11.280306518147059,6.50710890690755,-48.57642782446094,50.60479085426282,36.39253425774277,1.558266052465585,2.991853148327597,203,5,-0.15,nooneve,"11-15,17-18",absbias,100
6.449048171003642,11.272690034978554,6.507252327358712,-48.401595356276374,50.65169862556623,36.45275062171561,1.558266052465585,2.991853148327597,147,5,-0.15,nooneve,"11-15,17-18",absbias,150
6.449091420082108,11.254184795333606,6.507295033878586,-48.931705662337734,50.24243381723886,35.94860248455475,1.558266052465585,2.991853148327597,81,5,-0.15,day,10-18,absbias,250
6.44922408254308,11.274869249164144,6.507426032092352,-48.01840842506023,50.71144198026734,36.43811308984296,1.558266052465585,2.991853148327597,21,7,-0.3,nooneve,"11-15,17-18",absbias,250
6.449279033740677,11.26555552198232,6.507480293928566,-47.938406350784035,49.977278655055514,36.261143248234454,1.558266052465585,2.991853148327597,153,14,-0.3,day,10-18,absbias,100
6.449387687110447,11.274869249164144,6.50758758424457,-48.87619426784639,50.42225034898829,36.43811308984296,1.558266052465585,2.991853148327597,35,5,-0.3,nooneve,"11-15,17-18",absbias,300
6.449518013423713,11.26203612695536,6.507716275617542,-48.1093450949029,50.493884229885545,36.20088471135614,1.558266052465585,2.991853148327597,119,7,-0.2,nooneve,"11-15,17-18",absbias,150
6.4495701025494245,11.270212385573233,6.507767711286494,-48.10777169390402,50.560101322426284,36.34962816903871,1.558266052465585,2.991853148327597,119,14,-0.15,nooneve,"11-15,17-18",absbias,100
6.449640542863727,11.239576820820037,6.5078372679288385,-48.859802529690384,50.83941504346813,36.26656807544109,1.558266052465585,2.992295469143291,13,3,0.5,peakerr,"0,7,8,9,11,12,13,14,15,16,17,21,22",wmape,15
6.449722413833495,11.267920776518954,6.507918111829368,-48.41736160661095,50.47126078595856,36.32930066686022,1.558266052465585,2.991853148327597,161,10,-0.2,nooneve,"11-15,17-18",absbias,100
6.449740509049389,11.264464912165518,6.507935980041238,-48.588046327430845,50.5999126193163,36.21897928513332,1.558266052465585,2.991853148327597,63,5,-0.1,nooneve,"11-15,17-18",absbias,250
6.449848631211447,11.274869249164144,6.5080427458135155,-47.940044859057686,50.629558270276874,36.43811308984296,1.558266052465585,2.991853148327597,77,14,-0.2,nooneve,"11-15,17-18",absbias,150
6.4498633660006215,11.274869249164144,6.508057295755133,-49.179017390551735,50.95520588545147,36.43811308984296,1.558266052465585,2.997172085214991,8,2,-0.3,night,"0-6,23",absbias,700
6.4502820099251625,11.283118796329198,6.5084706878022605,-48.47528708568194,50.5481688216962,36.50047461688248,1.558266052465585,2.991853148327597,210,7,-0.2,nooneve,"11-15,17-18",absbias,100
6.450285520494322,11.293690791774647,6.508474154331418,-48.57889891014669,50.512883726337584,36.684159778228086,1.558266052465585,2.991853148327597,210,7,-0.3,nooneve,"11-15,17-18",absbias,100
6.450292029636251,11.275604753555594,6.508480581816327,-48.46310042886944,50.68096915997342,36.34433058573644,1.558266052465585,2.991853148327597,203,5,-0.1,nooneve,"11-15,17-18",absbias,100
6.45044174357913,11.293774010787939,6.508628417601589,-47.971040443380225,50.80882990713603,36.648642550718506,1.558266052465585,2.991853148327597,133,7,-0.3,nooneve,"11-15,17-18",wmape,8
6.450456684976176,11.274869249164144,6.508643171559189,-47.48905017322123,50.95520588545147,36.43811308984296,1.558266052465585,2.991853148327597,10,3,0.5,h78901117,"7-9,11,17",absbias,500
6.45047574562397,11.27120358454527,6.50866199309164,-48.34571924884211,50.72608052022789,36.4058979913817,1.558266052465585,2.991853148327597,147,5,-0.1,nooneve,"11-15,17-18",absbias,150
6.450546990591796,11.263477123226401,6.508732344293152,-48.1445216943694,50.59109083958594,36.22511389868773,1.558266052465585,2.991853148327597,119,7,-0.15,nooneve,"11-15,17-18",absbias,150
6.4505577308287805,11.246411222690252,6.508742949794136,-49.430149018575314,50.926628570954136,36.395775580735666,1.558266052465585,2.999251930388364,13,3,1.0,peakerr,"0,7,8,9,11,12,13,14,15,16,17,21,22",wmape,15
6.45056215416744,11.246444183081312,6.508747317642125,-48.85262055452727,50.95520588545147,36.43811308984296,1.558266052465585,2.991853148327597,5,3,1.0,h78901117,"7-9,11,17",wmape,15
6.450580404379884,11.291586791271309,6.508765338906115,-48.32628504529424,50.681493047902926,36.76466851329572,1.558266052465585,2.991853148327597,91,10,-0.3,nooneve,"11-15,17-18",absbias,150
6.4506151806456264,11.274869249164144,6.508799678904485,-48.66274798104967,50.54630860755985,36.43811308984296,1.558266052465585,2.991853148327597,35,5,-0.2,nooneve,"11-15,17-18",absbias,300
6.450622582825266,11.268660097709592,6.50880698822397,-48.04591344013121,50.30001327811932,36.3201331954373,1.558266052465585,2.991853148327597,153,14,-0.2,day,10-18,absbias,100
6.45067668708298,11.270314391598799,6.508860413745142,-47.54526960533661,50.850445006805465,36.23498386134504,1.5681774028774778,2.9929698793522026,156,7,-0.3,peakerr,"0,7,8,9,11,12,13,14,15,16,17,21,22",wmape,10
6.450695093501907,11.274869249164144,6.508878589256012,-47.71488504142728,50.95520588545147,36.43811308984296,1.558266052465585,2.991853148327597,10,3,0.3,h78901117,"7-9,11,17",absbias,500
6.450717964569542,11.268561386896641,6.5089011734066835,-48.37326255596503,50.57436179062801,36.32177925523495,1.558266052465585,2.991853148327597,161,10,-0.15,nooneve,"11-15,17-18",absbias,100
6.450754488415408,11.274869249164144,6.508937239061831,-47.76231226037731,50.95520588545147,36.43811308984296,1.558266052465585,2.991853148327597,7,7,-0.3,nooneve,"11-15,17-18",absbias,300
6.450754488415408,11.274869249164144,6.508937239061831,-47.76231226037731,50.95520588545147,36.43811308984296,1.558266052465585,2.991853148327597,7,10,-0.3,nooneve,"11-15,17-18",absbias,250
6.450754488415408,11.274869249164144,6.508937239061831,-47.76231226037731,50.95520588545147,36.43811308984296,1.558266052465585,2.991853148327597,7,10,-0.3,nooneve,"11-15,17-18",absbias,300
6.450754488415408,11.274869249164144,6.508937239061831,-47.76231226037731,50.95520588545147,36.43811308984296,1.558266052465585,2.991853148327597,7,14,-0.3,nooneve,"11-15,17-18",absbias,250
6.450754488415408,11.274869249164144,6.508937239061831,-47.76231226037731,50.95520588545147,36.43811308984296,1.558266052465585,2.991853148327597,7,14,-0.3,nooneve,"11-15,17-18",absbias,300
6.450766438403107,11.24619424612916,6.508949039137238,-48.02233682385669,50.03733114712966,35.942030714115155,1.558266052465585,2.991853148327597,153,7,-0.3,day,10-18,absbias,150
6.45079241966941,11.274869249164144,6.508974694469213,-48.098425766664796,50.76892394720459,36.43811308984296,1.558266052465585,2.991853148327597,21,7,-0.2,nooneve,"11-15,17-18",absbias,250
6.450801726767595,11.26107961327712,6.508983884810088,-48.70029880960901,50.4815688956654,36.11177268631748,1.558266052465585,2.991853148327597,81,5,-0.1,day,10-18,absbias,250
6.450834428420572,11.275464919998921,6.509016176221656,-47.78949181506872,50.967428942796936,36.48063902505175,1.558266052465585,2.991853148327597,49,14,-0.3,nooneve,"11-15,17-18",wmape,10
6.4508900579279205,11.275879441802033,6.5090711078582455,-47.81797375698536,50.935506609341296,36.3262131873835,1.558266052465585,2.991853148327597,84,7,-0.3,nooneve,"11-15,17-18",wmape,10
6.450957116832506,11.27841378269302,6.509137325510575,-48.41925838620347,50.613172765132184,36.422085732944645,1.558266052465585,2.991853148327597,210,7,-0.15,nooneve,"11-15,17-18",absbias,100
6.450970338207078,11.274869249164144,6.509150381023337,-47.79370479779134,50.95520588545147,36.43811308984296,1.558266052465585,2.991853148327597,8,3,0.5,morning,7-10,absbias,500
6.450970338207078,11.274869249164144,6.509150381023337,-47.54240799552395,50.95520588545147,36.43811308984296,1.558266052465585,2.991853148327597,8,3,1.0,morning,7-10,absbias,500
6.450990838452229,11.266657083882595,6.509170624093434,-47.767550602066294,50.81628128700775,36.18627336341989,1.5648736194068467,2.9923025632941287,156,7,-0.2,peakerr,"0,7,8,9,11,12,13,14,15,16,17,21,22",wmape,10
6.4510279173043745,11.253095825176839,6.509207237792321,-48.10629550985722,50.263183924617834,36.05336160210117,1.558266052465585,2.991853148327597,153,7,-0.2,day,10-18,absbias,150
6.4510292215231075,11.274869249164144,6.509208525649663,-47.9916129394998,50.610043859875184,36.43811308984296,1.558266052465585,2.991853148327597,27,7,-0.3,day,10-18,absbias,250
6.451032126388107,11.274869249164144,6.509211394073204,-48.01481913490789,50.71652353959665,36.43811308984296,1.558266052465585,2.991853148327597,77,14,-0.15,nooneve,"11-15,17-18",absbias,150
6.451040870470259,11.283152838055397,6.509220028461067,-48.06604602667317,50.794397985573966,36.47611757274732,1.558266052465585,2.991853148327597,133,7,-0.2,nooneve,"11-15,17-18",wmape,8
6.451086837563624,11.274869249164144,6.509265418898412,-48.377604855526144,50.95520588545147,36.43811308984296,1.5606977252912502,2.9835371003800866,55,14,0.2,evening,19-23,absbias,150
6.451107139118166,11.273521893557398,6.509285465770466,-47.43782824201458,50.962020819351906,36.49620183539146,1.558927524885425,2.9919177526496856,91,14,-0.3,peakerr,"0,7,8,9,11,12,13,14,15,16,17,21,22",wmape,10
6.451119308972728,11.274270318787526,6.509297482954511,-48.101699096370595,50.971229648331715,36.336471270933195,1.558266052465585,2.991853148327597,96,3,0.2,morning,7-10,wmape,8
6.45113480918575,11.274869249164144,6.509312788717754,-48.86463006285323,50.95520588545147,36.43811308984296,1.558266052465585,2.9953991062525263,8,2,-0.2,night,"0-6,23",absbias,700
6.451142641075116,11.27349272059352,6.509320522356267,-48.111592401374345,50.96520494342801,36.361881725660645,1.558266052465585,2.991853148327597,96,3,0.15,morning,7-10,wmape,8
6.451143627495131,11.274869249164144,6.509321496401668,-47.844913264447264,50.95520588545147,36.43811308984296,1.558266052465585,2.991853148327597,10,3,0.2,h78901117,"7-9,11,17",absbias,500
6.451146339892853,11.250797227567762,6.509324174772431,-48.61309647086197,50.84411594627637,36.27353249875927,1.558266052465585,2.991853148327597,13,3,0.3,peakerr,"0,7,8,9,11,12,13,14,15,16,17,21,22",wmape,15
6.451227966871681,11.274869249164144,6.509404777742879,-48.4484795795611,50.95520588545147,36.43811308984296,1.5689710671244694,2.983893828503373,55,14,0.3,evening,19-23,absbias,150
6.451267904259759,11.271764673436868,6.509444214117438,-48.15517125980666,50.70350237159299,36.37912314264013,1.558266052465585,2.991853148327597,119,14,-0.1,nooneve,"11-15,17-18",absbias,100
6.451283640051934,11.281087669654424,6.509459752504497,-47.389597139397594,51.095880366334114,36.656122153306335,1.558266052465585,2.991853148327597,84,14,-0.3,nooneve,"11-15,17-18",wmape,8
6.451287956455311,11.274869249164144,6.509464014758704,-47.38630635115934,50.95520588545147,36.43811308984296,1.558266052465585,2.9918531483275967,13,7,-0.3,peakerr,"0,7,8,9,11,12,13,14,15,16,17,21,22",absbias,300
6.451287956455311,11.274869249164144,6.509464014758704,-47.38630635115934,50.95520588545147,36.43811308984296,1.558266052465585,2.9918531483275967,13,10,-0.3,peakerr,"0,7,8,9,11,12,13,14,15,16,17,21,22",absbias,250
6.451287956455311,11.274869249164144,6.509464014758704,-47.38630635115934,50.95520588545147,36.43811308984296,1.558266052465585,2.9918531483275967,13,10,-0.3,peakerr,"0,7,8,9,11,12,13,14,15,16,17,21,22",absbias,300
6.451287956455311,11.274869249164144,6.509464014758704,-47.38630635115934,50.95520588545147,36.43811308984296,1.558266052465585,2.9918531483275967,13,14,-0.3,peakerr,"0,7,8,9,11,12,13,14,15,16,17,21,22",absbias,250
6.451287956455311,11.274869249164144,6.509464014758704,-47.38630635115934,50.95520588545147,36.43811308984296,1.558266052465585,2.9918531483275967,13,14,-0.3,peakerr,"0,7,8,9,11,12,13,14,15,16,17,21,22",absbias,300
6.451307683288683,11.285532835361515,6.5094834941194515,-47.71329303580801,51.23225526215271,36.79059417530391,1.558266052465585,2.991853148327597,105,10,-0.3,nooneve,"11-15,17-18",wmape,8
6.4513122005965124,11.265529080475362,6.509487954757769,-47.88210249487866,50.80828051219996,36.18410651030435,1.5632217276715314,2.9919689052650926,156,7,-0.15,peakerr,"0,7,8,9,11,12,13,14,15,16,17,21,22",wmape,10
6.4513248502046,11.284113367871877,6.509500445676844,-48.297237351015646,50.73950185471126,36.59561817227354,1.558266052465585,2.991853148327597,91,10,-0.2,nooneve,"11-15,17-18",absbias,150
6.4513347674237815,11.274869249164144,6.509510238484763,-47.914641123204134,50.95520588545147,36.43811308984296,1.558266052465585,2.991853148327597,8,3,0.3,morning,7-10,absbias,500
6.451378185772367,11.275825515175537,6.5095531121512655,-48.09903080482528,50.98327905813913,36.28565036147832,1.558266052465585,2.991853148327597,96,3,0.3,morning,7-10,wmape,8
6.45138529887869,11.28577930726302,6.50956013602385,-47.93885307737816,50.572828891111,36.54104286308151,1.558266052465585,2.991853148327597,171,7,-0.3,day,10-18,wmape,8
6.451426012409868,11.274869249164144,6.509600338804813,-47.913183505303046,50.95520588545147,36.43811308984296,1.558266052465585,2.991853148327597,10,3,0.15,h78901117,"7-9,11,17",absbias,500
6.451446455198434,11.27670072712469,6.509620525139114,-48.04701119604012,50.63017430085498,36.370113987873104,1.558266052465585,2.991853148327597,171,7,-0.2,day,10-18,wmape,8
6.451446631289115,11.274869249164144,6.509620699020742,-48.5560248376513,50.631176859432614,36.43811308984296,1.558266052465585,2.991853148327597,35,5,-0.15,nooneve,"11-15,17-18",absbias,300
6.451491018126138,11.271360183322503,6.50966452902602,-47.96194030455267,50.87298902203163,36.261164663857315,1.558266052465585,2.991853148327597,84,7,-0.2,nooneve,"11-15,17-18",wmape,10
6.451495064219151,11.274869249164144,6.509668524360899,-48.970145207008976,50.52654941030422,36.43811308984296,1.558266052465585,2.991853148327597,14,3,-0.2,nooneve,"11-15,17-18",absbias,500
6.451497739358912,11.270212385573233,6.509671165941102,-48.0969276780014,50.46538273761968,36.34962816903871,1.558266052465585,2.991853148327597,153,14,-0.15,day,10-18,absbias,100
6.451533981328056,11.267755867346514,6.509706953255659,-48.859485104703026,50.72492373055929,36.43811308984296,1.558266052465585,2.991853148327597,35,2,-0.1,nooneve,"11-15,17-18",absbias,500
6.451542031159587,11.278423235775675,6.509714902102259,-48.11302391911119,50.79626310988399,36.403308780496694,1.558266052465585,2.991853148327597,133,7,-0.15,nooneve,"11-15,17-18",wmape,8
6.451564280748746,11.288903623413162,6.509736872570887,-47.79192281255443,51.01962685611039,36.83921967818605,1.558266052465585,2.991853148327597,32,1,0.15,morning,7-10,wmape,12
6.451567401748487,11.277554617938426,6.509739954417765,-47.89067479344495,51.05328463740464,36.5447710569709,1.558266052465585,2.991853148327597,105,10,-0.2,nooneve,"11-15,17-18",wmape,8
6.4515685755369185,11.25394350530518,6.50974111348105,-48.544237980991745,50.95520588545147,36.43811308984296,1.558266052465585,2.991853148327597,5,3,0.5,h78901117,"7-9,11,17",wmape,15
6.4515685755369185,11.25394350530518,6.50974111348105,-48.69842926775951,50.95520588545147,36.43811308984296,1.558266052465585,2.991853148327597,4,3,1.0,morning,7-10,wmape,15
6.451575036958718,11.256530162007843,6.509747493844478,-48.14405206561139,50.41289835510842,36.10681623832357,1.558266052465585,2.991853148327597,153,7,-0.15,day,10-18,absbias,150
6.451575419944337,11.272715122399514,6.509747872025552,-48.14442547566168,50.959180238524304,36.387292180388094,1.558266052465585,2.991853148327597,96,3,0.1,morning,7-10,wmape,8
6.451605780936341,11.274869249164144,6.509777852139681,-48.34216749350866,50.95520588545147,36.43811308984296,1.559025965580016,2.9848488172586682,55,14,0.15,evening,19-23,absbias,150
6.4516166831269945,11.274869249164144,6.509788617562629,-46.7191795951037,50.95520588545147,36.43811308984296,1.549518268547336,2.992057384574592,24,7,-0.3,all,0-23,absbias,300
6.4516166831269945,11.274869249164144,6.509788617562629,-46.7191795951037,50.95520588545147,36.43811308984296,1.549518268547336,2.992057384574592,24,10,-0.3,all,0-23,absbias,250
6.4516166831269945,11.274869249164144,6.509788617562629,-46.7191795951037,50.95520588545147,36.43811308984296,1.549518268547336,2.992057384574592,24,10,-0.3,all,0-23,absbias,300
6.4516166831269945,11.274869249164144,6.509788617562629,-46.7191795951037,50.95520588545147,36.43811308984296,1.549518268547336,2.992057384574592,24,14,-0.3,all,0-23,absbias,250
6.4516166831269945,11.274869249164144,6.509788617562629,-46.7191795951037,50.95520588545147,36.43811308984296,1.549518268547336,2.992057384574592,24,14,-0.3,all,0-23,absbias,300
6.451639938226913,11.265394793741091,6.5098115809279085,-48.17666959758869,50.67968697854741,36.23658660803183,1.558266052465585,2.991853148327597,119,7,-0.1,nooneve,"11-15,17-18",absbias,150
6.451675753343414,11.274869249164144,6.509846946744682,-48.61540605570277,50.79160782335107,36.19574131467985,1.558266052465585,2.991853148327597,12,2,0.3,morning,7-10,wmape,15
6.451675753343414,11.274869249164144,6.509846946744682,-48.084523368912485,50.95520588545147,36.43811308984296,1.558266052465585,2.991853148327597,4,2,0.3,morning,7-10,absbias,700
6.451675753343414,11.274869249164144,6.509846946744682,-48.084523368912485,50.95520588545147,36.43811308984296,1.558266052465585,2.991853148327597,4,2,0.5,morning,7-10,absbias,700
6.451675753343414,11.274869249164144,6.509846946744682,-48.084523368912485,50.95520588545147,36.43811308984296,1.558266052465585,2.991853148327597,4,2,1.0,morning,7-10,absbias,700
6.451712248530779,11.28414395924042,6.509882984100848,-48.87080306992464,50.817104071543284,36.62424648884398,1.558266052465585,2.991853148327597,273,2,-0.1,nooneve,"11-15,17-18",absbias,100
6.45171682398389,11.289795238312648,6.509887502155015,-49.60586245424108,50.95520588545147,36.43811308984296,1.5623935593246636,2.9905008549687198,128,1,-0.1,night,"0-6,23",absbias,300
6.451716857305858,11.274339413836147,6.50988753505896,-48.36020099047777,50.672857467816314,36.33581635331514,1.558266052465585,2.991853148327597,210,7,-0.1,nooneve,"11-15,17-18",absbias,100
6.451723391248219,11.274869249164144,6.5098939870331805,-48.13473654942943,50.82104779729243,36.43811308984296,1.558266052465585,2.991853148327597,21,7,-0.15,nooneve,"11-15,17-18",absbias,250
6.451724557934159,11.285915756066114,6.509895139083073,-48.5343010317479,50.60864880672591,36.42288714483438,1.558266052465585,2.991853148327597,161,5,-0.2,nooneve,"11-15,17-18",wmape,8
6.451742858597624,11.264239468430343,6.509913210165181,-47.70305830152358,50.800903713708436,36.2186134997465,1.558266052465585,2.991853148327597,108,7,-0.3,day,10-18,wmape,10
6.451744441089935,11.288170517419639,6.509914772805164,-48.50116600214364,50.84768212657066,36.7060628527729,1.558266052465585,2.991853148327597,105,3,-0.15,nooneve,"11-15,17-18",wmape,10
6.451770567198115,11.274869249164144,6.50994057116198,-48.78657275712079,50.633713529091025,36.43811308984296,1.558266052465585,2.991853148327597,14,3,-0.15,nooneve,"11-15,17-18",absbias,500
6.451772421878392,11.274869249164144,6.509942402575342,-49.33729010678535,50.312221172730595,36.43811308984296,1.558266052465585,2.991853148327597,14,3,-0.3,nooneve,"11-15,17-18",absbias,500
6.4517816908088585,11.255531528119054,6.5099515552273095,-48.38125216646515,50.95520588545147,36.43811308984296,1.558266052465585,2.9852934591233145,10,10,1.0,evening,19-23,wmape,12
6.451802029563021,11.273254870897768,6.509971638832315,-48.10056535616265,50.66792809081802,36.314331650221334,1.558266052465585,2.991853148327597,171,7,-0.15,day,10-18,wmape,8
6.451810741432575,11.279729550310153,6.509980241411689,-48.460397702338895,50.627991206021946,36.353818601071374,1.558266052465585,2.991853148327597,161,5,-0.15,nooneve,"11-15,17-18",wmape,8
6.4518223886433965,11.274869249164144,6.509991742508546,-47.9922200748275,50.95520588545147,36.43811308984296,1.558266052465585,2.991853148327597,8,3,0.2,morning,7-10,absbias,500
6.451836237746715,11.274869249164144,6.510005417875214,-48.70743639900398,50.95520588545147,36.43811308984296,1.558266052465585,2.9945126167712934,8,2,-0.15,night,"0-6,23",absbias,700
6.451837931498369,11.264947901636418,6.510007090378797,-48.00096423462307,50.794960496640286,36.1764846457595,1.5615698359362158,2.991879171363577,156,7,-0.1,peakerr,"0,7,8,9,11,12,13,14,15,16,17,21,22",wmape,10
6.451838831655186,11.27652458304814,6.510007979243171,-46.81532910225928,50.94691604033329,36.43419854225195,1.5519918369879513,2.9926574522184533,168,14,-0.3,all,0-23,wmape,10
6.451855672195599,11.269578744726006,6.51002460851943,-48.03339867912788,50.85081131346787,36.24209409882919,1.558266052465585,2.991853148327597,84,7,-0.15,nooneve,"11-15,17-18",wmape,10
6.451891843369427,11.299236780076228,6.5100603259268,-47.672304056032445,51.041100512996685,36.972921874300404,1.558266052465585,2.991853148327597,32,1,0.2,morning,7-10,wmape,12
6.4519003441072265,11.269309535395578,6.51006872002306,-47.63063318606724,50.77317535459799,36.153116968553825,1.564068614619195,2.9910863502817024,288,7,-0.15,all,0-23,wmape,10
6.451912529288044,11.274248362899458,6.510080752341092,-47.97742580733996,50.9734899908625,36.43621629305024,1.558266052465585,2.991853148327597,105,10,-0.15,nooneve,"11-15,17-18",wmape,8
6.451914322932689,11.26251803122053,6.5100825234845106,-47.88775341427981,50.776364084240754,36.155161078983106,1.558266052465585,2.991853148327597,108,7,-0.2,day,10-18,wmape,10
6.451916224603632,11.269993704769126,6.510084401299042,-48.32916350531911,50.694386107518866,36.33932985957421,1.558266052465585,2.991853148327597,161,10,-0.1,nooneve,"11-15,17-18",absbias,100
6.45192873678706,11.282125679983606,6.510096756517446,-47.923581790678945,50.998153199224085,36.705517482071684,1.558266052465585,2.991853148327597,32,1,0.1,morning,7-10,wmape,12
6.451929845461178,11.277411674767269,6.510097851283275,-48.55655846065878,50.86473439708777,36.51051797290246,1.558266052465585,2.991853148327597,273,2,-0.05,nooneve,"11-15,17-18",absbias,100
6.451961940530124,11.274869249164144,6.510129543720393,-47.92015997607027,50.95520588545147,36.43811308984296,1.558266052465585,2.991853148327597,7,7,-0.2,nooneve,"11-15,17-18",absbias,300
6.451961940530124,11.274869249164144,6.510129543720393,-47.92015997607027,50.95520588545147,36.43811308984296,1.558266052465585,2.991853148327597,7,10,-0.2,nooneve,"11-15,17-18",absbias,250
6.451961940530124,11.274869249164144,6.510129543720393,-47.92015997607027,50.95520588545147,36.43811308984296,1.558266052465585,2.991853148327597,7,10,-0.2,nooneve,"11-15,17-18",absbias,300
6.451961940530124,11.274869249164144,6.510129543720393,-47.92015997607027,50.95520588545147,36.43811308984296,1.558266052465585,2.991853148327597,7,14,-0.2,nooneve,"11-15,17-18",absbias,250
6.451961940530124,11.274869249164144,6.510129543720393,-47.92015997607027,50.95520588545147,36.43811308984296,1.558266052465585,2.991853148327597,7,14,-0.2,nooneve,"11-15,17-18",absbias,300
6.4519710805646255,11.281088006928103,6.510138569093395,-48.282713503876366,50.783711887746094,36.53362025788483,1.558266052465585,2.991853148327597,91,10,-0.15,nooneve,"11-15,17-18",absbias,150
6.451972379640357,11.273971012092982,6.510139851872254,-47.69125036244125,50.959749174718425,36.47683892020863,1.5587070340788118,2.9918962178756563,91,14,-0.2,peakerr,"0,7,8,9,11,12,13,14,15,16,17,21,22",wmape,10
6.4519744010965425,11.279625015436011,6.510141847969322,-48.413673239466384,50.84289003799694,36.55654766013413,1.558266052465585,2.991853148327597,105,3,-0.1,nooneve,"11-15,17-18",wmape,10
6.4519814245939795,11.26966708066483,6.510148783357163,-48.4127657157912,50.77987583591737,36.32854618748815,1.558266052465585,2.991853148327597,63,5,-0.05,nooneve,"11-15,17-18",absbias,250
6.451995845656097,11.274869249164144,6.510163023507422,-48.080562109624516,50.70132520027649,36.43811308984296,1.558266052465585,2.991853148327597,27,7,-0.2,day,10-18,absbias,250
6.452008028290885,11.281811995293436,6.510175053311366,-48.70693289443501,50.474794524434984,36.38167789119463,1.558266052465585,2.991853148327597,261,5,-0.15,day,10-18,absbias,100
6.4520152338668995,11.275266363053996,6.510182168493611,-47.93827967919788,50.963354590348445,36.46646371331548,1.558266052465585,2.991853148327597,49,14,-0.2,nooneve,"11-15,17-18",wmape,10
6.452022802785949,11.274346738829113,6.510189642460763,-47.839896236824615,50.986437007525375,36.606267186156714,1.5650786796729859,2.9923016826714237,143,10,-0.2,peakerr,"0,7,8,9,11,12,13,14,15,16,17,21,22",wmape,10
6.452029801392002,11.269870073958979,6.510196553269481,-48.54767025607962,50.84006480800538,36.43811308984296,1.558266052465585,2.991853148327597,35,2,-0.05,nooneve,"11-15,17-18",absbias,500
6.452037685124696,11.280455832520488,6.51020433810095,-47.6560056029583,51.088052362898175,36.81775358470096,1.568484993276686,2.992968558418145,143,10,-0.3,peakerr,"0,7,8,9,11,12,13,14,15,16,17,21,22",wmape,10
6.452041334154139,11.273337988698614,6.510207941353409,-48.349773033277934,50.78074265733644,36.33108336989279,1.558266052465585,2.991853148327597,203,5,-0.05,nooneve,"11-15,17-18",absbias,100
6.452084549998376,11.275574525540959,6.510250615055975,-48.55081985590848,50.58256128715536,36.30562294701867,1.558266052465585,2.991853148327597,261,5,-0.1,day,10-18,absbias,100
6.452092924531787,11.274869249164144,6.51025888453108,-47.65690243520444,50.95520588545147,36.43811308984296,1.558266052465585,2.991853148327597,13,7,-0.2,peakerr,"0,7,8,9,11,12,13,14,15,16,17,21,22",absbias,300
6.452092924531787,11.274869249164144,6.51025888453108,-47.65690243520444,50.95520588545147,36.43811308984296,1.558266052465585,2.991853148327597,13,10,-0.2,peakerr,"0,7,8,9,11,12,13,14,15,16,17,21,22",absbias,250
6.452092924531787,11.274869249164144,6.51025888453108,-47.65690243520444,50.95520588545147,36.43811308984296,1.558266052465585,2.991853148327597,13,10,-0.2,peakerr,"0,7,8,9,11,12,13,14,15,16,17,21,22",absbias,300
6.452092924531787,11.274869249164144,6.51025888453108,-47.65690243520444,50.95520588545147,36.43811308984296,1.558266052465585,2.991853148327597,13,14,-0.2,peakerr,"0,7,8,9,11,12,13,14,15,16,17,21,22",absbias,250
6.452092924531787,11.274869249164144,6.51025888453108,-47.65690243520444,50.95520588545147,36.43811308984296,1.558266052465585,2.991853148327597,13,14,-0.2,peakerr,"0,7,8,9,11,12,13,14,15,16,17,21,22",absbias,300
6.4520988133997035,11.274869249164144,6.510264699523298,-48.03283679915282,50.95520588545147,36.43811308984296,1.558266052465585,2.991853148327597,8,3,0.15,morning,7-10,absbias,500
6.452100189097032,11.274869249164144,6.510266057962537,-48.46222470619687,50.846140510717866,36.27653190640088,1.558266052465585,2.991853148327597,12,2,0.2,morning,7-10,wmape,15
6.452100189097032,11.274869249164144,6.510266057962537,-48.10830291500334,50.95520588545147,36.43811308984296,1.558266052465585,2.991853148327597,4,2,0.2,morning,7-10,absbias,700
6.452110172719111,11.266374418995682,6.51027591634033,-47.83406941450183,50.7642038414125,36.144931104519706,1.5623017248391455,2.9913452643738485,288,7,-0.1,all,0-23,wmape,10
6.452113915913424,11.273143304156912,6.510279612576367,-48.120078362681326,51.07132014238045,36.45997572569446,1.558266052465585,2.991853148327597,92,5,0.15,morning,7-10,wmape,8
6.452114751600309,11.274838047030165,6.5102804377795795,-48.089102196895595,51.11002489469012,36.49999613974903,1.558266052465585,2.991853148327597,92,5,0.2,morning,7-10,wmape,8
6.452115387573699,11.271048302053499,6.5102810657747,-48.28984314140786,50.800462414889545,36.3590453610478,1.558266052465585,2.991853148327597,147,5,-0.05,nooneve,"11-15,17-18",absbias,150
6.452119715932497,11.266089475611459,6.510285339834346,-49.17129995332643,50.609782653113214,36.43811308984296,1.558266052465585,2.991853148327597,35,2,-0.15,nooneve,"11-15,17-18",absbias,500
6.452119850551004,11.27446780678563,6.5102854727640675,-47.431343755371024,50.776364084240754,36.155161078983106,1.5658355043992447,2.9910713603170764,288,7,-0.2,all,0-23,wmape,10
6.452120531784036,11.300975002486007,6.510286145451048,-50.2908659776335,50.95520588545147,36.43811308984296,1.564520049355886,2.9898451319139796,128,1,-0.15,night,"0-6,23",absbias,300
6.452127825414921,11.274324278275259,6.510293347583519,-48.156973115302,50.79280899344215,36.322619492554395,1.558266052465585,2.991853148327597,133,7,-0.1,nooneve,"11-15,17-18",wmape,8
6.452133000670128,11.262647953014588,6.510298457915281,-47.97957607144948,50.77317535459799,36.153116968553825,1.558266052465585,2.991853148327597,108,7,-0.15,day,10-18,wmape,10
6.452145039217721,11.279014862824331,6.5103103454396,-47.67168322875047,51.04898887270656,36.58345246548521,1.558266052465585,2.991853148327597,84,14,-0.2,nooneve,"11-15,17-18",wmape,8
6.452173724778073,11.274869249164144,6.5103386711403255,-47.20138202653112,50.95520588545147,36.43811308984296,1.5526433185256947,2.9920573845745913,24,7,-0.2,all,0-23,absbias,300
6.452173724778073,11.274869249164144,6.5103386711403255,-47.20138202653112,50.95520588545147,36.43811308984296,1.5526433185256947,2.9920573845745913,24,10,-0.2,all,0-23,absbias,250
6.452173724778073,11.274869249164144,6.5103386711403255,-47.20138202653112,50.95520588545147,36.43811308984296,1.5526433185256947,2.9920573845745913,24,10,-0.2,all,0-23,absbias,300
6.452173724778073,11.274869249164144,6.5103386711403255,-47.20138202653112,50.95520588545147,36.43811308984296,1.5526433185256947,2.9920573845745913,24,14,-0.2,all,0-23,absbias,250
6.452173724778073,11.274869249164144,6.5103386711403255,-47.20138202653112,50.95520588545147,36.43811308984296,1.5526433185256947,2.9920573845745913,24,14,-0.2,all,0-23,absbias,300
6.452183216851819,11.260419487593456,6.510348044136246,-48.178616875924675,50.55353877206925,36.14682765438295,1.558266052465585,2.991853148327597,153,7,-0.1,day,10-18,absbias,150
6.452186607816479,11.274869249164144,6.510351392561341,-47.81325888229466,51.216503532952494,36.43811308984296,1.558266052465585,2.988915283101447,65,5,0.1,peakerr,"0,7,8,9,11,12,13,14,15,16,17,21,22",absbias,300
6.452189582438514,11.298039028325036,6.510354329866819,-48.588658764820885,50.864225642812386,36.872987875014935,1.558266052465585,2.991853148327597,105,3,-0.2,nooneve,"11-15,17-18",wmape,10
6.4522089883265545,11.274786073114798,6.510373492308487,-48.38649437292989,50.683991625610304,36.304774998464104,1.558266052465585,2.991853148327597,161,5,-0.1,nooneve,"11-15,17-18",wmape,8
6.4522156215647675,11.274869249164144,6.510380042332893,-48.089593410758084,50.80348880891642,36.43811308984296,1.558266052465585,2.991853148327597,77,14,-0.1,nooneve,"11-15,17-18",absbias,150
6.45222777158095,11.272351433457265,6.510392039927431,-47.93383798249027,50.94531999567088,36.51488078213044,1.563375522871136,2.992173773875004,143,10,-0.15,peakerr,"0,7,8,9,11,12,13,14,15,16,17,21,22",wmape,10
6.452247190089914,11.259000183703575,6.510411214831693,-48.48974344144776,50.88795195538853,36.33847588016717,1.558266052465585,2.991853148327597,13,3,0.2,peakerr,"0,7,8,9,11,12,13,14,15,16,17,21,22",wmape,15
6.452249605814017,11.270494564294806,6.5104136002505975,-48.1509277708443,50.69989909723838,36.252407558964705,1.558266052465585,2.991853148327597,171,7,-0.1,day,10-18,wmape,8
6.452264812308715,11.288950776544407,6.510428615980206,-48.12819899966417,50.953245354765556,36.55637720348866,1.558266052465585,2.991853148327597,104,2,0.15,morning,7-10,wmape,8
6.4522768759842695,11.274869249164144,6.510440528317256,-47.68999255866135,50.322083730828396,36.43811308984296,1.558266052465585,2.991853148327597,99,14,-0.3,day,10-18,absbias,150
6.4522874434432405,11.25222975798991,6.510450963207721,-49.65318391591699,50.4815688956654,36.11177268631748,1.5539836536539486,2.996011894508116,216,5,-0.1,all,0-23,absbias,250
6.452291140326922,11.275744168021811,6.510454613714092,-47.26548169796816,50.949679322039344,36.43550339144895,1.55425053975165,2.9924438139207,168,14,-0.2,all,0-23,wmape,10
6.4522925855362745,11.274869249164144,6.510456040793329,-48.05972516660151,51.04716697755912,36.43811308984296,1.558266052465585,2.991853148327597,20,5,0.2,morning,7-10,absbias,300
6.452304959831068,11.268427950908814,6.5104682598529084,-48.10182835745587,50.82331436415224,36.21514303810938,1.558266052465585,2.991853148327597,84,7,-0.1,nooneve,"11-15,17-18",wmape,10
6.452332519670826,11.280991852729597,6.510495473955176,-48.50454083110021,50.80245142580297,36.52838540297792,1.558266052465585,2.991853148327597,168,3,-0.1,nooneve,"11-15,17-18",wmape,8
6.452333095947825,11.299020206376111,6.510496043002795,-48.671085793216186,50.60842894859422,36.55033766648193,1.558266052465585,2.991853148327597,161,5,-0.3,nooneve,"11-15,17-18",wmape,8
6.4523361509296215,11.274869249164144,6.510499059659923,-48.016624430195215,50.95520588545147,36.43811308984296,1.558266052465585,2.991853148327597,10,3,0.1,h78901117,"7-9,11,17",absbias,500
6.452339993020488,11.273131923708453,6.510502853551856,-48.15105452846707,51.03261539007079,36.45268818041062,1.558266052465585,2.991853148327597,92,5,0.1,morning,7-10,wmape,8
6.452342010656118,11.284117482911174,6.510504845876299,-48.1473368599304,50.953898864994194,36.51695583227343,1.558266052465585,2.991853148327597,104,2,0.1,morning,7-10,wmape,8
6.4523454992108045,11.281401072566076,6.510508290667155,-47.75671817212898,50.949204025701476,36.42922128890591,1.558266052465585,2.991853148327597,40,1,0.1,h78901117,"7-9,11,17",wmape,12
6.45235092430064,11.25977315643195,6.5105136476993755,-47.66833171843379,50.95520588545147,36.43811308984296,1.558266052465585,2.991853148327597,5,1,-0.3,h78901117,"7-9,11,17",wmape,20
6.45235092430064,11.25977315643195,6.5105136476993755,-47.66833171843379,50.95520588545147,36.43811308984296,1.558266052465585,2.991853148327597,5,1,-0.3,h78901117,"7-9,11,17",wmape,25
6.45237813557111,11.286860046901188,6.510540517605149,-48.048187182928565,50.97871418624005,36.506792332489475,1.558266052465585,2.991853148327597,130,2,0.1,h78901117,"7-9,11,17",wmape,8
6.452390886274764,11.271934863563306,6.51055310835155,-48.06417682123498,50.914916205343786,36.35910039637958,1.558266052465585,2.991853148327597,105,10,-0.1,nooneve,"11-15,17-18",wmape,8
6.452398735233883,11.260129418336835,6.510560858845674,-48.07036368630516,51.00950166370747,36.48504698707163,1.556042778843461,2.9921552313229585,48,14,1.0,all,0-23,wmape,12
6.452400927868089,11.293788159824743,6.51056302397334,-48.120981569596026,50.95024800006883,36.595798574703906,1.558266052465585,2.991853148327597,104,2,0.2,morning,7-10,wmape,8
6.452407583865153,11.275212339175326,6.510569596471087,-48.50725278255573,50.396606355503195,36.36658915279254,1.558266052465585,2.991853148327597,270,7,-0.15,day,10-18,absbias,100
6.45241746616427,11.274869249164144,6.510579354797015,-48.30673013149118,50.95520588545147,36.43811308984296,1.5585605627472874,2.9869004885383235,55,14,0.1,evening,19-23,absbias,150
6.452419347268111,11.279212656878416,6.510581212302456,-48.59018953411664,50.26630328289319,36.43668628124358,1.558266052465585,2.991853148327597,270,7,-0.2,day,10-18,absbias,100
6.452423369112593,11.274869249164144,6.510585183693002,-48.44930169425294,50.73918653477224,36.43811308984296,1.558266052465585,2.991853148327597,35,5,-0.1,nooneve,"11-15,17-18",absbias,300
