3m,14d,all,bias3,low,summer,cap,eve,applied,group_by,sb_name,rb_name,rolling,stat,beta,hours,gate,th,source_bins,ratio_bins
6.491195020892435,11.364308331904992,6.548870446084727,-41.148506192825465,51.32148563514946,37.3702267936982,1.5473075597465276,3.0233306701150933,401,"hour,source_bin",wide,default,5,mean,0.3,day,wmape,15,"-1,100,500,1000,2000,4000,7000,10000,13000,1000000000","-0.01,0.01,0.03,0.05,0.07,0.1,0.2,0.45,0.75,0.9,0.98,1.01"
6.4919160251175,11.367671105554237,6.549582405330077,-42.23411339392733,50.95063283365421,37.1843117323011,1.5473075597465276,3.0233306701150933,401,"hour,source_bin",wide,default,5,mean,0.25,day,wmape,15,"-1,100,500,1000,2000,4000,7000,10000,13000,1000000000","-0.01,0.01,0.03,0.05,0.07,0.1,0.2,0.45,0.75,0.9,0.98,1.01"
6.491980499560322,11.385940861829203,6.54964607094265,-40.280602800340695,51.39453618261426,37.400892648791285,1.5473075597465276,3.0233306701150933,420,"hour,source_bin",wide,default,5,mean,0.3,lowday,wmape,12,"-1,100,500,1000,2000,4000,7000,10000,13000,1000000000","-0.01,0.01,0.03,0.05,0.07,0.1,0.2,0.45,0.75,0.9,0.98,1.01"
6.492457549175201,11.370211213154436,6.55011713598221,-41.97737118255021,50.97519310772145,37.20870798756663,1.5473075597465276,3.0233306701150933,349,"hour,source_bin",wide,default,5,mean,0.3,day,wmape,20,"-1,100,500,1000,2000,4000,7000,10000,13000,1000000000","-0.01,0.01,0.03,0.05,0.07,0.1,0.2,0.45,0.75,0.9,0.98,1.01"
6.492758526072177,11.385698213824416,6.550414337131649,-41.50299093434243,51.01150828987486,37.20986661154532,1.5473075597465276,3.0233306701150933,420,"hour,source_bin",wide,default,5,mean,0.25,lowday,wmape,12,"-1,100,500,1000,2000,4000,7000,10000,13000,1000000000","-0.01,0.01,0.03,0.05,0.07,0.1,0.2,0.45,0.75,0.9,0.98,1.01"
6.493487295500816,11.312118630612451,6.551133964166291,-47.06113652544057,51.4000946261575,36.8571433205866,1.5473075597465276,3.0055047062396296,221,"hour,source_ratio_bin,summer",wide,default,3,median,0.2,peakerr,wmape,35,"-1,100,500,1000,2000,4000,7000,10000,13000,1000000000","-0.01,0.01,0.03,0.05,0.07,0.1,0.2,0.45,0.75,0.9,0.98,1.01"
6.493824349484588,11.372590173262108,6.551466789816386,-42.938696736007074,50.66205572746421,37.04971272719145,1.5473075597465276,3.0233306701150933,349,"hour,source_bin",wide,default,5,mean,0.25,day,wmape,20,"-1,100,500,1000,2000,4000,7000,10000,13000,1000000000","-0.01,0.01,0.03,0.05,0.07,0.1,0.2,0.45,0.75,0.9,0.98,1.01"
6.493879325742307,11.332968451005215,6.551521076398344,-47.03213724473755,51.28584644536065,36.85464583145169,1.5473075597465276,3.0055047062396296,220,"hour,source_ratio_bin,summer",wide,default,8,median,0.2,peakerr,wmape,35,"-1,100,500,1000,2000,4000,7000,10000,13000,1000000000","-0.01,0.01,0.03,0.05,0.07,0.1,0.2,0.45,0.75,0.9,0.98,1.01"
6.494095519866821,11.332968451005215,6.551734558373052,-47.038785987867406,51.32028196669707,36.85464583145169,1.5473075597465276,3.0055047062396296,219,"hour,source_ratio_bin,summer",wide,default,13,median,0.2,peakerr,wmape,35,"-1,100,500,1000,2000,4000,7000,10000,13000,1000000000","-0.01,0.01,0.03,0.05,0.07,0.1,0.2,0.45,0.75,0.9,0.98,1.01"
6.49409930581685,11.332968451005215,6.551738296828432,-47.03495073877811,51.320884994939554,36.85464583145169,1.5473075597465276,3.0055047062396296,235,"hour,source_ratio_bin,summer",wide,default,34,median,0.2,peakerr,wmape,35,"-1,100,500,1000,2000,4000,7000,10000,13000,1000000000","-0.01,0.01,0.03,0.05,0.07,0.1,0.2,0.45,0.75,0.9,0.98,1.01"
6.49410124444487,11.332968451005215,6.551740211136416,-47.035186107034924,51.32119378069757,36.85464583145169,1.5473075597465276,3.0055047062396296,232,"hour,source_ratio_bin,summer",wide,default,21,median,0.2,peakerr,wmape,35,"-1,100,500,1000,2000,4000,7000,10000,13000,1000000000","-0.01,0.01,0.03,0.05,0.07,0.1,0.2,0.45,0.75,0.9,0.98,1.01"
6.494383061066042,11.387684305660137,6.552018492375222,-40.90054595970666,51.32148563514946,37.3702267936982,1.5473075597465276,3.0233306701150933,391,"hour,source_bin",wide,default,5,mean,0.3,lowday,wmape,15,"-1,100,500,1000,2000,4000,7000,10000,13000,1000000000","-0.01,0.01,0.03,0.05,0.07,0.1,0.2,0.45,0.75,0.9,0.98,1.01"
6.494396489377968,11.316795590471527,6.552031752229313,-47.129963551041115,51.26401702761421,36.7158421392242,1.5473075597465276,3.0072873026271765,221,"hour,source_ratio_bin,summer",wide,default,3,median,0.18,peakerr,wmape,35,"-1,100,500,1000,2000,4000,7000,10000,13000,1000000000","-0.01,0.01,0.03,0.05,0.07,0.1,0.2,0.45,0.75,0.9,0.98,1.01"
6.494490739691765,11.374471166943653,6.552124820175316,-43.31972059502918,50.70680142983374,37.107249667322634,1.5473075597465276,3.0233306701150933,401,"hour,source_bin",wide,default,5,mean,0.2,day,wmape,15,"-1,100,500,1000,2000,4000,7000,10000,13000,1000000000","-0.01,0.01,0.03,0.05,0.07,0.1,0.2,0.45,0.75,0.9,0.98,1.01"
6.4945404279313115,11.366218235695126,6.552173885077157,-41.590178808798065,51.01150828987486,37.20986661154532,1.5473075597465276,3.0233306701150933,434,"hour,source_bin",wide,default,5,mean,0.25,day,wmape,12,"-1,100,500,1000,2000,4000,7000,10000,13000,1000000000","-0.01,0.01,0.03,0.05,0.07,0.1,0.2,0.45,0.75,0.9,0.98,1.01"
6.494627909498751,11.334936106129936,6.552260269190552,-47.178985012459506,51.36302125438138,36.85464583145169,1.5473075597465276,3.0055047062396296,218,"hour,source_ratio_bin,summer",wide,default,5,median,0.2,peakerr,wmape,35,"-1,100,500,1000,2000,4000,7000,10000,13000,1000000000","-0.01,0.01,0.03,0.05,0.07,0.1,0.2,0.45,0.75,0.9,0.98,1.01"
6.494694430164151,11.337837387514131,6.552325955355892,-46.77009464057556,51.238337741868335,36.734037960738405,1.5473075597465276,3.0233306701150933,274,"hour,source_ratio_bin",wide,default,3,median,0.2,all,wmape,35,"-1,100,500,1000,2000,4000,7000,10000,13000,1000000000","-0.01,0.01,0.03,0.05,0.07,0.1,0.2,0.45,0.75,0.9,0.98,1.01"
6.494802639750535,11.337404867694572,6.5524328074557605,-46.71086677456219,51.41801903012625,36.7203408012544,1.5473075597465276,3.0233306701150933,241,"hour,source_ratio_bin",wide,default,3,median,0.2,peakerr,wmape,35,"-1,100,500,1000,2000,4000,7000,10000,13000,1000000000","-0.01,0.01,0.03,0.05,0.07,0.1,0.2,0.45,0.75,0.9,0.98,1.01"
6.494839142847618,11.335560428825012,6.5524688526224155,-47.1038641984084,51.175501240715136,36.71359439900277,1.5473075597465276,3.0072873026271765,220,"hour,source_ratio_bin,summer",wide,default,8,median,0.18,peakerr,wmape,35,"-1,100,500,1000,2000,4000,7000,10000,13000,1000000000","-0.01,0.01,0.03,0.05,0.07,0.1,0.2,0.45,0.75,0.9,0.98,1.01"
6.494861905734199,11.36256488807406,6.552491329949163,-40.38522824968747,51.39453618261426,37.400892648791285,1.5473075597465276,3.0233306701150933,434,"hour,source_bin",wide,default,5,mean,0.3,day,wmape,12,"-1,100,500,1000,2000,4000,7000,10000,13000,1000000000","-0.01,0.01,0.03,0.05,0.07,0.1,0.2,0.45,0.75,0.9,0.98,1.01"
6.495041965795356,11.335560428825012,6.55266913116142,-47.10984806722529,51.207806993519554,36.71359439900277,1.5473075597465276,3.0072873026271765,219,"hour,source_ratio_bin,summer",wide,default,13,median,0.18,peakerr,wmape,35,"-1,100,500,1000,2000,4000,7000,10000,13000,1000000000","-0.01,0.01,0.03,0.05,0.07,0.1,0.2,0.45,0.75,0.9,0.98,1.01"
6.495044241946933,11.335560428825012,6.552671378758733,-47.106396343044906,51.20816954021854,36.71359439900277,1.5473075597465276,3.0072873026271765,235,"hour,source_ratio_bin,summer",wide,default,34,median,0.18,peakerr,wmape,35,"-1,100,500,1000,2000,4000,7000,10000,13000,1000000000","-0.01,0.01,0.03,0.05,0.07,0.1,0.2,0.45,0.75,0.9,0.98,1.01"
6.495045986712153,11.335560428825012,6.552673101635917,-47.10660817447605,51.20844744740075,36.71359439900277,1.5473075597465276,3.0072873026271765,232,"hour,source_ratio_bin,summer",wide,default,21,median,0.18,peakerr,wmape,35,"-1,100,500,1000,2000,4000,7000,10000,13000,1000000000","-0.01,0.01,0.03,0.05,0.07,0.1,0.2,0.45,0.75,0.9,0.98,1.01"
6.495117320253095,11.387151083683525,6.552743540299398,-42.02747986632833,50.95063283365421,37.1843117323011,1.5473075597465276,3.0233306701150933,391,"hour,source_bin",wide,default,5,mean,0.25,lowday,wmape,15,"-1,100,500,1000,2000,4000,7000,10000,13000,1000000000","-0.01,0.01,0.03,0.05,0.07,0.1,0.2,0.45,0.75,0.9,0.98,1.01"
6.495276466402883,11.335737105716493,6.5529006899647735,-47.23602718935817,51.24138178719807,36.71359439900277,1.5473075597465276,3.0072873026271765,218,"hour,source_ratio_bin,summer",wide,default,5,median,0.18,peakerr,wmape,35,"-1,100,500,1000,2000,4000,7000,10000,13000,1000000000","-0.01,0.01,0.03,0.05,0.07,0.1,0.2,0.45,0.75,0.9,0.98,1.01"
6.4953489635612565,11.34202783045491,6.552972277648135,-46.86802585466261,51.163011862449416,36.67108704438128,1.5473075597465276,3.0233306701150933,274,"hour,source_ratio_bin",wide,default,3,median,0.18,all,wmape,35,"-1,100,500,1000,2000,4000,7000,10000,13000,1000000000","-0.01,0.01,0.03,0.05,0.07,0.1,0.2,0.45,0.75,0.9,0.98,1.01"
6.495594643277476,11.393587186909581,6.553214875318547,-41.65005128117234,50.97519310772145,37.20870798756663,1.5473075597465276,3.0233306701150933,344,"hour,source_bin",wide,default,5,mean,0.3,lowday,wmape,20,"-1,100,500,1000,2000,4000,7000,10000,13000,1000000000","-0.01,0.01,0.03,0.05,0.07,0.1,0.2,0.45,0.75,0.9,0.98,1.01"
6.4956267574471305,11.388892853559794,6.553246586616757,-42.72537906834416,50.755501794810264,37.12769357071803,1.5473075597465276,3.0233306701150933,420,"hour,source_bin",wide,default,5,mean,0.2,lowday,wmape,12,"-1,100,500,1000,2000,4000,7000,10000,13000,1000000000","-0.01,0.01,0.03,0.05,0.07,0.1,0.2,0.45,0.75,0.9,0.98,1.01"
6.495636273167428,11.341638562617307,6.553255982962584,-46.81472077525058,51.324725021881534,36.65875960084568,1.5473075597465276,3.0233306701150933,241,"hour,source_ratio_bin",wide,default,3,median,0.18,peakerr,wmape,35,"-1,100,500,1000,2000,4000,7000,10000,13000,1000000000","-0.01,0.01,0.03,0.05,0.07,0.1,0.2,0.45,0.75,0.9,0.98,1.01"
6.495686375683365,11.367544148458443,6.55330545694373,-41.5841753760542,51.45310803707984,37.18310694337587,1.5473075597465276,3.0233306701150933,380,"hour,source_bin",lowfine,default,5,mean,0.25,lowday,wmape,12,"-1,1,50,100,250,500,750,1000,1500,3000,7000,12000,1000000000","-0.01,0.01,0.03,0.05,0.07,0.1,0.2,0.45,0.75,0.9,0.98,1.01"
6.495782307373227,11.401117327193509,6.5534001851729755,-42.975846012151635,51.0279565529021,37.23402312514825,1.5473075597465276,3.0233306701150933,339,"hour,source_bin",wide,default,3,mean,0.25,day,wmape,20,"-1,100,500,1000,2000,4000,7000,10000,13000,1000000000","-0.01,0.01,0.03,0.05,0.07,0.1,0.2,0.45,0.75,0.9,0.98,1.01"
6.4960034976791965,11.363232986225682,6.553618600652166,-41.01685145303773,50.80691062308716,37.08598075984968,1.5473075597465276,3.0233306701150933,169,"hour,source_bin",wide,default,5,mean,0.3,lowday,absbias,250,"-1,100,500,1000,2000,4000,7000,10000,13000,1000000000","-0.01,0.01,0.03,0.05,0.07,0.1,0.2,0.45,0.75,0.9,0.98,1.01"
6.496049874423907,11.37739976878953,6.553664395601793,-43.758314224613756,50.65188880429601,37.08303012570953,1.5473075597465276,3.0233306701150933,401,"hour,source_bin",wide,default,5,mean,0.18,day,wmape,15,"-1,100,500,1000,2000,4000,7000,10000,13000,1000000000","-0.01,0.01,0.03,0.05,0.07,0.1,0.2,0.45,0.75,0.9,0.98,1.01"
6.49610168406556,11.372064769571733,6.553715555292805,-43.607740681716216,50.95914160012474,36.760849266735654,1.5473075597465276,3.0233306701150933,324,"hour,source_bin,summer",lowfine,default,21,median,0.2,day,wmape,12,"-1,1,50,100,250,500,750,1000,1500,3000,7000,12000,1000000000","-0.01,0.01,0.03,0.05,0.07,0.1,0.2,0.45,0.75,0.9,0.98,1.01"
6.49610168406556,11.372064769571733,6.553715555292805,-43.607740681716216,50.95914160012474,36.760849266735654,1.5473075597465276,3.0233306701150933,324,"hour,source_bin,summer",lowfine,default,34,median,0.2,day,wmape,12,"-1,1,50,100,250,500,750,1000,1500,3000,7000,12000,1000000000","-0.01,0.01,0.03,0.05,0.07,0.1,0.2,0.45,0.75,0.9,0.98,1.01"
6.496195009096002,11.372064769571733,6.553807709563107,-43.63761068457434,50.95903873290302,36.760849266735654,1.5473075597465276,3.0233306701150933,322,"hour,source_bin,summer",lowfine,default,13,median,0.2,day,wmape,12,"-1,1,50,100,250,500,750,1000,1500,3000,7000,12000,1000000000","-0.01,0.01,0.03,0.05,0.07,0.1,0.2,0.45,0.75,0.9,0.98,1.01"
6.496202633455677,11.336145737094824,6.553815238275383,-46.52498394960747,51.4566014795563,36.89522862513205,1.5473075597465276,3.0233306701150933,274,"hour,source_ratio_bin",wide,default,3,median,0.25,all,wmape,35,"-1,100,500,1000,2000,4000,7000,10000,13000,1000000000","-0.01,0.01,0.03,0.05,0.07,0.1,0.2,0.45,0.75,0.9,0.98,1.01"
6.496309154991518,11.373308871056363,6.55392042350126,-42.795129367908665,50.755501794810264,37.12769357071803,1.5473075597465276,3.0233306701150933,434,"hour,source_bin",wide,default,5,mean,0.2,day,wmape,12,"-1,100,500,1000,2000,4000,7000,10000,13000,1000000000","-0.01,0.01,0.03,0.05,0.07,0.1,0.2,0.45,0.75,0.9,0.98,1.01"
6.496318049786064,11.367187327132012,6.5539292067108335,-44.017109243560924,50.84024306658655,36.56085524651904,1.5473075597465276,3.0233306701150933,324,"hour,source_bin,summer",lowfine,default,21,median,0.18,day,wmape,12,"-1,1,50,100,250,500,750,1000,1500,3000,7000,12000,1000000000","-0.01,0.01,0.03,0.05,0.07,0.1,0.2,0.45,0.75,0.9,0.98,1.01"
6.496318049786064,11.367187327132012,6.5539292067108335,-44.017109243560924,50.84024306658655,36.56085524651904,1.5473075597465276,3.0233306701150933,324,"hour,source_bin,summer",lowfine,default,34,median,0.18,day,wmape,12,"-1,1,50,100,250,500,750,1000,1500,3000,7000,12000,1000000000","-0.01,0.01,0.03,0.05,0.07,0.1,0.2,0.45,0.75,0.9,0.98,1.01"
6.496361362528477,11.384258375671031,6.553971976095991,-42.58431927710443,51.383906798205444,37.26083431727717,1.5473075597465276,3.0233306701150933,324,"hour,source_bin,summer",lowfine,default,21,median,0.25,day,wmape,12,"-1,1,50,100,250,500,750,1000,1500,3000,7000,12000,1000000000","-0.01,0.01,0.03,0.05,0.07,0.1,0.2,0.45,0.75,0.9,0.98,1.01"
6.496361362528477,11.384258375671031,6.553971976095991,-42.58431927710443,51.383906798205444,37.26083431727717,1.5473075597465276,3.0233306701150933,324,"hour,source_bin,summer",lowfine,default,34,median,0.25,day,wmape,12,"-1,1,50,100,250,500,750,1000,1500,3000,7000,12000,1000000000","-0.01,0.01,0.03,0.05,0.07,0.1,0.2,0.45,0.75,0.9,0.98,1.01"
6.496402042313462,11.367187327132012,6.554012145554106,-44.043992246133236,50.84015048608702,36.56085524651904,1.5473075597465276,3.0233306701150933,322,"hour,source_bin,summer",lowfine,default,13,median,0.18,day,wmape,12,"-1,1,50,100,250,500,750,1000,1500,3000,7000,12000,1000000000","-0.01,0.01,0.03,0.05,0.07,0.1,0.2,0.45,0.75,0.9,0.98,1.01"
6.496438594569817,11.392070151391396,6.554048239263333,-42.66593015152552,50.66205572746421,37.04971272719145,1.5473075597465276,3.0233306701150933,344,"hour,source_bin",wide,default,5,mean,0.25,lowday,wmape,20,"-1,100,500,1000,2000,4000,7000,10000,13000,1000000000","-0.01,0.01,0.03,0.05,0.07,0.1,0.2,0.45,0.75,0.9,0.98,1.01"
6.49647801881653,11.384258375671031,6.554087168933871,-42.62165678067708,51.383778214178314,37.26083431727717,1.5473075597465276,3.0233306701150933,322,"hour,source_bin,summer",lowfine,default,13,median,0.25,day,wmape,12,"-1,1,50,100,250,500,750,1000,1500,3000,7000,12000,1000000000","-0.01,0.01,0.03,0.05,0.07,0.1,0.2,0.45,0.75,0.9,0.98,1.01"
6.496528829528911,11.36929698189383,6.5541373422271505,-41.29555864591888,50.718743395546575,37.273094987045425,1.5473075597465276,3.0233306701150933,256,"hour,source_bin",wide,default,5,mean,0.25,lowday,absbias,150,"-1,100,500,1000,2000,4000,7000,10000,13000,1000000000","-0.01,0.01,0.03,0.05,0.07,0.1,0.2,0.45,0.75,0.9,0.98,1.01"
6.4967124003498204,11.324601830736771,6.554318610156769,-47.23320408944195,51.102764309444694,36.52893365943816,1.5473075597465276,3.0099611972084954,221,"hour,source_ratio_bin,summer",wide,default,3,median,0.15,peakerr,wmape,35,"-1,100,500,1000,2000,4000,7000,10000,13000,1000000000","-0.01,0.01,0.03,0.05,0.07,0.1,0.2,0.45,0.75,0.9,0.98,1.01"
6.496738350714801,11.367136924434734,6.554344234975081,-42.11520594935215,50.68503332830663,36.95890206416815,1.5473075597465276,3.0233306701150933,169,"hour,source_bin",wide,default,5,mean,0.25,lowday,absbias,250,"-1,100,500,1000,2000,4000,7000,10000,13000,1000000000","-0.01,0.01,0.03,0.05,0.07,0.1,0.2,0.45,0.75,0.9,0.98,1.01"
6.496825322639019,11.350375678984834,6.554430115838715,-46.02024898631458,51.22149007489286,36.72135264246997,1.5473075597465276,3.0233306701150933,290,"hour,source_ratio_bin",wide,default,3,median,0.18,all,wmape,30,"-1,100,500,1000,2000,4000,7000,10000,13000,1000000000","-0.01,0.01,0.03,0.05,0.07,0.1,0.2,0.45,0.75,0.9,0.98,1.01"
6.496847684182392,11.33563376175999,6.554452196857094,-46.730987730797224,51.43233480220647,36.583692275127994,1.5473075597465276,3.0072873026271765,236,"hour,source_ratio_bin,summer",wide,default,3,mean,0.18,peakerr,wmape,35,"-1,100,500,1000,2000,4000,7000,10000,13000,1000000000","-0.01,0.01,0.03,0.05,0.07,0.1,0.2,0.45,0.75,0.9,0.98,1.01"
6.496863319493613,11.347112774769602,6.554467636023732,-45.82812034241107,51.30331353347216,36.789888625281385,1.5473075597465276,3.0233306701150933,290,"hour,source_ratio_bin",wide,default,3,median,0.2,all,wmape,30,"-1,100,500,1000,2000,4000,7000,10000,13000,1000000000","-0.01,0.01,0.03,0.05,0.07,0.1,0.2,0.45,0.75,0.9,0.98,1.01"
6.496938409470572,11.378406421109949,6.554541783998837,-43.90002228946396,50.475939744881735,36.999570463234924,1.5473075597465276,3.0233306701150933,349,"hour,source_bin",wide,default,5,mean,0.2,day,wmape,20,"-1,100,500,1000,2000,4000,7000,10000,13000,1000000000","-0.01,0.01,0.03,0.05,0.07,0.1,0.2,0.45,0.75,0.9,0.98,1.01"
6.496953268004399,11.385676012881245,6.554556456132731,-41.50755080787847,51.04903868290002,37.265468174689104,1.5473075597465276,3.0233306701150933,451,"hour,source_bin",wide,default,5,mean,0.25,lowday,wmape,10,"-1,100,500,1000,2000,4000,7000,10000,13000,1000000000","-0.01,0.01,0.03,0.05,0.07,0.1,0.2,0.45,0.75,0.9,0.98,1.01"
6.496971529079996,11.346680254950043,6.554574488123599,-45.7688924763977,51.48299482173007,36.77619146579739,1.5473075597465276,3.0233306701150933,257,"hour,source_ratio_bin",wide,default,3,median,0.2,peakerr,wmape,30,"-1,100,500,1000,2000,4000,7000,10000,13000,1000000000","-0.01,0.01,0.03,0.05,0.07,0.1,0.2,0.45,0.75,0.9,0.98,1.01"
6.49711263224519,11.349986411147231,6.554713821153165,-45.96694390690255,51.38320323432498,36.709025198934356,1.5473075597465276,3.0233306701150933,257,"hour,source_ratio_bin",wide,default,3,median,0.18,peakerr,wmape,30,"-1,100,500,1000,2000,4000,7000,10000,13000,1000000000","-0.01,0.01,0.03,0.05,0.07,0.1,0.2,0.45,0.75,0.9,0.98,1.01"
6.497172411675227,11.388533994828903,6.5547728506517675,-44.53157630167794,51.186040253171484,37.067855583927994,1.5473075597465276,3.0233306701150933,366,"hour,source_bin,summer",default,default,13,median,0.15,day,wmape,12,"-1,50,250,500,1000,3000,7000,12000,1000000000","-0.01,0.01,0.03,0.05,0.07,0.1,0.2,0.45,0.75,0.9,0.98,1.01"
6.497191476346781,11.348313494866078,6.554791676157501,-47.014922675793194,51.075982798905194,36.57666066984561,1.5473075597465276,3.0233306701150933,274,"hour,source_ratio_bin",wide,default,3,median,0.15,all,wmape,35,"-1,100,500,1000,2000,4000,7000,10000,13000,1000000000","-0.01,0.01,0.03,0.05,0.07,0.1,0.2,0.45,0.75,0.9,0.98,1.01"
6.497204353392042,11.337729405572958,6.554804391660555,-47.32159045470615,51.10225319334189,36.52706054258697,1.5473075597465276,3.0099611972084954,218,"hour,source_ratio_bin,summer",wide,default,5,median,0.15,peakerr,wmape,35,"-1,100,500,1000,2000,4000,7000,10000,13000,1000000000","-0.01,0.01,0.03,0.05,0.07,0.1,0.2,0.45,0.75,0.9,0.98,1.01"
6.497239841066235,11.340239196031341,6.554839434142775,-47.211454628914694,51.05425712934751,36.52706054258697,1.5473075597465276,3.0099611972084954,220,"hour,source_ratio_bin,summer",wide,default,8,median,0.15,peakerr,wmape,35,"-1,100,500,1000,2000,4000,7000,10000,13000,1000000000","-0.01,0.01,0.03,0.05,0.07,0.1,0.2,0.45,0.75,0.9,0.98,1.01"
6.497243469900692,11.390379286744059,6.554843017453596,-43.22203706588129,50.69571913277488,37.101429638765374,1.5473075597465276,3.0233306701150933,420,"hour,source_bin",wide,default,5,mean,0.18,lowday,wmape,12,"-1,100,500,1000,2000,4000,7000,10000,13000,1000000000","-0.01,0.01,0.03,0.05,0.07,0.1,0.2,0.45,0.75,0.9,0.98,1.01"
6.497254785108882,11.38856068118995,6.554854190712786,-44.255825792925336,51.0054779923561,37.36529588386333,1.5473075597465276,3.0233306701150933,390,"hour,source_bin",wide,default,5,median,0.2,day,wmape,12,"-1,100,500,1000,2000,4000,7000,10000,13000,1000000000","-0.01,0.01,0.03,0.05,0.07,0.1,0.2,0.45,0.75,0.9,0.98,1.01"
6.4972625932903245,11.36146758038955,6.554861900940791,-44.631162086328004,50.669897809896995,36.260864216194136,1.5473075597465276,3.0233306701150933,324,"hour,source_bin,summer",lowfine,default,21,median,0.15,day,wmape,12,"-1,1,50,100,250,500,750,1000,1500,3000,7000,12000,1000000000","-0.01,0.01,0.03,0.05,0.07,0.1,0.2,0.45,0.75,0.9,0.98,1.01"
6.4972625932903245,11.36146758038955,6.554861900940791,-44.631162086328004,50.669897809896995,36.260864216194136,1.5473075597465276,3.0233306701150933,324,"hour,source_bin,summer",lowfine,default,34,median,0.15,day,wmape,12,"-1,1,50,100,250,500,750,1000,1500,3000,7000,12000,1000000000","-0.01,0.01,0.03,0.05,0.07,0.1,0.2,0.45,0.75,0.9,0.98,1.01"
6.497332587063156,11.36146758038955,6.554931016643518,-44.653564588471596,50.66982065948073,36.260864216194136,1.5473075597465276,3.0233306701150933,322,"hour,source_bin,summer",lowfine,default,13,median,0.15,day,wmape,12,"-1,1,50,100,250,500,750,1000,1500,3000,7000,12000,1000000000","-0.01,0.01,0.03,0.05,0.07,0.1,0.2,0.45,0.75,0.9,0.98,1.01"
6.497407636693533,11.340239196031341,6.555005124778185,-47.21644118626209,51.080983710917906,36.52706054258697,1.5473075597465276,3.0099611972084954,219,"hour,source_ratio_bin,summer",wide,default,13,median,0.15,peakerr,wmape,35,"-1,100,500,1000,2000,4000,7000,10000,13000,1000000000","-0.01,0.01,0.03,0.05,0.07,0.1,0.2,0.45,0.75,0.9,0.98,1.01"
6.4974076481474325,11.340239196031341,6.555005136088397,-47.213564749445105,51.08098553530161,36.52706054258697,1.5473075597465276,3.0099611972084954,235,"hour,source_ratio_bin,summer",wide,default,34,median,0.15,peakerr,wmape,35,"-1,100,500,1000,2000,4000,7000,10000,13000,1000000000","-0.01,0.01,0.03,0.05,0.07,0.1,0.2,0.45,0.75,0.9,0.98,1.01"
6.49740910211845,11.340239196031341,6.555006571819384,-47.21374127563773,51.0812171246201,36.52706054258697,1.5473075597465276,3.0099611972084954,232,"hour,source_ratio_bin,summer",wide,default,21,median,0.15,peakerr,wmape,35,"-1,100,500,1000,2000,4000,7000,10000,13000,1000000000","-0.01,0.01,0.03,0.05,0.07,0.1,0.2,0.45,0.75,0.9,0.98,1.01"
6.497486065719182,11.37635370249097,6.555082569913698,-43.284812335489356,50.69571913277488,37.101429638765374,1.5473075597465276,3.0233306701150933,434,"hour,source_bin",wide,default,5,mean,0.18,day,wmape,12,"-1,100,500,1000,2000,4000,7000,10000,13000,1000000000","-0.01,0.01,0.03,0.05,0.07,0.1,0.2,0.45,0.75,0.9,0.98,1.01"
6.497559270708078,11.372064769571733,6.555154856547864,-43.610109236523904,50.94103210079126,36.760849266735654,1.5473075597465276,3.0233306701150933,315,"hour,source_bin,summer",lowfine,default,8,median,0.2,day,wmape,12,"-1,1,50,100,250,500,750,1000,1500,3000,7000,12000,1000000000","-0.01,0.01,0.03,0.05,0.07,0.1,0.2,0.45,0.75,0.9,0.98,1.01"
6.497603642077178,11.388533994828903,6.555198671279264,-44.446314981497615,51.21106817733799,37.067855583927994,1.5473075597465276,3.0233306701150933,377,"hour,source_bin,summer",default,default,34,median,0.15,day,wmape,12,"-1,50,250,500,1000,3000,7000,12000,1000000000","-0.01,0.01,0.03,0.05,0.07,0.1,0.2,0.45,0.75,0.9,0.98,1.01"
6.497604005678287,11.388533994828903,6.555199030319006,-44.446355723915,51.21112609192633,37.067855583927994,1.5473075597465276,3.0233306701150933,377,"hour,source_bin,summer",default,default,21,median,0.15,day,wmape,12,"-1,50,250,500,1000,3000,7000,12000,1000000000","-0.01,0.01,0.03,0.05,0.07,0.1,0.2,0.45,0.75,0.9,0.98,1.01"
6.497616788124431,11.367187327132012,6.555211652409689,-44.019240942887855,50.82185959200629,36.56085524651904,1.5473075597465276,3.0233306701150933,315,"hour,source_bin,summer",lowfine,default,8,median,0.18,day,wmape,12,"-1,1,50,100,250,500,750,1000,1500,3000,7000,12000,1000000000","-0.01,0.01,0.03,0.05,0.07,0.1,0.2,0.45,0.75,0.9,0.98,1.01"
6.497626046054094,11.373146264510755,6.55522079419886,-42.790326621713575,51.06620555189407,37.072135205388165,1.5473075597465276,3.0233306701150933,380,"hour,source_bin",lowfine,default,5,mean,0.2,lowday,wmape,12,"-1,1,50,100,250,500,750,1000,1500,3000,7000,12000,1000000000","-0.01,0.01,0.03,0.05,0.07,0.1,0.2,0.45,0.75,0.9,0.98,1.01"
6.497629040046993,11.355270035307681,6.555223750632194,-46.30844195216983,51.12471464260807,36.61854866825284,1.5473075597465276,3.0233306701150933,290,"hour,source_ratio_bin",wide,default,3,median,0.15,all,wmape,30,"-1,100,500,1000,2000,4000,7000,10000,13000,1000000000","-0.01,0.01,0.03,0.05,0.07,0.1,0.2,0.45,0.75,0.9,0.98,1.01"
6.497630330696777,11.40516580941218,6.555225025090808,-43.7558441581399,51.41614207065486,37.29938361931593,1.5473075597465276,3.0233306701150933,393,"hour,source_bin",default,default,8,median,0.2,day,wmape,12,"-1,50,250,500,1000,3000,7000,12000,1000000000","-0.01,0.01,0.03,0.05,0.07,0.1,0.2,0.45,0.75,0.9,0.98,1.01"
6.497632223410886,11.372588825417996,6.555226894060867,-44.08420770250354,50.95914160012474,36.760849266735654,1.5473075597465276,3.0233306701150933,313,"hour,source_bin,summer",lowfine,default,21,median,0.2,lowday,wmape,12,"-1,1,50,100,250,500,750,1000,1500,3000,7000,12000,1000000000","-0.01,0.01,0.03,0.05,0.07,0.1,0.2,0.45,0.75,0.9,0.98,1.01"
6.497632223410886,11.372588825417996,6.555226894060867,-44.08420770250354,50.95914160012474,36.760849266735654,1.5473075597465276,3.0233306701150933,313,"hour,source_bin,summer",lowfine,default,34,median,0.2,lowday,wmape,12,"-1,1,50,100,250,500,750,1000,1500,3000,7000,12000,1000000000","-0.01,0.01,0.03,0.05,0.07,0.1,0.2,0.45,0.75,0.9,0.98,1.01"
6.497659586523325,11.384913445478858,6.555253913903754,-43.1685889821617,51.383906798205444,37.26083431727717,1.5473075597465276,3.0233306701150933,313,"hour,source_bin,summer",lowfine,default,21,median,0.25,lowday,wmape,12,"-1,1,50,100,250,500,750,1000,1500,3000,7000,12000,1000000000","-0.01,0.01,0.03,0.05,0.07,0.1,0.2,0.45,0.75,0.9,0.98,1.01"
6.497659586523325,11.384913445478858,6.555253913903754,-43.1685889821617,51.383906798205444,37.26083431727717,1.5473075597465276,3.0233306701150933,313,"hour,source_bin,summer",lowfine,default,34,median,0.25,lowday,wmape,12,"-1,1,50,100,250,500,750,1000,1500,3000,7000,12000,1000000000","-0.01,0.01,0.03,0.05,0.07,0.1,0.2,0.45,0.75,0.9,0.98,1.01"
6.497705289789344,11.39005514944708,6.555299043823461,-43.15441377294999,50.70680142983374,37.107249667322634,1.5473075597465276,3.0233306701150933,391,"hour,source_bin",wide,default,5,mean,0.2,lowday,wmape,15,"-1,100,500,1000,2000,4000,7000,10000,13000,1000000000","-0.01,0.01,0.03,0.05,0.07,0.1,0.2,0.45,0.75,0.9,0.98,1.01"
6.497725548441329,11.372588825417996,6.555319048331169,-44.11407770536166,50.95903873290302,36.760849266735654,1.5473075597465276,3.0233306701150933,311,"hour,source_bin,summer",lowfine,default,13,median,0.2,lowday,wmape,12,"-1,1,50,100,250,500,750,1000,1500,3000,7000,12000,1000000000","-0.01,0.01,0.03,0.05,0.07,0.1,0.2,0.45,0.75,0.9,0.98,1.01"
6.497729604327781,11.356003899328822,6.55532305333663,-46.07831048720201,51.508225714144665,36.37002795913761,1.5473075597465276,3.0233306701150933,259,"hour,source_ratio_bin",wide,default,3,mean,0.2,peakerr,wmape,35,"-1,100,500,1000,2000,4000,7000,10000,13000,1000000000","-0.01,0.01,0.03,0.05,0.07,0.1,0.2,0.45,0.75,0.9,0.98,1.01"
6.497747435982637,11.347989105001407,6.555340661293826,-46.970501776283164,51.210743765098634,36.566387800232604,1.5473075597465276,3.0233306701150933,241,"hour,source_ratio_bin",wide,default,3,median,0.15,peakerr,wmape,35,"-1,100,500,1000,2000,4000,7000,10000,13000,1000000000","-0.01,0.01,0.03,0.05,0.07,0.1,0.2,0.45,0.75,0.9,0.98,1.01"
6.497776242811377,11.384913445478858,6.555369106741632,-43.20592648573435,51.383778214178314,37.26083431727717,1.5473075597465276,3.0233306701150933,311,"hour,source_bin,summer",lowfine,default,13,median,0.25,lowday,wmape,12,"-1,1,50,100,250,500,750,1000,1500,3000,7000,12000,1000000000","-0.01,0.01,0.03,0.05,0.07,0.1,0.2,0.45,0.75,0.9,0.98,1.01"
6.497814122637946,11.39821908809931,6.555406511366736,-43.90480081829681,50.74946087484774,37.051727143627005,1.5473075597465276,3.0233306701150933,339,"hour,source_bin",wide,default,3,mean,0.2,day,wmape,20,"-1,100,500,1000,2000,4000,7000,10000,13000,1000000000","-0.01,0.01,0.03,0.05,0.07,0.1,0.2,0.45,0.75,0.9,0.98,1.01"
6.497941515271583,11.36765897739365,6.555532305863015,-44.45045519064028,50.84024306658655,36.56085524651904,1.5473075597465276,3.0233306701150933,313,"hour,source_bin,summer",lowfine,default,21,median,0.18,lowday,wmape,12,"-1,1,50,100,250,500,750,1000,1500,3000,7000,12000,1000000000","-0.01,0.01,0.03,0.05,0.07,0.1,0.2,0.45,0.75,0.9,0.98,1.01"
6.497941515271583,11.36765897739365,6.555532305863015,-44.45045519064028,50.84024306658655,36.56085524651904,1.5473075597465276,3.0233306701150933,313,"hour,source_bin,summer",lowfine,default,34,median,0.18,lowday,wmape,12,"-1,1,50,100,250,500,750,1000,1500,3000,7000,12000,1000000000","-0.01,0.01,0.03,0.05,0.07,0.1,0.2,0.45,0.75,0.9,0.98,1.01"
6.497980242032189,11.388533994828903,6.555570546797393,-44.5183343429636,51.16197636815891,37.067855583927994,1.5473075597465276,3.0233306701150933,364,"hour,source_bin,summer",default,default,8,median,0.15,day,wmape,12,"-1,50,250,500,1000,3000,7000,12000,1000000000","-0.01,0.01,0.03,0.05,0.07,0.1,0.2,0.45,0.75,0.9,0.98,1.01"
6.498025507798981,11.36765897739365,6.555615244706288,-44.47733819321258,50.84015048608702,36.56085524651904,1.5473075597465276,3.0233306701150933,311,"hour,source_bin,summer",lowfine,default,13,median,0.18,lowday,wmape,12,"-1,1,50,100,250,500,750,1000,1500,3000,7000,12000,1000000000","-0.01,0.01,0.03,0.05,0.07,0.1,0.2,0.45,0.75,0.9,0.98,1.01"
6.498075691502272,11.391935588115077,6.555664798856295,-43.963662790385996,51.00120201115976,36.999935544257724,1.5473075597465276,3.0233306701150933,364,"hour,source_bin,summer",default,default,3,median,0.15,day,wmape,12,"-1,50,250,500,1000,3000,7000,12000,1000000000","-0.01,0.01,0.03,0.05,0.07,0.1,0.2,0.45,0.75,0.9,0.98,1.01"
6.498105229525991,11.355040806885329,6.555693966326255,-46.245700721858945,51.35423271915221,36.28483754227291,1.5473075597465276,3.0233306701150933,259,"hour,source_ratio_bin",wide,default,3,mean,0.18,peakerr,wmape,35,"-1,100,500,1000,2000,4000,7000,10000,13000,1000000000","-0.01,0.01,0.03,0.05,0.07,0.1,0.2,0.45,0.75,0.9,0.98,1.01"
6.498175344384027,11.383369004915519,6.555763201595176,-43.90243434177696,50.51986297540741,36.633382924945245,1.5473075597465276,3.0233306701150933,294,"hour,source_bin",lowfine,default,3,mean,0.2,lowday,wmape,20,"-1,1,50,100,250,500,750,1000,1500,3000,7000,12000,1000000000","-0.01,0.01,0.03,0.05,0.07,0.1,0.2,0.45,0.75,0.9,0.98,1.01"
6.498184999682848,11.354945645443012,6.555772735768518,-46.26402105265981,51.25947560880151,36.608275798639845,1.5473075597465276,3.0233306701150933,257,"hour,source_ratio_bin",wide,default,3,median,0.15,peakerr,wmape,30,"-1,100,500,1000,2000,4000,7000,10000,13000,1000000000","-0.01,0.01,0.03,0.05,0.07,0.1,0.2,0.45,0.75,0.9,0.98,1.01"
6.498233329106623,11.353777162640315,6.5558204589008975,-46.32900211107347,51.47065338985802,36.73982411956235,1.5473075597465276,3.0055047062396296,239,"hour,source_ratio_bin,summer",wide,default,34,mean,0.2,peakerr,wmape,35,"-1,100,500,1000,2000,4000,7000,10000,13000,1000000000","-0.01,0.01,0.03,0.05,0.07,0.1,0.2,0.45,0.75,0.9,0.98,1.01"
6.498242715959858,11.353777162640315,6.555829727996297,-46.31911420222925,51.472148533102825,36.73982411956235,1.5473075597465276,3.0055047062396296,239,"hour,source_ratio_bin,summer",wide,default,21,mean,0.2,peakerr,wmape,35,"-1,100,500,1000,2000,4000,7000,10000,13000,1000000000","-0.01,0.01,0.03,0.05,0.07,0.1,0.2,0.45,0.75,0.9,0.98,1.01"
6.49824878726977,11.348665867202696,6.5558357231417785,-46.48350932351633,51.40447661989904,36.61025485830237,1.5473075597465276,3.0072873026271765,230,"hour,source_ratio_bin,summer",wide,default,5,mean,0.18,peakerr,wmape,35,"-1,100,500,1000,2000,4000,7000,10000,13000,1000000000","-0.01,0.01,0.03,0.05,0.07,0.1,0.2,0.45,0.75,0.9,0.98,1.01"
6.498261142175185,11.36146758038955,6.555847923055221,-44.632938502433774,50.65457824774677,36.260864216194136,1.5473075597465276,3.0233306701150933,315,"hour,source_bin,summer",lowfine,default,8,median,0.15,day,wmape,12,"-1,1,50,100,250,500,750,1000,1500,3000,7000,12000,1000000000","-0.01,0.01,0.03,0.05,0.07,0.1,0.2,0.45,0.75,0.9,0.98,1.01"
6.498263262646804,11.39011034875868,6.555850016925578,-44.60477566396195,50.959056202977536,37.316222312078274,1.5473075597465276,3.0233306701150933,390,"hour,source_bin",wide,default,5,median,0.18,day,wmape,12,"-1,100,500,1000,2000,4000,7000,10000,13000,1000000000","-0.01,0.01,0.03,0.05,0.07,0.1,0.2,0.45,0.75,0.9,0.98,1.01"
6.498342411818898,11.384258375671031,6.5559281731733146,-42.58727997061404,51.36770487829831,37.26083431727717,1.5473075597465276,3.0233306701150933,315,"hour,source_bin,summer",lowfine,default,8,median,0.25,day,wmape,12,"-1,1,50,100,250,500,750,1000,1500,3000,7000,12000,1000000000","-0.01,0.01,0.03,0.05,0.07,0.1,0.2,0.45,0.75,0.9,0.98,1.01"
6.498343024547772,11.364703980932841,6.5559287782155184,-41.933291418363865,50.867875586078284,36.96539767668292,1.5473075597465276,3.0233306701150933,133,"hour,source_bin",wide,default,5,mean,0.3,lowday,absbias,300,"-1,100,500,1000,2000,4000,7000,10000,13000,1000000000","-0.01,0.01,0.03,0.05,0.07,0.1,0.2,0.45,0.75,0.9,0.98,1.01"
