3m,14d,all,bias3,low,summer,cap,eve,applied,rolling,stat,beta,hours_name,hours,gate,th
6.3827018413702294,11.153708291969949,6.441738310747645,-51.27725174628462,49.758573976079276,35.23735250930207,1.5302202921997843,2.978832577309609,490,1,mean,0.05,all,all,wmape,20
6.3827018413702294,11.153708291969949,6.441738310747645,-51.27725174628462,49.758573976079276,35.23735250930207,1.5302202921997843,2.978832577309609,490,1,median,0.05,all,all,wmape,20
6.382931857664088,11.17941137216709,6.441965441492931,-50.30550744617846,49.6691438443754,35.272258339744575,1.5363640318098217,2.973636498791371,1338,1,mean,0.05,all,all,absbias,100
6.382931857664088,11.17941137216709,6.441965441492931,-50.30550744617846,49.6691438443754,35.272258339744575,1.5363640318098217,2.973636498791371,1338,1,median,0.05,all,all,absbias,100
6.3829527459929345,11.089271086843876,6.441986067778221,-50.71991367687851,49.13847355248963,34.39807033862571,1.555482991553572,2.9604727215870685,52,8,mean,-0.3,evening,19-23,absbias,300
6.383080836538101,11.126837491861634,6.44211255143075,-51.61751322058509,49.365884097551806,34.59760791200896,1.540586364303545,2.9806958130550414,62,3,mean,0.1,h789111718,"7-9,11,17,18",absbias,700
6.383093013138217,11.17128641878001,6.442124575275726,-50.32901955352662,49.74880161239103,35.26561051948034,1.5302202921997843,2.9754388487192336,700,1,mean,0.05,all,all,wmape,12
6.383093013138217,11.17128641878001,6.442124575275726,-50.32901955352662,49.74880161239103,35.26561051948034,1.5302202921997843,2.9754388487192336,700,1,median,0.05,all,all,wmape,12
6.383432647497093,11.120554635379785,6.442459948930185,-51.893424495348846,49.14231051379119,34.37113848951034,1.540586364303545,2.9806958130550414,117,1,mean,0.05,h789111718,"7-9,11,17,18",wmape,20
6.383432647497093,11.120554635379785,6.442459948930185,-51.893424495348846,49.14231051379119,34.37113848951034,1.540586364303545,2.9806958130550414,117,1,median,0.05,h789111718,"7-9,11,17,18",wmape,20
6.383672189857367,11.17732139772587,6.442696486237624,-50.31031236120648,49.65431162760582,35.236327885439024,1.5372080488482214,2.976067030829543,1149,1,mean,0.05,all,all,absbias,150
6.383672189857367,11.17732139772587,6.442696486237624,-50.31031236120648,49.65431162760582,35.236327885439024,1.5372080488482214,2.976067030829543,1149,1,median,0.05,all,all,absbias,150
6.383738631063225,11.1239186753158,6.442762093940241,-51.67895408992603,49.32040198853938,34.55770039733231,1.540586364303545,2.9806958130550414,62,3,mean,0.08,h789111718,"7-9,11,17,18",absbias,700
6.383766105202336,11.176061398332108,6.442789223416974,-50.321479721225465,49.68088172354582,35.21765402697517,1.5359204136275202,2.9770771057011434,891,1,mean,0.05,all,all,absbias,250
6.383766105202336,11.176061398332108,6.442789223416974,-50.321479721225465,49.68088172354582,35.21765402697517,1.5359204136275202,2.9770771057011434,891,1,median,0.05,all,all,absbias,250
6.3839969048767315,11.111287718294928,6.443017127715309,-52.19227527850137,49.13847355248963,34.39807033862571,1.540586364303545,2.9806958130550414,33,8,mean,-0.3,h78917,"7-9,17",wmape,40
6.38448969950066,11.179259003505718,6.443503740243179,-50.448131073865916,49.66913950847317,35.2546915622848,1.5325415464620462,2.978126305268697,776,1,mean,0.05,all,all,wmape,10
6.38448969950066,11.179259003505718,6.443503740243179,-50.448131073865916,49.66913950847317,35.2546915622848,1.5325415464620462,2.978126305268697,776,1,median,0.05,all,all,wmape,10
6.384491171945594,11.141270675340873,6.443505194216328,-49.91528162004294,49.74880161239103,35.26561051948034,1.540586364303545,2.9806958130550414,437,1,mean,0.05,day,10-18,wmape,12
6.384491171945594,11.141270675340873,6.443505194216328,-49.91528162004294,49.74880161239103,35.26561051948034,1.540586364303545,2.9806958130550414,437,1,median,0.05,day,10-18,wmape,12
6.38463348562303,11.135650618636415,6.44364572257229,-51.557900824885174,49.511996776757336,34.74538851854289,1.540586364303545,2.9806958130550414,62,3,mean,0.15,h789111718,"7-9,11,17,18",absbias,700
6.384737933313894,11.139552692098007,6.443748859969524,-54.1868127406439,49.13847355248963,34.39807033862571,1.549959346145954,2.9952601983431326,127,5,median,0.2,night,"0-6,23",absbias,300
6.384789586501613,11.119540450497052,6.4437998651693125,-51.77111539393744,49.25217882502073,34.497839125317334,1.540586364303545,2.9806958130550414,62,3,mean,0.05,h789111718,"7-9,11,17,18",absbias,700
6.384800846305113,11.129858002156594,6.4438109837188655,-53.64804870117527,49.13847355248963,34.39807033862571,1.5475847323845102,2.991118276596645,127,5,median,0.15,night,"0-6,23",absbias,300
6.384826720235173,11.091852767248312,6.443836533061127,-51.125185962511424,49.13847355248963,34.39807033862571,1.5514055723080402,2.9652095074731757,52,8,mean,-0.2,evening,19-23,absbias,300
6.384955802226999,11.17686368589565,6.443963995722639,-50.54066871152205,49.76542739825505,35.21765402697517,1.537702698468885,2.977308404023116,787,1,mean,0.05,all,all,absbias,300
6.384955802226999,11.17686368589565,6.443963995722639,-50.54066871152205,49.76542739825505,35.21765402697517,1.537702698468885,2.977308404023116,787,1,median,0.05,all,all,absbias,300
6.384984497904424,11.140925883750946,6.443992331413517,-49.93838642261676,49.66913950847317,35.2546915622848,1.540586364303545,2.9806958130550414,463,1,mean,0.05,day,10-18,wmape,10
6.384984497904424,11.140925883750946,6.443992331413517,-49.93838642261676,49.66913950847317,35.2546915622848,1.540586364303545,2.9806958130550414,463,1,median,0.05,day,10-18,wmape,10
6.385014140221356,11.133291490900277,6.4440216018683385,-51.60625031148206,49.365884097551806,34.59760791200896,1.540586364303545,2.9806958130550414,58,3,mean,0.1,h7891117,"7-9,11,17",absbias,700
6.385023417989963,11.164252864040618,6.4440307632475715,-50.66096000269241,49.837970036326915,35.20595766581291,1.533968412984108,2.974464646999861,349,1,mean,0.05,all,all,absbias,700
6.385023417989963,11.164252864040618,6.4440307632475715,-50.66096000269241,49.837970036326915,35.20595766581291,1.533968412984108,2.974464646999861,349,1,median,0.05,all,all,absbias,700
6.385047444615073,11.126990625721927,6.444054488459279,-51.92662945861679,49.13847355248963,34.39807033862571,1.540586364303545,2.9806958130550414,49,3,mean,0.1,h78917,"7-9,17",absbias,700
6.385070906920107,11.126792852160666,6.444077656430293,-52.10273061712576,49.13847355248963,34.39807033862571,1.540586364303545,2.976951595940925,420,1,mean,0.05,night,"0-6,23",absbias,150
6.385070906920107,11.126792852160666,6.444077656430293,-52.10273061712576,49.13847355248963,34.39807033862571,1.540586364303545,2.976951595940925,420,1,median,0.05,night,"0-6,23",absbias,150
6.385098705401704,11.127514538184057,6.444105106180642,-52.09192952341452,49.13847355248963,34.39807033862571,1.540586364303545,2.976678657705807,465,1,mean,0.05,night,"0-6,23",absbias,100
6.385098705401704,11.127514538184057,6.444105106180642,-52.09192952341452,49.13847355248963,34.39807033862571,1.540586364303545,2.976678657705807,465,1,median,0.05,night,"0-6,23",absbias,100
6.385244876848679,11.116270460536537,6.444249443910523,-52.35158574244376,49.13847355248963,34.39807033862571,1.540586364303545,2.9806958130550414,1,13,median,0.5,night,"0-6,23",wmape,40
6.385244876848679,11.116270460536537,6.444249443910523,-52.35158574244376,49.13847355248963,34.39807033862571,1.540586364303545,2.9806958130550414,1,21,median,0.5,night,"0-6,23",wmape,40
6.385244876848679,11.116270460536537,6.444249443910523,-52.35158574244376,49.13847355248963,34.39807033862571,1.540586364303545,2.9806958130550414,1,34,mean,0.5,night,"0-6,23",wmape,40
6.385244876848679,11.116270460536537,6.444249443910523,-52.35158574244376,49.13847355248963,34.39807033862571,1.540586364303545,2.9806958130550414,1,34,median,0.5,night,"0-6,23",wmape,40
6.385285274009829,11.129081874546715,6.44428933429031,-51.669943762643605,49.32040198853938,34.55770039733231,1.540586364303545,2.9806958130550414,58,3,mean,0.08,h7891117,"7-9,11,17",absbias,700
6.385363967485409,11.124041182404037,6.444367040558236,-51.92916324475717,49.13847355248963,34.39807033862571,1.540586364303545,2.9806958130550414,49,3,mean,0.08,h78917,"7-9,17",absbias,700
6.385376941596867,11.123391868650348,6.444379851909793,-53.10928466170664,49.13847355248963,34.39807033862571,1.5452101186230665,2.98698313246606,127,5,median,0.1,night,"0-6,23",absbias,300
6.385451205083729,11.129211748334098,6.4444531837630965,-51.523001326225746,49.143576889467646,34.33606094568913,1.540586364303545,2.9806958130550414,203,1,mean,0.05,h789111718,"7-9,11,17,18",wmape,10
6.385451205083729,11.129211748334098,6.4444531837630965,-51.523001326225746,49.143576889467646,34.33606094568913,1.540586364303545,2.9806958130550414,203,1,median,0.05,h789111718,"7-9,11,17,18",wmape,10
6.385484358911138,11.127422615615657,6.444485921676581,-52.181975012431394,49.13847355248963,34.39807033862571,1.540586364303545,2.977173158989843,296,1,mean,0.05,night,"0-6,23",absbias,300
6.385484358911138,11.127422615615657,6.444485921676581,-52.181975012431394,49.13847355248963,34.39807033862571,1.540586364303545,2.977173158989843,296,1,median,0.05,night,"0-6,23",absbias,300
6.385484575006219,11.094604886728359,6.444486135060757,-50.51192891318492,49.13847355248963,34.39807033862571,1.5559504239294764,2.9668723463342204,71,8,mean,-0.3,evening,19-23,absbias,250
6.385499747609493,11.134253452696527,6.444501117324106,-49.959098935167425,49.68088172354582,35.21765402697517,1.540586364303545,2.9806958130550414,292,1,mean,0.05,day,10-18,absbias,250
6.385499747609493,11.134253452696527,6.444501117324106,-49.959098935167425,49.68088172354582,35.21765402697517,1.540586364303545,2.9806958130550414,292,1,median,0.05,day,10-18,absbias,250
6.3855388355752565,11.12582276767272,6.444539714932334,-52.14075621506496,49.13847355248963,34.39807033862571,1.540586364303545,2.976909885297665,335,1,mean,0.05,night,"0-6,23",absbias,250
6.3855388355752565,11.12582276767272,6.444539714932334,-52.14075621506496,49.13847355248963,34.39807033862571,1.540586364303545,2.976909885297665,335,1,median,0.05,night,"0-6,23",absbias,250
6.385547894456736,11.172442231917634,6.444548660170373,-50.759609756185824,49.90329305501655,35.15004641355049,1.533968412984108,2.975910636205376,503,1,mean,0.05,all,all,absbias,500
6.385547894456736,11.172442231917634,6.444548660170373,-50.759609756185824,49.90329305501655,35.15004641355049,1.533968412984108,2.975910636205376,503,1,median,0.05,all,all,absbias,500
6.385589718575095,11.112948632375465,6.444589959606227,-52.136032452859595,49.13847355248963,34.39807033862571,1.540586364303545,2.9806958130550414,33,8,mean,-0.2,h78917,"7-9,17",wmape,40
6.38575623834324,11.122767450016372,6.444754390388106,-51.76548393938592,49.25217882502073,34.497839125317334,1.540586364303545,2.9806958130550414,58,3,mean,0.05,h7891117,"7-9,11,17",absbias,700
6.38575734310491,11.178063771195678,6.444755481290568,-50.83731446342704,49.77556598438468,35.22502853250996,1.5302202921997843,2.9794927863954666,607,1,mean,0.05,all,all,wmape,15
6.38575734310491,11.178063771195678,6.444755481290568,-50.83731446342704,49.77556598438468,35.22502853250996,1.5302202921997843,2.9794927863954666,607,1,median,0.05,all,all,wmape,15
6.385779011294685,11.137036365339101,6.44477687765345,-50.28266273895653,49.90329305501655,35.15004641355049,1.540586364303545,2.9806958130550414,154,1,mean,0.05,day,10-18,absbias,500
6.385779011294685,11.137036365339101,6.44477687765345,-50.28266273895653,49.90329305501655,35.15004641355049,1.540586364303545,2.9806958130550414,154,1,median,0.05,day,10-18,absbias,500
6.3858697980587,11.152567192445055,6.444866525499815,-54.725576780112526,49.13847355248963,34.39807033862571,1.5523339599073978,2.9994021200896204,127,5,median,0.25,night,"0-6,23",absbias,300
6.385903015441611,11.119617017427197,6.444899326171501,-51.93296392396774,49.13847355248963,34.39807033862571,1.540586364303545,2.9806958130550414,49,3,mean,0.05,h78917,"7-9,17",absbias,700
6.385927544522159,11.144445033862787,6.444923547535354,-50.37837782780359,49.837970036326915,35.20595766581291,1.540586364303545,2.9806958130550414,110,1,mean,0.05,day,10-18,absbias,700
6.385927544522159,11.144445033862787,6.444923547535354,-50.37837782780359,49.837970036326915,35.20595766581291,1.540586364303545,2.9806958130550414,110,1,median,0.05,day,10-18,absbias,700
6.385984211105305,11.116270460536537,6.4449795032376525,-52.646629828002084,49.13847355248963,34.39807033862571,1.540586364303545,2.9806958130550414,4,21,median,0.25,night,"0-6,23",wmape,30
6.385984211105305,11.116270460536537,6.4449795032376525,-52.646629828002084,49.13847355248963,34.39807033862571,1.540586364303545,2.9806958130550414,4,34,median,0.25,night,"0-6,23",wmape,30
6.386007336288786,11.116219828423004,6.445002338316294,-53.861463199911434,49.13847355248963,34.39807033862571,1.540586364303545,2.98086334852301,246,5,mean,0.15,night,"0-6,23",wmape,10
6.386009164212611,11.094376769577813,6.445004143308861,-51.33948346471691,49.13847355248963,34.39807033862571,1.5497199541725828,2.9681983340094145,52,8,mean,-0.15,evening,19-23,absbias,300
6.386028701730824,11.116270460536537,6.445023435729402,-52.45362038242119,49.13847355248963,34.39807033862571,1.540586364303545,2.9806958130550414,21,21,mean,0.5,night,"0-6,23",wmape,40
6.3860704416277,11.113994289033599,6.445064652000331,-53.23409192017658,49.13847355248963,34.39807033862571,1.540586364303545,2.98080750336702,246,5,mean,0.1,night,"0-6,23",wmape,10
6.386168789813233,11.116270460536537,6.44516176641037,-52.64820580500314,49.13847355248963,34.39807033862571,1.540586364303545,2.9806958130550414,7,13,median,0.25,night,"0-6,23",wmape,30
6.386170100980429,11.121695383262974,6.445163061129007,-52.893779045919175,49.13847355248963,34.39807033862571,1.5442602731184891,2.9857174991339757,127,5,median,0.08,night,"0-6,23",absbias,300
6.38618536183647,11.133489975553827,6.445178130537997,-50.117645274292556,49.76542739825505,35.21765402697517,1.540586364303545,2.9806958130550414,249,1,mean,0.05,day,10-18,absbias,300
6.38618536183647,11.133489975553827,6.445178130537997,-50.117645274292556,49.76542739825505,35.21765402697517,1.540586364303545,2.9806958130550414,249,1,median,0.05,day,10-18,absbias,300
6.386256769200363,11.129897830782749,6.445248642098322,-52.07314942660436,49.40606013051446,34.64473772200257,1.540586364303545,2.9806958130550414,209,3,mean,0.08,h789111718,"7-9,11,17,18",wmape,12
6.386265319823288,11.12168531872383,6.4452570854539,-52.024786752565745,49.26052272943358,34.53793730260799,1.540586364303545,2.9806958130550414,229,3,mean,0.05,h789111718,"7-9,11,17,18",wmape,10
6.386269167952116,11.138459323858577,6.445260885308049,-49.96563226110355,49.65431162760582,35.236327885439024,1.540586364303545,2.9806958130550414,392,1,mean,0.05,day,10-18,absbias,150
6.386269167952116,11.138459323858577,6.445260885308049,-49.96563226110355,49.65431162760582,35.236327885439024,1.540586364303545,2.9806958130550414,392,1,median,0.05,day,10-18,absbias,150
6.386293842272192,11.116270460536537,6.445285250089405,-52.52365517895554,49.13847355248963,34.39807033862571,1.540586364303545,2.9806958130550414,4,21,median,0.2,night,"0-6,23",wmape,30
6.386293842272192,11.116270460536537,6.445285250089405,-52.52365517895554,49.13847355248963,34.39807033862571,1.540586364303545,2.9806958130550414,4,34,median,0.2,night,"0-6,23",wmape,30
6.386294433932497,11.135136468448813,6.445285834327347,-52.11025739143301,49.50321881929968,34.71593800159895,1.540586364303545,2.9806958130550414,209,3,mean,0.1,h789111718,"7-9,11,17,18",wmape,12
6.386313564149386,11.122039874283654,6.445304724556149,-52.01748747936139,49.26052272943358,34.53793730260799,1.540586364303545,2.9806958130550414,209,3,mean,0.05,h789111718,"7-9,11,17,18",wmape,12
6.386328982306763,11.129330541887034,6.4453199492931335,-52.084828263731325,49.40606013051446,34.64473772200257,1.540586364303545,2.9806958130550414,229,3,mean,0.08,h789111718,"7-9,11,17,18",wmape,10
6.38633095002394,11.134364234016655,6.4453218923253495,-52.01428477091826,49.13847355248963,34.39807033862571,1.540586364303545,2.9806958130550414,49,3,mean,0.15,h78917,"7-9,17",absbias,700
6.386333968406084,11.109539047646463,6.445324872841965,-51.751903950138214,49.13847355248963,34.39807033862571,1.5335722575594342,2.969019331376779,3,13,median,-0.3,evening,19-23,wmape,10
6.386343433253685,11.0904453337165,6.445334218953292,-51.998048999629724,49.37273580514241,34.35782873750246,1.540586364303545,2.9806958130550414,269,2,mean,-0.1,peakerr,"0,7,8,9,11,12,13,14,15,16,17,21,22",wmape,40
6.386343433253685,11.0904453337165,6.445334218953292,-51.998048999629724,49.37273580514241,34.35782873750246,1.540586364303545,2.9806958130550414,269,2,median,-0.1,peakerr,"0,7,8,9,11,12,13,14,15,16,17,21,22",wmape,40
6.386357676648892,11.119298268404366,6.445348283665468,-51.76935236045727,49.268796731930955,34.497839125317334,1.540586364303545,2.9806958130550414,102,3,mean,0.05,h789111718,"7-9,11,17,18",absbias,500
6.386393739666666,11.095408633837968,6.445383894273599,-50.98652945338237,49.13847355248963,34.39807033862571,1.5517171938919765,2.969170413316509,71,8,mean,-0.2,evening,19-23,absbias,250
6.3864180618165385,11.11330038127688,6.44540791130272,-52.99136188928014,49.13847355248963,34.39807033862571,1.540586364303545,2.9807851653046247,246,5,mean,0.08,night,"0-6,23",wmape,10
6.386436688111671,11.140217030328518,6.445426303931451,-49.95694413405843,49.6691438443754,35.272258339744575,1.540586364303545,2.9806958130550414,470,1,mean,0.05,day,10-18,absbias,100
6.386436688111671,11.140217030328518,6.445426303931451,-49.95694413405843,49.6691438443754,35.272258339744575,1.540586364303545,2.9806958130550414,470,1,median,0.05,day,10-18,absbias,100
6.386441505238535,11.116270460536537,6.44543106062758,-52.52491596055639,49.13847355248963,34.39807033862571,1.540586364303545,2.9806958130550414,7,13,median,0.2,night,"0-6,23",wmape,30
6.3864469519938964,11.134427357329171,6.445436439053531,-52.124855937841716,49.50321881929968,34.71593800159895,1.540586364303545,2.9806958130550414,229,3,mean,0.1,h789111718,"7-9,11,17,18",wmape,10
6.386450535541913,11.12525306100482,6.445439977646031,-51.68272264332925,49.361245350271844,34.55770039733231,1.540586364303545,2.9806958130550414,102,3,mean,0.08,h789111718,"7-9,11,17,18",absbias,500
6.386477497505035,11.123214421024993,6.4454666013720106,-51.456541801103,49.12214127623259,34.27068161918622,1.540586364303545,2.9806958130550414,121,1,mean,0.05,h789111718,"7-9,11,17,18",absbias,700
6.386477497505035,11.123214421024993,6.4454666013720106,-51.456541801103,49.12214127623259,34.27068161918622,1.540586364303545,2.9806958130550414,121,1,median,0.05,h789111718,"7-9,11,17,18",absbias,700
6.386501957490896,11.110790813870139,6.445490754507969,-51.61920584967977,49.13847355248963,34.39807033862571,1.540586364303545,2.9694439521149,4,8,median,-0.3,evening,19-23,absbias,700
6.386543315301789,11.128590152797337,6.445531593486173,-51.485169520817045,49.143576889467646,34.33606094568913,1.540586364303545,2.9806958130550414,183,1,mean,0.05,h789111718,"7-9,11,17,18",wmape,12
6.386543315301789,11.128590152797337,6.445531593486173,-51.485169520817045,49.143576889467646,34.33606094568913,1.540586364303545,2.9806958130550414,183,1,median,0.05,h789111718,"7-9,11,17,18",wmape,12
6.386555283904394,11.129222922738455,6.445543411942962,-51.62496949857724,49.4228777624991,34.59760791200896,1.540586364303545,2.9806958130550414,102,3,mean,0.1,h789111718,"7-9,11,17,18",absbias,500
6.386598562908591,11.091934180018507,6.445586148013148,-52.023079841668874,49.302791537998296,34.342608509015236,1.540586364303545,2.9806958130550414,269,2,mean,-0.08,peakerr,"0,7,8,9,11,12,13,14,15,16,17,21,22",wmape,40
6.386598562908591,11.091934180018507,6.445586148013148,-52.023079841668874,49.302791537998296,34.342608509015236,1.540586364303545,2.9806958130550414,269,2,median,-0.08,peakerr,"0,7,8,9,11,12,13,14,15,16,17,21,22",wmape,40
6.386614579488997,11.145331617194383,6.44560196366596,-51.541006461230616,49.511996776757336,34.74538851854289,1.540586364303545,2.9806958130550414,58,3,mean,0.15,h7891117,"7-9,11,17",absbias,700
6.386737903686653,11.128562023671114,6.445723740764684,-52.570894343595064,49.13847355248963,34.39807033862571,1.540586364303545,2.9806958130550414,118,3,mean,0.1,h78917,"7-9,17",wmape,12
6.386767759519986,11.131622392571236,6.4457532220573475,-51.831165157453185,49.14231051379119,34.37113848951034,1.540586364303545,2.9806958130550414,112,1,mean,0.05,h7891117,"7-9,11,17",wmape,20
6.386767759519986,11.131622392571236,6.4457532220573475,-51.831165157453185,49.14231051379119,34.37113848951034,1.540586364303545,2.9806958130550414,112,1,median,0.05,h7891117,"7-9,11,17",wmape,20
6.386775521918854,11.134923032417497,6.4457608870771175,-52.70097454872069,49.13847355248963,34.39807033862571,1.540586364303545,2.9806958130550414,87,3,mean,0.1,h78917,"7-9,17",wmape,15
6.386789292181924,11.124447881698234,6.445774484592587,-52.9254966281062,49.13847355248963,34.39807033862571,1.5452101186230665,2.9875621784822948,167,5,median,0.1,night,"0-6,23",absbias,250
6.3868155886246765,11.124879107320092,6.4458004511471305,-52.44457515273981,49.13847355248963,34.39807033862571,1.540586364303545,2.9806958130550414,118,3,mean,0.08,h78917,"7-9,17",wmape,12
6.386841868402239,11.116270460536537,6.445826401245553,-52.596613192649585,49.13847355248963,34.39807033862571,1.540586364303545,2.9806958130550414,9,8,median,0.25,night,"0-6,23",wmape,30
6.38687975284906,11.111602106728384,6.4458638104329475,-53.31025357657631,49.39301124952803,34.34032531384016,1.540586364303545,2.9806958130550414,381,13,median,-0.3,day,10-18,wmape,15
6.386894014140135,11.113779089415733,6.445877892816489,-52.10791104003871,49.13847355248963,34.39807033862571,1.540586364303545,2.9806958130550414,33,8,mean,-0.15,h78917,"7-9,17",wmape,40
6.386907142625409,11.116270460536537,6.445890856605245,-52.769604477048624,49.13847355248963,34.39807033862571,1.540586364303545,2.9806958130550414,4,21,median,0.3,night,"0-6,23",wmape,30
6.386907142625409,11.116270460536537,6.445890856605245,-52.769604477048624,49.13847355248963,34.39807033862571,1.540586364303545,2.9806958130550414,4,34,median,0.3,night,"0-6,23",wmape,30
6.386960191442547,11.116270460536537,6.445943239926322,-52.25155247173876,49.13847355248963,34.39807033862571,1.540586364303545,2.9806958130550414,6,8,median,0.5,night,"0-6,23",wmape,40
6.38697996810974,11.116270460536537,6.445962768495725,-52.483641870673544,49.13847355248963,34.39807033862571,1.540586364303545,2.9806958130550414,9,8,median,0.2,night,"0-6,23",wmape,30
6.38700272809066,11.116270460536537,6.445985242953261,-52.1763344147915,49.13847355248963,34.39807033862571,1.540586364303545,2.9806958130550414,7,5,median,0.5,night,"0-6,23",wmape,40
6.3870262531997986,11.129352319618512,6.446008472940503,-52.58537269016685,49.13847355248963,34.39807033862571,1.540586364303545,2.978122420881529,123,1,mean,0.05,night,"0-6,23",wmape,15
6.3870262531997986,11.129352319618512,6.446008472940503,-52.58537269016685,49.13847355248963,34.39807033862571,1.540586364303545,2.978122420881529,123,1,median,0.05,night,"0-6,23",wmape,15
6.387030414861745,11.109676955474173,6.446012582394506,-53.17649779859826,49.224392192060456,34.27988946312746,1.540586364303545,2.9806958130550414,386,21,median,-0.3,day,10-18,wmape,15
6.387044148464478,11.119354732793559,6.446026143709542,-52.25509636645689,49.13847355248963,34.39807033862571,1.540586364303545,2.9806958130550414,118,3,mean,0.05,h78917,"7-9,17",wmape,12
6.387051578698713,11.116270460536537,6.446033480731677,-53.05915655204577,49.13847355248963,34.39807033862571,1.540586364303545,2.9797842063533584,41,21,median,0.2,night,"0-6,23",absbias,300
6.387051578698713,11.116270460536537,6.446033480731677,-53.05915655204577,49.13847355248963,34.39807033862571,1.540586364303545,2.9797842063533584,41,34,median,0.2,night,"0-6,23",absbias,300
6.387053879147893,11.131724769236042,6.44603575232178,-53.37236665077461,49.13847355248963,34.39807033862571,1.5475847323845102,2.992230921814549,167,5,median,0.15,night,"0-6,23",absbias,250
6.387063774196691,11.144961408764912,6.446045523237441,-52.28083230639395,49.5068962089727,34.707397023523676,1.540586364303545,2.9806958130550414,170,3,mean,0.1,h789111718,"7-9,11,17,18",wmape,15
6.38708280086584,11.13045466051664,6.446064311217508,-52.04433269410623,49.08519651444404,34.27868579069878,1.540586364303545,2.9806958130550414,87,1,mean,0.05,h789111718,"7-9,11,17,18",wmape,25
6.38708280086584,11.13045466051664,6.446064311217508,-52.04433269410623,49.08519651444404,34.27868579069878,1.540586364303545,2.9806958130550414,87,1,median,0.05,h789111718,"7-9,11,17,18",wmape,25
6.387093778853206,11.097043669520056,6.446075151486301,-51.235491082870126,49.13847355248963,34.39807033862571,1.549953670360535,2.9709398804008393,71,8,mean,-0.15,evening,19-23,absbias,250
6.387096116387876,11.1299679143172,6.446077459696658,-52.55132224798893,49.13847355248963,34.39807033862571,1.540586364303545,2.9806958130550414,87,3,mean,0.08,h78917,"7-9,17",wmape,15
6.387102590908851,11.134182406449728,6.446083852994933,-51.78255827131532,49.14268034125293,34.33606094568913,1.540586364303545,2.9806958130550414,155,1,mean,0.05,h789111718,"7-9,11,17,18",wmape,15
6.387102590908851,11.134182406449728,6.446083852994933,-51.78255827131532,49.14268034125293,34.33606094568913,1.540586364303545,2.9806958130550414,155,1,median,0.05,h789111718,"7-9,11,17,18",wmape,15
6.387120715298762,11.117809778143835,6.44610175001483,-51.90343201304874,49.13847355248963,34.39807033862571,1.540586364303545,2.9806958130550414,79,3,mean,0.05,h78917,"7-9,17",absbias,500
6.387122674589156,11.137757783035628,6.446103684725977,-52.21229228972175,49.409002042252865,34.63790493954235,1.540586364303545,2.9806958130550414,170,3,mean,0.08,h789111718,"7-9,11,17,18",wmape,15
6.3871286370749205,11.116270460536537,6.446109572412509,-52.77149564944989,49.13847355248963,34.39807033862571,1.540586364303545,2.9806958130550414,7,13,median,0.3,night,"0-6,23",wmape,30
6.387150333691838,11.149588971037105,6.446130996845917,-52.1997741626129,49.23674191434059,34.51669133719856,1.540586364303545,2.9806958130550414,120,2,mean,0.08,h789111718,"7-9,11,17,18",wmape,20
6.387150333691838,11.149588971037105,6.446130996845917,-52.1997741626129,49.23674191434059,34.51669133719856,1.540586364303545,2.9806958130550414,120,2,median,0.08,h789111718,"7-9,11,17,18",wmape,20
6.387164335121335,11.118260804232314,6.446144822627836,-52.97190502234238,48.846187005281564,34.39143928422502,1.540586364303545,2.9806958130550414,132,34,mean,-0.3,morning,7-10,wmape,40
6.3871738590130205,11.125767564155357,6.446154227042541,-52.41762078129651,49.13847355248963,34.39807033862571,1.540586364303545,2.975873318286835,155,1,mean,0.05,night,"0-6,23",wmape,12
6.3871738590130205,11.125767564155357,6.446154227042541,-52.41762078129651,49.13847355248963,34.39807033862571,1.540586364303545,2.975873318286835,155,1,median,0.05,night,"0-6,23",wmape,12
6.387177778317676,11.11786053949423,6.44615809717962,-52.24703767826426,49.13847355248963,34.39807033862571,1.540586364303545,2.9806958130550414,133,3,mean,0.05,h78917,"7-9,17",wmape,10
6.387177816199799,11.12222327719979,6.446158134586512,-54.49196280865857,49.13847355248963,34.39807033862571,1.540586364303545,2.980919193678999,246,5,mean,0.2,night,"0-6,23",wmape,10
6.3871788004179475,11.122488398041165,6.446159106457669,-52.4316812516316,49.13847355248963,34.39807033862571,1.540586364303545,2.9806958130550414,133,3,mean,0.08,h78917,"7-9,17",wmape,10
6.387211004074915,11.116270460536537,6.446190906120577,-52.55545905472464,49.13847355248963,34.39807033862571,1.540586364303545,2.9806958130550414,15,5,median,0.25,night,"0-6,23",wmape,30
6.387237335080714,11.116270460536537,6.446216906804578,-51.823557397617726,49.13847355248963,34.39807033862571,1.540586364303545,2.9713027429722634,1,8,mean,-0.3,evening,19-23,absbias,700
6.387237335080714,11.116270460536537,6.446216906804578,-51.823557397617726,49.13847355248963,34.39807033862571,1.540586364303545,2.9713027429722634,1,13,mean,-0.3,evening,19-23,absbias,700
6.387237335080714,11.116270460536537,6.446216906804578,-51.823557397617726,49.13847355248963,34.39807033862571,1.540586364303545,2.9713027429722634,1,13,median,-0.3,evening,19-23,absbias,700
6.387237335080714,11.116270460536537,6.446216906804578,-51.823557397617726,49.13847355248963,34.39807033862571,1.540586364303545,2.9713027429722634,1,21,mean,-0.3,evening,19-23,wmape,10
6.387237335080714,11.116270460536537,6.446216906804578,-51.823557397617726,49.13847355248963,34.39807033862571,1.540586364303545,2.9713027429722634,1,21,mean,-0.3,evening,19-23,absbias,700
6.387237335080714,11.116270460536537,6.446216906804578,-51.823557397617726,49.13847355248963,34.39807033862571,1.540586364303545,2.9713027429722634,1,21,median,-0.3,evening,19-23,wmape,10
6.387237335080714,11.116270460536537,6.446216906804578,-51.823557397617726,49.13847355248963,34.39807033862571,1.540586364303545,2.9713027429722634,1,21,median,-0.3,evening,19-23,absbias,700
6.387237335080714,11.116270460536537,6.446216906804578,-51.823557397617726,49.13847355248963,34.39807033862571,1.540586364303545,2.9713027429722634,1,34,mean,-0.3,evening,19-23,wmape,10
6.387237335080714,11.116270460536537,6.446216906804578,-51.823557397617726,49.13847355248963,34.39807033862571,1.540586364303545,2.9713027429722634,1,34,mean,-0.3,evening,19-23,absbias,700
6.387237335080714,11.116270460536537,6.446216906804578,-51.823557397617726,49.13847355248963,34.39807033862571,1.540586364303545,2.9713027429722634,1,34,median,-0.3,evening,19-23,wmape,10
6.387237335080714,11.116270460536537,6.446216906804578,-51.823557397617726,49.13847355248963,34.39807033862571,1.540586364303545,2.9713027429722634,1,34,median,-0.3,evening,19-23,absbias,700
6.3872461786624,11.122427094698235,6.446225639443752,-52.74674861903883,49.13847355248963,34.39807033862571,1.5442602731184891,2.9860831054695436,167,5,median,0.08,night,"0-6,23",absbias,250
6.387254170106636,11.125573637072456,6.446233530635527,-52.55477696720981,49.13847355248963,34.39807033862571,1.540586364303545,2.9806958130550414,133,3,mean,0.1,h78917,"7-9,17",wmape,10
6.387260779942666,11.116270460536537,6.4462400575513294,-52.400680529908996,49.13847355248963,34.39807033862571,1.540586364303545,2.9806958130550414,4,21,median,0.15,night,"0-6,23",wmape,30
6.387260779942666,11.116270460536537,6.4462400575513294,-52.400680529908996,49.13847355248963,34.39807033862571,1.540586364303545,2.9806958130550414,4,34,median,0.15,night,"0-6,23",wmape,30
6.387272458429824,11.113280581351244,6.446251589532162,-52.6315098993386,49.13847355248963,34.39807033862571,1.540586364303545,2.9807516582110307,246,5,mean,0.05,night,"0-6,23",wmape,10
6.387275276647881,11.116270460536537,6.446254372395746,-52.4507185603336,49.13847355248963,34.39807033862571,1.540586364303545,2.9806958130550414,15,5,median,0.2,night,"0-6,23",wmape,30
6.387278682396776,11.117881499451597,6.446257735419607,-50.23711342899695,48.833117220344114,34.49483217624809,1.540586364303545,2.9806958130550414,532,34,mean,0.05,day,10-18,absbias,100
6.387285136845492,11.136960422794592,6.446264108897427,-50.12741158644332,49.77556598438468,35.22502853250996,1.540586364303545,2.9806958130550414,398,1,mean,0.05,day,10-18,wmape,15
6.387285136845492,11.136960422794592,6.446264108897427,-50.12741158644332,49.77556598438468,35.22502853250996,1.540586364303545,2.9806958130550414,398,1,median,0.05,day,10-18,wmape,15
6.3873243172250795,11.1269523444417,6.446302797760146,-52.109482264713456,49.26236142427008,34.533666813570356,1.540586364303545,2.9806958130550414,170,3,mean,0.05,h789111718,"7-9,11,17,18",wmape,15
6.387330655186828,11.12096021073301,6.446309056212327,-51.74050542171277,49.268796731930955,34.497839125317334,1.540586364303545,2.9806958130550414,94,3,mean,0.05,h7891117,"7-9,11,17",absbias,500
6.387371527167423,11.116270460536537,6.446349415454961,-52.40162611610963,49.13847355248963,34.39807033862571,1.540586364303545,2.9806958130550414,7,13,median,0.15,night,"0-6,23",wmape,30
6.3874086061395134,11.116270460536537,6.446386029272285,-52.80230655972667,49.13847355248963,34.39807033862571,1.540586364303545,2.9795214944166646,41,21,median,0.15,night,"0-6,23",absbias,300
6.3874086061395134,11.116270460536537,6.446386029272285,-52.80230655972667,49.13847355248963,34.39807033862571,1.540586364303545,2.9795214944166646,41,34,median,0.15,night,"0-6,23",absbias,300
6.387425753147104,11.122871476587969,6.446402961171102,-51.88850159425823,49.13847355248963,34.39807033862571,1.540586364303545,2.9806958130550414,79,3,mean,0.08,h78917,"7-9,17",absbias,500
6.387477776122369,11.134346836942626,6.446454331519464,-52.11226452352778,49.16473853824846,34.45790831210548,1.540586364303545,2.9806958130550414,120,2,mean,0.05,h789111718,"7-9,11,17,18",wmape,20
6.387477776122369,11.134346836942626,6.446454331519464,-52.11226452352778,49.16473853824846,34.45790831210548,1.540586364303545,2.9806958130550414,120,2,median,0.05,h789111718,"7-9,11,17,18",wmape,20
6.387483045517428,11.099848117675256,6.446459534810095,-51.559613374068576,49.13847355248963,34.39807033862571,1.5472260509997318,2.9719238175326614,52,8,mean,-0.1,evening,19-23,absbias,300
6.38748874453009,11.09597317841909,6.446465162328787,-51.975653896795905,49.19736357392752,34.07915736370652,1.540586364303545,2.9806958130550414,329,2,mean,-0.08,all,all,wmape,40
6.38748874453009,11.09597317841909,6.446465162328787,-51.975653896795905,49.19736357392752,34.07915736370652,1.540586364303545,2.9806958130550414,329,2,median,-0.08,all,all,wmape,40
6.387489019830686,11.124652620303229,6.446465434175744,-52.378856671383,49.13847355248963,34.39807033862571,1.540586364303545,2.974547863904103,181,1,mean,0.05,night,"0-6,23",wmape,10
6.387489019830686,11.124652620303229,6.446465434175744,-52.378856671383,49.13847355248963,34.39807033862571,1.540586364303545,2.974547863904103,181,1,median,0.05,night,"0-6,23",wmape,10
6.387511088706985,11.119150655181913,6.446487226198549,-52.57052062223801,49.13847355248963,34.39807033862571,1.5428355048616231,2.983819049135851,127,5,median,0.05,night,"0-6,23",absbias,300
6.38751126452444,11.090621215512591,6.446487399810379,-51.90605215845542,49.13847355248963,34.39807033862571,1.540586364303545,2.9719951458311606,5,3,median,-0.3,evening,19-23,wmape,15
6.3875155335338425,11.123506353241835,6.446491615265167,-51.972198004986154,49.26052272943358,34.53793730260799,1.540586364303545,2.9806958130550414,201,3,mean,0.05,h7891117,"7-9,11,17",wmape,12
6.387520014278518,11.11248572815196,6.446496039799013,-52.90083389073022,49.31220468353099,34.338276846440145,1.540586364303545,2.9806958130550414,381,13,median,-0.2,day,10-18,wmape,15
6.387528300256282,11.116270460536537,6.446504221829397,-52.223654078574,49.13847355248963,34.39807033862571,1.540586364303545,2.9806958130550414,1,13,median,0.3,night,"0-6,23",wmape,40
6.387528300256282,11.116270460536537,6.446504221829397,-52.223654078574,49.13847355248963,34.39807033862571,1.540586364303545,2.9806958130550414,1,21,median,0.3,night,"0-6,23",wmape,40
6.387528300256282,11.116270460536537,6.446504221829397,-52.223654078574,49.13847355248963,34.39807033862571,1.540586364303545,2.9806958130550414,1,34,mean,0.3,night,"0-6,23",wmape,40
6.387528300256282,11.116270460536537,6.446504221829397,-52.223654078574,49.13847355248963,34.39807033862571,1.540586364303545,2.9806958130550414,1,34,median,0.3,night,"0-6,23",wmape,40
6.387541132298705,11.129933261506384,6.446516892894174,-51.493603094707936,49.164843473684385,34.33394524998282,1.540586364303545,2.9806958130550414,161,1,mean,0.05,h789111718,"7-9,11,17,18",absbias,500
6.387541132298705,11.129933261506384,6.446516892894174,-51.493603094707936,49.164843473684385,34.33394524998282,1.540586364303545,2.9806958130550414,161,1,median,0.05,h789111718,"7-9,11,17,18",absbias,500
6.387549488604711,11.088225772373496,6.446525144370534,-51.85600563652846,49.03304558841886,34.134619193316986,1.540586364303545,2.9806958130550414,40,2,mean,-0.08,morning,7-10,wmape,40
6.387549488604711,11.088225772373496,6.446525144370534,-51.85600563652846,49.03304558841886,34.134619193316986,1.540586364303545,2.9806958130550414,40,2,median,-0.08,morning,7-10,wmape,40
6.38755276074656,11.120770115816669,6.446528375463445,-52.211872210170235,49.06311635584461,34.26865707128488,1.540586364303545,2.9806958130550414,60,1,mean,0.05,h789111718,"7-9,11,17,18",wmape,40
6.38755276074656,11.120770115816669,6.446528375463445,-52.211872210170235,49.06311635584461,34.26865707128488,1.540586364303545,2.9806958130550414,60,1,median,0.05,h789111718,"7-9,11,17,18",wmape,40
6.387564265934446,11.116270460536537,6.44653973631904,-52.99012167832373,49.13847355248963,34.39807033862571,1.540586364303545,2.9806958130550414,10,21,median,0.2,night,"0-6,23",wmape,20
6.387564265934446,11.116270460536537,6.44653973631904,-52.99012167832373,49.13847355248963,34.39807033862571,1.540586364303545,2.9806958130550414,10,34,median,0.2,night,"0-6,23",wmape,20
6.387565836963495,11.116270460536537,6.446541287639571,-52.59492027887083,49.13847355248963,34.39807033862571,1.540586364303545,2.9806958130550414,5,21,median,0.2,night,"0-6,23",wmape,25
6.387565836963495,11.116270460536537,6.446541287639571,-52.59492027887083,49.13847355248963,34.39807033862571,1.540586364303545,2.9806958130550414,5,34,median,0.2,night,"0-6,23",wmape,25
6.38757072689351,11.094261826008472,6.446546116225537,-51.547870720378256,49.13847355248963,34.39807033862571,1.540586364303545,2.9806958130550414,20,2,mean,-0.1,h78917,"7-9,17",wmape,40
6.38757072689351,11.094261826008472,6.446546116225537,-51.547870720378256,49.13847355248963,34.39807033862571,1.540586364303545,2.9806958130550414,20,2,median,-0.1,h78917,"7-9,17",wmape,40
6.387572423278673,11.144881252712892,6.446547791329592,-52.17378363490032,49.13847355248963,34.39807033862571,1.540586364303545,2.974997957104718,420,1,mean,0.08,night,"0-6,23",absbias,150
6.387572423278673,11.144881252712892,6.446547791329592,-52.17378363490032,49.13847355248963,34.39807033862571,1.540586364303545,2.974997957104718,420,1,median,0.08,night,"0-6,23",absbias,150
6.387574204469433,11.116270460536537,6.446549550175358,-52.7357112028962,49.13847355248963,34.39807033862571,1.540586364303545,2.9806958130550414,5,21,median,0.25,night,"0-6,23",wmape,25
6.387574204469433,11.116270460536537,6.446549550175358,-52.7357112028962,49.13847355248963,34.39807033862571,1.540586364303545,2.9806958130550414,5,34,median,0.25,night,"0-6,23",wmape,25
6.387601917747944,11.11711957938994,6.446576915791494,-51.79908021307627,49.13847355248963,34.39807033862571,1.540586364303545,2.9806958130550414,257,3,mean,0.05,h78917,"7-9,17",absbias,100
6.387615613752389,11.124839023652271,6.446590439979909,-52.73372464426509,49.13847355248963,34.39807033862571,1.5452101186230665,2.9892074588566033,262,5,median,0.1,night,"0-6,23",absbias,150
6.3876169008492285,11.146035950350317,6.446591710930153,-52.15650188496234,49.13847355248963,34.39807033862571,1.540586364303545,2.9745612559285286,465,1,mean,0.08,night,"0-6,23",absbias,100
6.3876169008492285,11.146035950350317,6.446591710930153,-52.15650188496234,49.13847355248963,34.39807033862571,1.540586364303545,2.9745612559285286,465,1,median,0.08,night,"0-6,23",absbias,100
6.387641612023677,11.116270460536537,6.446616112103544,-53.22971295221232,49.13847355248963,34.39807033862571,1.540586364303545,2.9806958130550414,10,21,median,0.25,night,"0-6,23",wmape,20
6.387641612023677,11.116270460536537,6.446616112103544,-53.22971295221232,49.13847355248963,34.39807033862571,1.540586364303545,2.9806958130550414,10,34,median,0.25,night,"0-6,23",wmape,20
6.3876423888604785,11.116270460536537,6.4466168791949485,-53.316006544364875,49.13847355248963,34.39807033862571,1.540586364303545,2.9800469182900526,41,21,median,0.25,night,"0-6,23",absbias,300
6.3876423888604785,11.116270460536537,6.4466168791949485,-53.316006544364875,49.13847355248963,34.39807033862571,1.540586364303545,2.9800469182900526,41,34,median,0.25,night,"0-6,23",absbias,300
6.38764916338704,11.122012159942503,6.446623568735245,-51.96413931679352,49.26052272943358,34.53793730260799,1.540586364303545,2.9806958130550414,216,3,mean,0.05,h7891117,"7-9,11,17",wmape,10
6.387652584518684,11.119208608350121,6.44662694694888,-51.31979726225915,49.13992077931918,34.48856129832138,1.540586364303545,2.9806958130550414,152,13,median,0.5,peakerr,"0,7,8,9,11,12,13,14,15,16,17,21,22",wmape,40
6.387652584518684,11.119208608350121,6.44662694694888,-51.31979726225915,49.13992077931918,34.48856129832138,1.540586364303545,2.9806958130550414,152,13,median,0.5,all,all,wmape,40
6.3876662102296695,11.118294911870219,6.446640401725667,-52.369163576322926,49.13847355248963,34.39807033862571,1.540586364303545,2.9806958130550414,72,34,mean,-0.3,h78917,"7-9,17",wmape,40
6.3876719541464695,11.126245942217391,6.446646073585175,-51.87854798173123,49.13847355248963,34.39807033862571,1.540586364303545,2.9806958130550414,79,3,mean,0.1,h78917,"7-9,17",absbias,500
6.387672882905779,11.110285792628382,6.446646990693222,-51.50648769907163,49.13847355248963,34.39807033862571,1.540586364303545,2.972403663542028,8,5,mean,-0.2,evening,19-23,absbias,700
6.387689040524176,11.12253523716675,6.446662945614709,-52.32684379689129,49.13847355248963,34.39807033862571,1.540586364303545,2.9806958130550414,87,3,mean,0.05,h78917,"7-9,17",wmape,15
6.387707311481224,11.098688432690135,6.446680987363063,-52.02148032849484,49.128992255897224,34.10446119973843,1.540586364303545,2.9806958130550414,329,2,mean,-0.05,all,all,wmape,40
6.387707311481224,11.098688432690135,6.446680987363063,-52.02148032849484,49.128992255897224,34.10446119973843,1.540586364303545,2.9806958130550414,329,2,median,-0.05,all,all,wmape,40
6.387711928900789,11.116270460536537,6.446685546857216,-52.99138245992458,49.13847355248963,34.39807033862571,1.540586364303545,2.9806958130550414,13,13,median,0.2,night,"0-6,23",wmape,20
6.387713499929837,11.116270460536537,6.446687098177745,-52.596181060471686,49.13847355248963,34.39807033862571,1.540586364303545,2.9806958130550414,8,13,median,0.2,night,"0-6,23",wmape,25
6.387740657586553,11.110790813870139,6.446713915142348,-51.75672276070965,49.13847355248963,34.39807033862571,1.540586364303545,2.9725749754758257,4,8,median,-0.2,evening,19-23,absbias,700
6.387744232621818,11.098692320115687,6.446717445328885,-52.048395204001075,49.20240584276823,34.33061693828534,1.540586364303545,2.9806958130550414,269,2,mean,-0.05,peakerr,"0,7,8,9,11,12,13,14,15,16,17,21,22",wmape,40
6.387744232621818,11.098692320115687,6.446717445328885,-52.048395204001075,49.20240584276823,34.33061693828534,1.540586364303545,2.9806958130550414,269,2,median,-0.05,peakerr,"0,7,8,9,11,12,13,14,15,16,17,21,22",wmape,40
6.387758783177359,11.116270460536537,6.446731813348077,-52.73728717989726,49.13847355248963,34.39807033862571,1.540586364303545,2.9806958130550414,8,13,median,0.25,night,"0-6,23",wmape,25
6.387758867865334,11.118200530817933,6.446731896973641,-50.45578855652039,48.874000618715634,34.511972447602105,1.540586364303545,2.9806958130550414,594,34,mean,0.05,day,10-18,wmape,10
6.3877623063880185,11.106337058836695,6.446735292360146,-51.637804919996064,49.13847355248963,34.39807033862571,1.540586364303545,2.972629696471943,8,5,mean,-0.15,evening,19-23,absbias,700
6.387771994322986,11.122289286803062,6.446744858760216,-52.759479860232176,49.259118218816354,34.64372846075668,1.540586364303545,2.9806958130550414,90,8,mean,-0.2,h7891117,"7-9,11,17",wmape,40
6.387771994322986,11.122289286803062,6.446744858760216,-52.759479860232176,49.259118218816354,34.64372846075668,1.540586364303545,2.9806958130550414,90,8,mean,-0.2,h789111718,"7-9,11,17,18",wmape,40
6.387775374320827,11.116270460536537,6.4467481963560695,-52.3706705486975,49.13847355248963,34.39807033862571,1.540586364303545,2.9806958130550414,9,8,median,0.15,night,"0-6,23",wmape,30
6.387808008874964,11.117597356333722,6.446780421510553,-52.66159329856736,48.94148552353862,34.39364963569192,1.540586364303545,2.9806958130550414,132,34,mean,-0.2,morning,7-10,wmape,40
6.387808872038561,11.127101437978865,6.446781273845785,-52.65776127395077,49.13847355248963,34.39807033862571,1.540586364303545,2.9806958130550414,83,1,mean,0.05,night,"0-6,23",wmape,20
6.387808872038561,11.127101437978865,6.446781273845785,-52.65776127395077,49.13847355248963,34.39807033862571,1.540586364303545,2.9806958130550414,83,1,median,0.05,night,"0-6,23",wmape,20
6.3878147289733,11.111628846073495,6.446787057305424,-52.80330782652557,49.20250522030889,34.311494451073564,1.540586364303545,2.9806958130550414,386,21,median,-0.2,day,10-18,wmape,15
6.387826190731605,11.116270460536537,6.446798375276262,-53.23128892921337,49.13847355248963,34.39807033862571,1.540586364303545,2.9806958130550414,13,13,median,0.25,night,"0-6,23",wmape,20
6.3878301032201,11.113654392422141,6.446802238682689,-52.56292069448011,49.13847355248963,34.39807033862571,1.540586364303545,2.9806958130550414,8,34,mean,0.25,night,"0-6,23",wmape,35
6.387852525154454,11.095722132653867,6.446824379334445,-51.64464789285648,49.13847355248963,34.39807033862571,1.540586364303545,2.9806958130550414,20,2,mean,-0.08,h78917,"7-9,17",wmape,40
6.387852525154454,11.095722132653867,6.446824379334445,-51.64464789285648,49.13847355248963,34.39807033862571,1.540586364303545,2.9806958130550414,20,2,median,-0.08,h78917,"7-9,17",wmape,40
6.387856220683751,11.122398517294538,6.446828028503421,-52.59200870433446,49.13847355248963,34.39807033862571,1.5442602731184891,2.9873993297689907,262,5,median,0.08,night,"0-6,23",absbias,150
6.3878613627997085,11.135076007139153,6.446833106111666,-51.97051756381874,49.411261138766555,34.59566864597471,1.540586364303545,2.9806958130550414,117,1,mean,0.08,h789111718,"7-9,11,17,18",wmape,20
6.3878613627997085,11.135076007139153,6.446833106111666,-51.97051756381874,49.411261138766555,34.59566864597471,1.540586364303545,2.9806958130550414,117,1,median,0.08,h789111718,"7-9,11,17,18",wmape,20
6.387878203559443,11.114238495670268,6.446849735604494,-52.180605841095115,49.13847355248963,34.39807033862571,1.540586364303545,2.9806958130550414,43,13,mean,-0.3,h78917,"7-9,17",wmape,40
6.387895463128512,11.10483525279572,6.446866778652708,-51.31010724017508,49.13847355248963,34.39807033862571,1.5274551443459938,2.972966272586381,20,5,median,-0.2,evening,19-23,absbias,500
6.387904889527324,11.14223021320902,6.446876086797586,-53.81923667344303,49.13847355248963,34.39807033862571,1.549959346145954,2.996906442762705,167,5,median,0.2,night,"0-6,23",absbias,250
6.387920331668477,11.112129650540838,6.446891335217471,-51.840781944024165,49.13847355248963,34.39807033862571,1.5362716559664968,2.9730291320144695,3,13,median,-0.2,evening,19-23,wmape,10
6.3879241477237585,11.118019779382577,6.446895103400435,-50.65234906657398,48.79582592050808,34.511972447602105,1.540586364303545,2.9806958130550414,491,34,mean,0.05,day,10-18,wmape,25
6.387925734732372,11.099802984538776,6.446896670500067,-51.70559192361132,49.25046363616064,34.653929150210296,1.540586364303545,2.9806958130550414,62,2,mean,-0.1,h7891117,"7-9,11,17",wmape,40
6.387925734732372,11.099802984538776,6.446896670500067,-51.70559192361132,49.25046363616064,34.653929150210296,1.540586364303545,2.9806958130550414,62,2,mean,-0.1,h789111718,"7-9,11,17,18",wmape,40
6.387925734732372,11.099802984538776,6.446896670500067,-51.70559192361132,49.25046363616064,34.653929150210296,1.540586364303545,2.9806958130550414,62,2,median,-0.1,h7891117,"7-9,11,17",wmape,40
6.387925734732372,11.099802984538776,6.446896670500067,-51.70559192361132,49.25046363616064,34.653929150210296,1.540586364303545,2.9806958130550414,62,2,median,-0.1,h789111718,"7-9,11,17,18",wmape,40
6.38793633138173,11.116270460536537,6.446907134214726,-52.709584514625625,49.13847355248963,34.39807033862571,1.540586364303545,2.9806958130550414,9,8,median,0.3,night,"0-6,23",wmape,30
6.38793972819843,11.176156214293043,6.446910488418448,-50.67494404421387,49.28243615851366,34.90042422127392,1.5348688202031318,2.9831939546323776,567,2,mean,0.05,peakerr,"0,7,8,9,11,12,13,14,15,16,17,21,22",wmape,12
6.38793972819843,11.176156214293043,6.446910488418448,-50.67494404421387,49.28243615851366,34.90042422127392,1.5348688202031318,2.9831939546323776,567,2,median,0.05,peakerr,"0,7,8,9,11,12,13,14,15,16,17,21,22",wmape,12
6.387990461602527,11.116270460536537,6.446960585373277,-52.284874862560464,49.13847355248963,34.39807033862571,1.540586364303545,2.9806958130550414,21,21,mean,0.3,night,"0-6,23",wmape,40
6.387996855724431,11.116270460536537,6.446966899281084,-52.34597806594254,49.13847355248963,34.39807033862571,1.540586364303545,2.9806958130550414,15,5,median,0.15,night,"0-6,23",wmape,30
6.388004130319073,11.117359711797008,6.446974082616121,-52.7500019732106,49.13847355248963,34.39807033862571,1.540586364303545,2.9782945043146847,221,3,mean,0.08,night,"0-6,23",wmape,10
6.388007301202611,11.127912168730647,6.446977213721004,-51.63656754133803,49.361245350271844,34.55770039733231,1.540586364303545,2.9806958130550414,94,3,mean,0.08,h7891117,"7-9,11,17",absbias,500
6.38801734297048,11.103622386682336,6.4469871295151515,-51.769122140920494,49.13847355248963,34.39807033862571,1.540586364303545,2.9732743444382903,8,5,mean,-0.1,evening,19-23,absbias,700
6.388040066196769,11.12651783738823,6.447009567679142,-52.25682153649399,49.13847355248963,34.39807033862571,1.540586364303545,2.9778644986139486,176,1,mean,0.05,night,"0-6,23",absbias,500
6.388040066196769,11.12651783738823,6.447009567679142,-52.25682153649399,49.13847355248963,34.39807033862571,1.540586364303545,2.9778644986139486,176,1,median,0.05,night,"0-6,23",absbias,500
6.388050945466733,11.118613117064672,6.44702031046894,-52.937923182731865,49.13847355248963,34.39807033862571,1.540586364303545,2.977694177129595,221,3,mean,0.1,night,"0-6,23",wmape,10
6.388058831427677,11.14588887424088,6.447028097500705,-52.300574667389355,49.13847355248963,34.39807033862571,1.540586364303545,2.9753524579829866,296,1,mean,0.08,night,"0-6,23",absbias,300
6.388058831427677,11.14588887424088,6.447028097500705,-52.300574667389355,49.13847355248963,34.39807033862571,1.540586364303545,2.9753524579829866,296,1,median,0.08,night,"0-6,23",absbias,300
6.388069243705999,11.102506022140354,6.447038379157258,-51.36087207244698,49.13847355248963,34.39807033862571,1.5500662504014817,2.973405532298795,11,8,mean,-0.3,evening,19-23,absbias,500
6.388082757034322,11.119395914198236,6.447051722961221,-52.47862660543778,49.13847355248963,34.39807033862571,1.5428355048616231,2.9838644959504164,167,5,median,0.05,night,"0-6,23",absbias,250
6.388084284120564,11.091493228413063,6.447053230890204,-51.81025033994198,49.125148020803316,34.27782573973844,1.540586364303545,2.9806958130550414,40,2,mean,-0.1,morning,7-10,wmape,40
6.388084284120564,11.091493228413063,6.447053230890204,-51.81025033994198,49.125148020803316,34.27782573973844,1.540586364303545,2.9806958130550414,40,2,median,-0.1,morning,7-10,wmape,40
6.388085255367127,11.101626050970083,6.447054189952504,-51.49028511950405,49.13847355248963,34.39807033862571,1.5473818617917001,2.9734460044721764,71,8,mean,-0.1,evening,19-23,absbias,250
6.388088362825671,11.116270460536537,6.4470572584280585,-52.54545656740758,49.13847355248963,34.39807033862571,1.540586364303545,2.9798793400287438,41,21,median,0.1,night,"0-6,23",absbias,300
6.388088362825671,11.116270460536537,6.4470572584280585,-52.54545656740758,49.13847355248963,34.39807033862571,1.540586364303545,2.9798793400287438,41,34,median,0.1,night,"0-6,23",absbias,300
6.3880938057999295,11.121893445339715,6.447062633120344,-50.44532591354386,48.8253697147066,34.51618042383058,1.540586364303545,2.9806958130550414,455,21,mean,0.05,day,10-18,absbias,100
6.388099156108182,11.116270460536537,6.447067916309115,-52.19167116260657,49.13847355248963,34.39807033862571,1.540586364303545,2.9806958130550414,1,13,median,0.25,night,"0-6,23",wmape,40
6.388099156108182,11.116270460536537,6.447067916309115,-52.19167116260657,49.13847355248963,34.39807033862571,1.540586364303545,2.9806958130550414,1,21,median,0.25,night,"0-6,23",wmape,40
6.388099156108182,11.116270460536537,6.447067916309115,-52.19167116260657,49.13847355248963,34.39807033862571,1.540586364303545,2.9806958130550414,1,34,mean,0.25,night,"0-6,23",wmape,40
6.388099156108182,11.116270460536537,6.447067916309115,-52.19167116260657,49.13847355248963,34.39807033862571,1.540586364303545,2.9806958130550414,1,34,median,0.25,night,"0-6,23",wmape,40
6.388111962760077,11.113131178799263,6.4470805623018865,-52.66915351682227,49.13847355248963,34.39807033862571,1.540586364303545,2.9806958130550414,8,34,mean,0.3,night,"0-6,23",wmape,35
6.388113740277861,11.122800970690031,6.4470823175207554,-51.62490140849729,49.13847355248963,34.39807033862571,1.531529610104636,2.9735180048871728,10,8,median,-0.3,evening,19-23,wmape,10
6.388116663783955,11.100140172513031,6.44708520435154,-51.773068163099026,49.22490109033745,34.602285943289736,1.540586364303545,2.9806958130550414,62,2,mean,-0.08,h7891117,"7-9,11,17",wmape,40
6.388116663783955,11.100140172513031,6.44708520435154,-51.773068163099026,49.22490109033745,34.602285943289736,1.540586364303545,2.9806958130550414,62,2,mean,-0.08,h789111718,"7-9,11,17,18",wmape,40
6.388116663783955,11.100140172513031,6.44708520435154,-51.773068163099026,49.22490109033745,34.602285943289736,1.540586364303545,2.9806958130550414,62,2,median,-0.08,h7891117,"7-9,11,17",wmape,40
6.388116663783955,11.100140172513031,6.44708520435154,-51.773068163099026,49.22490109033745,34.602285943289736,1.540586364303545,2.9806958130550414,62,2,median,-0.08,h789111718,"7-9,11,17,18",wmape,40
6.388117036854671,11.101743579507108,6.447085572742093,-51.895529937142676,49.644187878664845,34.51104138595282,1.540586364303545,2.9806958130550414,269,2,mean,-0.15,peakerr,"0,7,8,9,11,12,13,14,15,16,17,21,22",wmape,40
6.388117036854671,11.101743579507108,6.447085572742093,-51.895529937142676,49.644187878664845,34.51104138595282,1.540586364303545,2.9806958130550414,269,2,median,-0.15,peakerr,"0,7,8,9,11,12,13,14,15,16,17,21,22",wmape,40
6.388117912219474,11.109188896053567,6.447086437125467,-52.28774760088184,49.13847355248963,34.39807033862571,1.540586364303545,2.9806958130550414,25,3,median,0.08,night,"0-6,23",wmape,30
6.388118894539205,11.128659195917558,6.447087407122022,-53.112893556032816,49.38281660545635,34.87297865518716,1.540586364303545,2.9806958130550414,90,8,mean,-0.3,h7891117,"7-9,11,17",wmape,40
6.388118894539205,11.128659195917558,6.447087407122022,-53.112893556032816,49.38281660545635,34.87297865518716,1.540586364303545,2.9806958130550414,90,8,mean,-0.3,h789111718,"7-9,11,17,18",wmape,40
6.388122637740769,11.11214392791138,6.447091103365215,-52.43356102089196,49.13847355248963,34.39807033862571,1.540586364303545,2.9806958130550414,36,3,median,0.08,night,"0-6,23",wmape,25
6.3881333587541045,11.11292753886375,6.447101689883712,-52.69317374734362,49.265749182198334,34.33725261274013,1.540586364303545,2.9806958130550414,381,13,median,-0.15,day,10-18,wmape,15
6.388148532136145,11.10288317286274,6.44711667291606,-51.649775832015166,49.13847355248963,34.39807033862571,1.545936006567911,2.9736059471755754,52,8,mean,-0.08,evening,19-23,absbias,300
6.388150926895246,11.117687686006725,6.447119037632969,-50.873017866907425,48.8447010008954,34.49357392239512,1.540586364303545,2.9806958130550414,435,34,mean,0.05,day,10-18,wmape,35
6.388155757703096,11.129445563737278,6.447123807838455,-52.085819080278505,49.13847355248963,34.39807033862571,1.540586364303545,2.979144914742586,476,2,mean,0.05,night,"0-6,23",absbias,100
6.388155757703096,11.129445563737278,6.447123807838455,-52.085819080278505,49.13847355248963,34.39807033862571,1.540586364303545,2.979144914742586,476,2,median,0.05,night,"0-6,23",absbias,100
6.388156785127667,11.13776931454867,6.447124822374012,-52.980682098385685,49.13847355248963,34.39807033862571,1.540586364303545,2.9806958130550414,118,3,mean,0.15,h78917,"7-9,17",wmape,12
6.3881606190116,11.118563115692655,6.447128608161967,-52.51552493237346,49.13847355248963,34.39807033862571,1.5363640318098217,2.973636498791371,258,1,mean,0.05,evening,19-23,absbias,100
6.3881606190116,11.118563115692655,6.447128608161967,-52.51552493237346,49.13847355248963,34.39807033862571,1.5363640318098217,2.973636498791371,258,1,median,0.05,evening,19-23,absbias,100
6.388167833662976,11.147310827668248,6.447135732305726,-53.13656040005348,49.13847355248963,34.39807033862571,1.540586364303545,2.9806958130550414,87,3,mean,0.15,h78917,"7-9,17",wmape,15
6.388169131189976,11.101111448012817,6.447137013555284,-50.74778489711396,49.13847355248963,34.39807033862571,1.532587603620303,2.9736580147575387,23,8,median,-0.3,evening,19-23,absbias,300
6.388173940946418,11.116380178829466,6.447141762973452,-52.07662135001679,49.13847355248963,34.39807033862571,1.540586364303545,2.9759109511909116,114,1,mean,0.05,night,"0-6,23",absbias,700
6.388173940946418,11.116380178829466,6.447141762973452,-52.07662135001679,49.13847355248963,34.39807033862571,1.540586364303545,2.9759109511909116,114,1,median,0.05,night,"0-6,23",absbias,700
6.388179920215495,11.13224419711584,6.44714766723275,-52.000686267603974,49.40606013051446,34.64473772200257,1.540586364303545,2.9806958130550414,201,3,mean,0.08,h7891117,"7-9,11,17",wmape,12
