candidate,group_by,rolling,stat,thr,hours,distop,distthr,alpha,applied,wmape_3m,wmape_14d,wmape_all,bias_3m,delta_3m,delta_14d,delta_all
f_price_lag_24,hour_sr,5,median,-100,19-23,ge_abs,1000.0,-0.3,21,6.288736878944906,10.879330353084708,6.34895213639248,-47.861302035852965,-0.02697216082485987,-0.15655632404814135,-0.026633795751473954
f_price_lag_24,hour_cr,21,median,-500,night,ge_rel,0.1,0.1,58,6.291646479050969,10.949975503901467,6.351825235639017,-49.04745492939438,-0.02406256071879742,-0.08591117323138242,-0.023760696504937506
f_price_lag_24,hour_cr,34,median,-500,night,ge_rel,0.1,0.1,56,6.294096670410712,10.955441161504087,6.354244689410302,-48.91255301529047,-0.02161236935905375,-0.08044551562876201,-0.021341242733652344
f_price_lag_24,hour_cr,8,median,-250,peakerr,ge_rel,0.1,0.05,82,6.2944493931565235,10.978464943665085,6.354592987258211,-48.91606914915252,-0.021259646613242644,-0.05742173346776447,-0.02099294488574266
f_price_lag_24,hour_cr,21,median,-500,night,ge_abs,1000.0,0.1,67,6.294745718832187,10.941376109433827,6.354885595535792,-49.29732827656798,-0.0209633209375788,-0.09451056769902166,-0.020700336608162395
f_price_lag_24,hour_weekend,5,median,-250,night,ge_rel,0.1,0.05,65,6.294777415072848,11.079221122551896,6.354916894147918,-49.12631215701607,-0.020931624696918227,0.043334445419047185,-0.020669037996036366
f_price_lag_24,hour_cr,13,mean,-250,day,le_abs,2000.0,-0.3,86,6.294966506754801,11.035886677132849,6.355103613679517,-47.328783969608736,-0.02074253301496487,0.0,-0.020482318464437377
f_price_lag_24,hour_cr,21,median,-500,night,ge_rel,0.1,0.05,58,6.2950932441658125,10.988309730398448,6.355228761172922,-49.291261961910855,-0.020615795603953657,-0.047576946734400494,-0.020357170971031735
f_price_lag_24,hour_sr,5,median,-100,19-23,ge_abs,1000.0,-0.2,21,6.295403868183623,10.922649490642142,6.355535488420309,-48.23482848016949,-0.02030517158614309,-0.11323718649070713,-0.02005044372364484
f_price_lag_24,hour_cr,8,median,-250,peakerr,ge_abs,1000.0,0.05,97,6.29543296555891,10.978683806884405,6.355564220769761,-49.15359652199852,-0.020276074210856088,-0.05720287024844417,-0.020021711374193174
f_price_lag_24,hour_cr,8,median,0,day,le_abs,2000.0,-0.3,100,6.295489349300752,11.047684061792108,6.355619897178992,-46.8243468297658,-0.020219690469014395,0.011797384659258725,-0.019966034964961743
f_price_lag_24,hour_cr,21,median,-500,night,ge_rel,0.05,0.1,93,6.295694698017582,10.934496801416122,6.355822669801377,-49.21387075824403,-0.020014341752184528,-0.10138987571672686,-0.019763262342577192
f_price_lag_24,hour_cr,8,median,-250,peakerr,none,0.0,0.05,342,6.295696373600982,10.984866968525164,6.355824324364626,-49.19750025317482,-0.0200126661687845,-0.05101970860768468,-0.019761607779328116
f_price_lag_24,hour_sr_weekend,3,mean,100,night,ge_abs,1000.0,0.2,8,6.295963468965797,10.903217442048883,6.356088069024865,-48.15042760167556,-0.01974557080396888,-0.13266923508396644,-0.01949786311908941
f_price_lag_24,hour_cr,8,median,-250,peakerr,ge_abs,500.0,0.05,137,6.295977831796497,10.984956743946018,6.356102251674217,-49.2224524793639,-0.019731207973268994,-0.05092993318683092,-0.019483680469736697
f_price_lag_24,hour_cr,55,median,-500,night,ge_rel,0.1,0.1,51,6.296048616443647,10.971413126288583,6.356172148329765,-49.18802285155945,-0.01966042332611906,-0.06447355084426576,-0.01941378381418879
f_price_lag_24,hour_weekend,5,median,-250,night,ge_abs,1000.0,0.05,79,6.2961594829758285,11.07056647616319,6.356281624044112,-49.152087576515655,-0.01954955679393766,0.03467979903034113,-0.019304308099842515
f_price_lag_24,hour_cr,8,median,-250,peakerr,ge_rel,0.05,0.05,132,6.296600180564617,10.984133438797297,6.3567167930928274,-49.196986241092695,-0.01910885920514893,-0.0517532383355519,-0.018869139051126638
f_price_lag_24,hour_cr,34,median,-500,night,ge_rel,0.1,0.05,56,6.2966961892850195,10.99385809430625,6.356811597386268,-49.2238110048589,-0.019012850484746657,-0.0420285828265996,-0.018774334757686084
f_price_lag_24,hour_sr,5,median,-100,19-23,ge_rel,0.05,-0.3,27,6.296731024089302,10.892525564630391,6.356845995188815,-47.914756951909844,-0.018978015680463756,-0.14336111250245764,-0.018739936955139314
f_price_lag_24,hour_cr,21,median,-500,night,ge_rel,0.05,0.05,93,6.296731657433508,10.979701837821505,6.356846620587733,-49.37446987633569,-0.01897738233625823,-0.05618483931134399,-0.018739311556220883
f_price_lag_24,hour_sr,5,median,-100,19-23,ge_abs,500.0,-0.3,30,6.296744954149918,10.883466024973485,6.356859750497172,-48.051771417575935,-0.018964085619848525,-0.15242065215936407,-0.01872618164678208
f_price_lag_24,hour_weekend,5,median,-250,night,ge_rel,0.1,0.1,65,6.296759282363951,11.130973923617198,6.356873898964125,-48.71755531960481,-0.018949757405815504,0.09508724648434885,-0.01871203317982939
f_price_lag_24,hour_cr,21,median,-500,night,ge_abs,1000.0,0.05,67,6.296852350954279,10.984010033164628,6.356965800011349,-49.416198635497665,-0.018856688815486855,-0.051876643968221,-0.018620132132604716
f_price_lag_24,hour_sr,5,median,-100,19-23,none,0.0,-0.3,90,6.297041029277689,10.883374506008927,6.357152111369977,-48.08536753036964,-0.018668010492077336,-0.1525121711239219,-0.018433820773976706
f_price_lag_24,hour_cr,21,median,-500,night,ge_abs,500.0,0.1,98,6.29709180303265,10.942179069610573,6.357202248169471,-49.339043368327175,-0.018617236737116016,-0.09370760752227625,-0.01838368397448331
f_price_lag_24,hour_cr,13,mean,-250,midday,le_rel,0.1,-0.3,79,6.297184879751404,11.035886677132849,6.357294157243149,-48.146839524725,-0.018524160018362323,0.0,-0.018291774900805358
f_price_lag_24,hour_cr,13,mean,-250,day,le_rel,0.1,-0.3,79,6.297184879751404,11.035886677132849,6.357294157243149,-48.146839524725,-0.018524160018362323,0.0,-0.018291774900805358
f_price_lag_24,hour_sr_diff,5,mean,-250,all,ge_abs,1000.0,0.2,32,6.297267191020444,10.997337793118644,6.357375435919405,-48.81014981303397,-0.01844184874932253,-0.03854888401420453,-0.01821049622454929
f_price_lag_24,hour_cr,21,median,-500,night,ge_abs,500.0,0.05,98,6.297312399805389,10.98354297191873,6.3574200775612875,-49.437056181377265,-0.01839663996437757,-0.052343705214118685,-0.01816585458266662
f_price_lag_24,hour_sr_diff,3,mean,-250,peakerr,ge_rel,0.1,0.3,16,6.297380458346785,11.035886677132849,6.357487282310012,-48.58213605632137,-0.018328581422981216,0.0,-0.018098649833942382
f_price_lag_24,hour_sr_weekend,3,mean,500,peakerr,ge_rel,0.1,0.2,8,6.297385625055127,11.035886677132849,6.357492384202129,-48.52003276605204,-0.018323414714639163,0.0,-0.018093547941824717
f_price_lag_24,hour_sr,5,median,-100,19-23,ge_rel,0.1,-0.3,14,6.297476613604681,10.904911967436291,6.3575822313026356,-48.084834248017856,-0.018232426165084803,-0.13097470969655767,-0.018003700841318526
f_price_lag_24,hour_sr_weekend,3,mean,100,peakerr,ge_rel,0.1,0.2,14,6.297556320104322,11.001983402449182,6.35766093788626,-48.268899896107406,-0.018152719665444295,-0.033903274683666496,-0.017924994257693783
f_price_lag_24,hour_sr_diff,5,mean,-250,all,ge_rel,0.1,0.2,21,6.297578622359438,10.992230877758107,6.357682960360152,-48.75919432221367,-0.018130417410327837,-0.04365579937474173,-0.01790297178380218
f_price_lag_24,hour_sr_weekend,3,mean,500,peakerr,ge_abs,1000.0,0.2,8,6.297715716108837,11.049019112819728,6.357818334271943,-48.53852653185522,-0.017993323660928873,0.013132435686879163,-0.017767597872010654
f_price_lag_24,hour_sr_diff,3,mean,-250,all,ge_rel,0.1,0.2,22,6.297740467010714,11.03449710845591,6.357842774674383,-48.69866662997272,-0.017968572759052392,-0.0013895686769398452,-0.017743157469571003
f_price_lag_24,hour_sr_diff,5,mean,-250,all,ge_rel,0.1,0.3,21,6.297865702372324,10.980827185195688,6.357966438961558,-48.37125698610686,-0.017843337397442482,-0.0550594919371612,-0.017619493182396084
f_price_lag_24,hour_cr,55,median,-500,night,ge_rel,0.1,0.05,51,6.297906426961831,11.00358969362084,6.358006652662121,-49.36154592299339,-0.017802612807935603,-0.03229698351200838,-0.0175792794818328
f_price_lag_24,hour_cr,21,median,-500,night,none,0.0,0.05,210,6.297914600851868,10.984331935487296,6.358014724010917,-49.453745060192574,-0.017794438917897892,-0.05155474164555329,-0.017571208133037253
f_price_lag_24,hour_sr_weekend,3,mean,100,night,none,0.0,0.2,21,6.29795194744127,10.898154317308189,6.3580516020883024,-48.06556236834514,-0.017757092328496427,-0.13773235982466048,-0.017534330055651637
f_price_lag_24,hour_sr_diff,3,mean,-250,all,ge_rel,0.1,0.3,22,6.297996841464247,11.044226531242394,6.358095932916899,-48.28046544774542,-0.017712198305519067,0.008339854109545186,-0.017489999227055186
f_price_lag_24,hour_sr_weekend,3,mean,500,all,ge_rel,0.1,0.2,10,6.2980020906893515,10.997548928122391,6.358101116290609,-48.63522535327103,-0.017706949080414702,-0.0383377490104575,-0.01748481585334538
f_price_lag_24,hour_sr_weekend,5,median,250,peakerr,ge_rel,0.1,0.2,8,6.298143127030592,11.035886677132849,6.358240383334525,-48.44916255126316,-0.017565912739174294,0.0,-0.017345548809428735
f_price_lag_24,hour_sr_weekend,8,mean,100,peakerr,ge_rel,0.1,0.2,8,6.298143127030592,11.035886677132849,6.358240383334525,-48.44916255126316,-0.017565912739174294,0.0,-0.017345548809428735
f_price_lag_24,hour_sr_weekend,8,mean,250,peakerr,ge_rel,0.1,0.2,8,6.298143127030592,11.035886677132849,6.358240383334525,-48.44916255126316,-0.017565912739174294,0.0,-0.017345548809428735
f_price_lag_24,hour_sr_weekend,8,median,250,peakerr,ge_rel,0.1,0.2,8,6.298143127030592,11.035886677132849,6.358240383334525,-48.44916255126316,-0.017565912739174294,0.0,-0.017345548809428735
f_price_lag_24,hour_sr_weekend,13,mean,100,peakerr,ge_rel,0.1,0.2,8,6.298143127030592,11.035886677132849,6.358240383334525,-48.44916255126316,-0.017565912739174294,0.0,-0.017345548809428735
f_price_lag_24,hour_sr_weekend,13,mean,250,peakerr,ge_rel,0.1,0.2,8,6.298143127030592,11.035886677132849,6.358240383334525,-48.44916255126316,-0.017565912739174294,0.0,-0.017345548809428735
f_price_lag_24,hour_sr_weekend,13,median,250,peakerr,ge_rel,0.1,0.2,8,6.298143127030592,11.035886677132849,6.358240383334525,-48.44916255126316,-0.017565912739174294,0.0,-0.017345548809428735
f_price_lag_24,hour_sr_weekend,21,mean,100,peakerr,ge_rel,0.1,0.2,8,6.298143127030592,11.035886677132849,6.358240383334525,-48.44916255126316,-0.017565912739174294,0.0,-0.017345548809428735
f_price_lag_24,hour_sr_weekend,21,mean,250,peakerr,ge_rel,0.1,0.2,8,6.298143127030592,11.035886677132849,6.358240383334525,-48.44916255126316,-0.017565912739174294,0.0,-0.017345548809428735
f_price_lag_24,hour_sr_weekend,21,median,250,peakerr,ge_rel,0.1,0.2,8,6.298143127030592,11.035886677132849,6.358240383334525,-48.44916255126316,-0.017565912739174294,0.0,-0.017345548809428735
f_price_lag_24,hour_sr_weekend,34,mean,100,peakerr,ge_rel,0.1,0.2,8,6.298143127030592,11.035886677132849,6.358240383334525,-48.44916255126316,-0.017565912739174294,0.0,-0.017345548809428735
f_price_lag_24,hour_sr_weekend,34,mean,250,peakerr,ge_rel,0.1,0.2,8,6.298143127030592,11.035886677132849,6.358240383334525,-48.44916255126316,-0.017565912739174294,0.0,-0.017345548809428735
f_price_lag_24,hour_sr_weekend,34,median,250,peakerr,ge_rel,0.1,0.2,8,6.298143127030592,11.035886677132849,6.358240383334525,-48.44916255126316,-0.017565912739174294,0.0,-0.017345548809428735
f_price_lag_24,hour_sr_weekend,55,mean,100,peakerr,ge_rel,0.1,0.2,8,6.298143127030592,11.035886677132849,6.358240383334525,-48.44916255126316,-0.017565912739174294,0.0,-0.017345548809428735
f_price_lag_24,hour_sr_weekend,55,mean,250,peakerr,ge_rel,0.1,0.2,8,6.298143127030592,11.035886677132849,6.358240383334525,-48.44916255126316,-0.017565912739174294,0.0,-0.017345548809428735
f_price_lag_24,hour_sr_weekend,55,median,250,peakerr,ge_rel,0.1,0.2,8,6.298143127030592,11.035886677132849,6.358240383334525,-48.44916255126316,-0.017565912739174294,0.0,-0.017345548809428735
f_price_lag_24,hour_sr_weekend,3,mean,100,night,ge_rel,0.1,0.2,6,6.298209119901359,10.90996719300161,6.358305548326401,-48.35973841884905,-0.017499919868407154,-0.12591948413123966,-0.017280383817553258
f_price_lag_24,hour_sr_weekend,8,mean,100,all,ge_rel,0.1,0.2,10,6.298262271341168,11.035886677132849,6.358358032982747,-48.53649208680262,-0.017446768428598602,0.0,-0.017227899161206928
f_price_lag_24,hour_sr_weekend,13,mean,100,all,ge_rel,0.1,0.2,10,6.298262271341168,11.035886677132849,6.358358032982747,-48.53649208680262,-0.017446768428598602,0.0,-0.017227899161206928
f_price_lag_24,hour_sr_weekend,21,mean,100,all,ge_rel,0.1,0.2,10,6.298262271341168,11.035886677132849,6.358358032982747,-48.53649208680262,-0.017446768428598602,0.0,-0.017227899161206928
f_price_lag_24,hour_sr_weekend,34,mean,100,all,ge_rel,0.1,0.2,10,6.298262271341168,11.035886677132849,6.358358032982747,-48.53649208680262,-0.017446768428598602,0.0,-0.017227899161206928
f_price_lag_24,hour_sr_weekend,55,mean,100,all,ge_rel,0.1,0.2,10,6.298262271341168,11.035886677132849,6.358358032982747,-48.53649208680262,-0.017446768428598602,0.0,-0.017227899161206928
f_price_lag_24,hour_sr_weekend,5,median,250,peakerr,ge_rel,0.1,0.3,8,6.298284008612807,11.035886677132849,6.358379497560865,-47.90620932968108,-0.017425031156959037,0.0,-0.017206434583089347
f_price_lag_24,hour_sr_weekend,8,mean,100,peakerr,ge_rel,0.1,0.3,8,6.298284008612807,11.035886677132849,6.358379497560865,-47.90620932968108,-0.017425031156959037,0.0,-0.017206434583089347
f_price_lag_24,hour_sr_weekend,8,mean,250,peakerr,ge_rel,0.1,0.3,8,6.298284008612807,11.035886677132849,6.358379497560865,-47.90620932968108,-0.017425031156959037,0.0,-0.017206434583089347
f_price_lag_24,hour_sr_weekend,8,median,250,peakerr,ge_rel,0.1,0.3,8,6.298284008612807,11.035886677132849,6.358379497560865,-47.90620932968108,-0.017425031156959037,0.0,-0.017206434583089347
f_price_lag_24,hour_sr_weekend,13,mean,100,peakerr,ge_rel,0.1,0.3,8,6.298284008612807,11.035886677132849,6.358379497560865,-47.90620932968108,-0.017425031156959037,0.0,-0.017206434583089347
f_price_lag_24,hour_sr_weekend,13,mean,250,peakerr,ge_rel,0.1,0.3,8,6.298284008612807,11.035886677132849,6.358379497560865,-47.90620932968108,-0.017425031156959037,0.0,-0.017206434583089347
f_price_lag_24,hour_sr_weekend,13,median,250,peakerr,ge_rel,0.1,0.3,8,6.298284008612807,11.035886677132849,6.358379497560865,-47.90620932968108,-0.017425031156959037,0.0,-0.017206434583089347
f_price_lag_24,hour_sr_weekend,21,mean,100,peakerr,ge_rel,0.1,0.3,8,6.298284008612807,11.035886677132849,6.358379497560865,-47.90620932968108,-0.017425031156959037,0.0,-0.017206434583089347
f_price_lag_24,hour_sr_weekend,21,mean,250,peakerr,ge_rel,0.1,0.3,8,6.298284008612807,11.035886677132849,6.358379497560865,-47.90620932968108,-0.017425031156959037,0.0,-0.017206434583089347
f_price_lag_24,hour_sr_weekend,21,median,250,peakerr,ge_rel,0.1,0.3,8,6.298284008612807,11.035886677132849,6.358379497560865,-47.90620932968108,-0.017425031156959037,0.0,-0.017206434583089347
f_price_lag_24,hour_sr_weekend,34,mean,100,peakerr,ge_rel,0.1,0.3,8,6.298284008612807,11.035886677132849,6.358379497560865,-47.90620932968108,-0.017425031156959037,0.0,-0.017206434583089347
f_price_lag_24,hour_sr_weekend,34,mean,250,peakerr,ge_rel,0.1,0.3,8,6.298284008612807,11.035886677132849,6.358379497560865,-47.90620932968108,-0.017425031156959037,0.0,-0.017206434583089347
f_price_lag_24,hour_sr_weekend,34,median,250,peakerr,ge_rel,0.1,0.3,8,6.298284008612807,11.035886677132849,6.358379497560865,-47.90620932968108,-0.017425031156959037,0.0,-0.017206434583089347
f_price_lag_24,hour_sr_weekend,55,mean,100,peakerr,ge_rel,0.1,0.3,8,6.298284008612807,11.035886677132849,6.358379497560865,-47.90620932968108,-0.017425031156959037,0.0,-0.017206434583089347
f_price_lag_24,hour_sr_weekend,55,mean,250,peakerr,ge_rel,0.1,0.3,8,6.298284008612807,11.035886677132849,6.358379497560865,-47.90620932968108,-0.017425031156959037,0.0,-0.017206434583089347
f_price_lag_24,hour_sr_weekend,55,median,250,peakerr,ge_rel,0.1,0.3,8,6.298284008612807,11.035886677132849,6.358379497560865,-47.90620932968108,-0.017425031156959037,0.0,-0.017206434583089347
f_price_lag_24,hour_sr_weekend,3,mean,500,all,ge_abs,1000.0,0.2,10,6.2983321817430635,11.010681363809272,6.358427066360424,-48.65371911907421,-0.017376858026702635,-0.02520531332357656,-0.01715886578353043
f_price_lag_24,hour_cr,13,mean,-250,19-23,le_abs,1000.0,1.0,38,6.298419991388084,11.035886677132849,6.358513774435676,-48.52134007250583,-0.017289048381682548,0.0,-0.01707215770827819
f_price_lag_24,hour_cr,21,mean,-250,19-23,le_abs,1000.0,1.0,38,6.298419991388084,11.035886677132849,6.358513774435676,-48.52134007250583,-0.017289048381682548,0.0,-0.01707215770827819
f_price_lag_24,hour_cr,34,mean,-250,19-23,le_abs,1000.0,1.0,38,6.298419991388084,11.035886677132849,6.358513774435676,-48.52134007250583,-0.017289048381682548,0.0,-0.01707215770827819
f_price_lag_24,hour_cr,55,mean,-250,19-23,le_abs,1000.0,1.0,38,6.298419991388084,11.035886677132849,6.358513774435676,-48.52134007250583,-0.017289048381682548,0.0,-0.01707215770827819
f_price_lag_24,hour_weekend,5,median,-100,night,ge_rel,0.1,0.05,58,6.298461780464678,11.087149538461299,6.358555039269365,-49.102726349882396,-0.01724725930508786,0.051262861328449816,-0.017030892874589476
f_price_lag_24,hour_cr,21,median,-500,night,none,0.0,0.1,210,6.298489328695417,10.9437569967477,6.358582241908245,-49.372421125957764,-0.017219711074349497,-0.09212968038514902,-0.017003690235709357
f_price_lag_24,hour_sr,13,mean,-500,19-23,ge_abs,1000.0,-0.3,16,6.29849766447186,10.96261388652482,6.358590473112584,-47.87588215695045,-0.017211375297906173,-0.07327279060802816,-0.016995459031369897
f_price_lag_24,hour_sr_weekend,8,median,100,peakerr,ge_rel,0.1,0.2,9,6.298506816960033,11.035886677132849,6.358599510783025,-48.19993016821823,-0.01720222280973349,0.0,-0.016986421360929427
f_price_lag_24,hour_sr_weekend,13,median,100,peakerr,ge_rel,0.1,0.2,9,6.298506816960033,11.035886677132849,6.358599510783025,-48.19993016821823,-0.01720222280973349,0.0,-0.016986421360929427
f_price_lag_24,hour_sr_weekend,21,median,100,peakerr,ge_rel,0.1,0.2,9,6.298506816960033,11.035886677132849,6.358599510783025,-48.19993016821823,-0.01720222280973349,0.0,-0.016986421360929427
f_price_lag_24,hour_sr_weekend,34,median,100,peakerr,ge_rel,0.1,0.2,9,6.298506816960033,11.035886677132849,6.358599510783025,-48.19993016821823,-0.01720222280973349,0.0,-0.016986421360929427
f_price_lag_24,hour_sr_weekend,55,median,100,peakerr,ge_rel,0.1,0.2,9,6.298506816960033,11.035886677132849,6.358599510783025,-48.19993016821823,-0.01720222280973349,0.0,-0.016986421360929427
f_price_lag_24,hour_sr_weekend,3,mean,100,night,ge_rel,0.05,0.2,13,6.298507288447495,10.903217442048883,6.35859997635569,-48.10168452911265,-0.017201751322271086,-0.13266923508396644,-0.016985955788263674
f_price_lag_24,hour,8,mean,0,peakerr,ge_abs,500.0,0.2,6,6.298608311511364,11.035886677132849,6.358699732087787,-50.96975887691884,-0.017100728258402143,0.0,-0.0168862000561667
f_price_lag_24,hour,8,mean,0,peakerr,none,0.0,0.2,16,6.298615728505527,11.035886677132849,6.358707056035944,-50.96951323505315,-0.017093311264239297,0.0,-0.01687887610801031
f_price_lag_24,hour_sr_weekend,8,median,100,all,ge_rel,0.1,0.2,11,6.298625961270608,11.035886677132849,6.358717160431247,-48.28725970375769,-0.0170830784991578,0.0,-0.01686877171270673
f_price_lag_24,hour_sr_weekend,13,median,100,all,ge_rel,0.1,0.2,11,6.298625961270608,11.035886677132849,6.358717160431247,-48.28725970375769,-0.0170830784991578,0.0,-0.01686877171270673
f_price_lag_24,hour_sr_weekend,21,median,100,all,ge_rel,0.1,0.2,11,6.298625961270608,11.035886677132849,6.358717160431247,-48.28725970375769,-0.0170830784991578,0.0,-0.01686877171270673
f_price_lag_24,hour_sr_weekend,34,median,100,all,ge_rel,0.1,0.2,11,6.298625961270608,11.035886677132849,6.358717160431247,-48.28725970375769,-0.0170830784991578,0.0,-0.01686877171270673
f_price_lag_24,hour_sr_weekend,55,median,100,all,ge_rel,0.1,0.2,11,6.298625961270608,11.035886677132849,6.358717160431247,-48.28725970375769,-0.0170830784991578,0.0,-0.01686877171270673
f_price_lag_24,hour_weekend,5,median,-250,night,ge_abs,500.0,0.05,114,6.298626087356873,11.065013485387047,6.358717284935763,-49.168583885154646,-0.017082952412892816,0.029126808254197556,-0.0168686472081907
f_price_lag_24,hour_cr,8,median,0,day,le_abs,2000.0,-0.2,100,6.298643108869681,11.043751600239021,6.3587340929141245,-47.7310731092121,-0.01706593090008557,0.007864923106172483,-0.01685183922982958
f_price_lag_24,hour_sr_weekend,5,mean,500,peakerr,ge_rel,0.1,0.2,6,6.298816073436381,11.035886677132849,6.358904887644723,-48.600175432928566,-0.016892966333385218,0.0,-0.016681044499231135
f_price_lag_24,hour_sr_weekend,5,median,500,peakerr,ge_rel,0.1,0.2,6,6.298816073436381,11.035886677132849,6.358904887644723,-48.600175432928566,-0.016892966333385218,0.0,-0.016681044499231135
f_price_lag_24,hour_sr_weekend,8,mean,500,peakerr,ge_rel,0.1,0.2,6,6.298816073436381,11.035886677132849,6.358904887644723,-48.600175432928566,-0.016892966333385218,0.0,-0.016681044499231135
f_price_lag_24,hour_sr_weekend,8,median,500,peakerr,ge_rel,0.1,0.2,6,6.298816073436381,11.035886677132849,6.358904887644723,-48.600175432928566,-0.016892966333385218,0.0,-0.016681044499231135
f_price_lag_24,hour_sr_weekend,13,mean,500,peakerr,ge_rel,0.1,0.2,6,6.298816073436381,11.035886677132849,6.358904887644723,-48.600175432928566,-0.016892966333385218,0.0,-0.016681044499231135
f_price_lag_24,hour_sr_weekend,13,median,500,peakerr,ge_rel,0.1,0.2,6,6.298816073436381,11.035886677132849,6.358904887644723,-48.600175432928566,-0.016892966333385218,0.0,-0.016681044499231135
f_price_lag_24,hour_sr_weekend,21,mean,500,peakerr,ge_rel,0.1,0.2,6,6.298816073436381,11.035886677132849,6.358904887644723,-48.600175432928566,-0.016892966333385218,0.0,-0.016681044499231135
f_price_lag_24,hour_sr_weekend,21,median,500,peakerr,ge_rel,0.1,0.2,6,6.298816073436381,11.035886677132849,6.358904887644723,-48.600175432928566,-0.016892966333385218,0.0,-0.016681044499231135
f_price_lag_24,hour_sr_weekend,34,mean,500,peakerr,ge_rel,0.1,0.2,6,6.298816073436381,11.035886677132849,6.358904887644723,-48.600175432928566,-0.016892966333385218,0.0,-0.016681044499231135
f_price_lag_24,hour_sr_weekend,34,median,500,peakerr,ge_rel,0.1,0.2,6,6.298816073436381,11.035886677132849,6.358904887644723,-48.600175432928566,-0.016892966333385218,0.0,-0.016681044499231135
f_price_lag_24,hour_sr_weekend,55,mean,500,peakerr,ge_rel,0.1,0.2,6,6.298816073436381,11.035886677132849,6.358904887644723,-48.600175432928566,-0.016892966333385218,0.0,-0.016681044499231135
f_price_lag_24,hour_sr_weekend,55,median,500,peakerr,ge_rel,0.1,0.2,6,6.298816073436381,11.035886677132849,6.358904887644723,-48.600175432928566,-0.016892966333385218,0.0,-0.016681044499231135
f_price_lag_24,hour_cr,13,median,-500,night,ge_rel,0.1,0.05,66,6.298820247634775,11.00288555966527,6.3589090094779035,-49.236335373456974,-0.01688879213499117,-0.03300111746757928,-0.016676922666050586
f_price_lag_24,hour_sr_diff,3,mean,-250,peakerr,ge_rel,0.1,0.2,16,6.298832593135313,11.035886677132849,6.358921200104452,-48.89978036902336,-0.01687644663445287,0.0,-0.01666473203950236
f_price_lag_24,hour_cr,13,mean,-250,midday,le_abs,2000.0,-0.3,85,6.298963702889939,11.035886677132849,6.359050665090531,-47.10483603657131,-0.016745336879827377,0.0,-0.01653526705342312
f_price_lag_24,hour_sr_weekend,3,mean,100,night,ge_abs,500.0,0.2,12,6.299030098890487,10.903217442048883,6.359116228154936,-48.13097564071187,-0.016678940879279125,-0.13266923508396644,-0.016469703989018036
f_price_lag_24,hour_cr,5,median,-500,night,ge_rel,0.1,0.05,74,6.299181608098861,11.003788478072343,6.359265836684133,-49.00650050026124,-0.0165274316709052,-0.03209819906050626,-0.016320095459820827
f_price_lag_24,hour_sr_weekend,8,mean,100,all,ge_rel,0.1,0.3,10,6.29918251551273,11.035886677132849,6.359266732714519,-48.03720363299027,-0.016526524257035824,0.0,-0.01631919942943494
f_price_lag_24,hour_sr_weekend,13,mean,100,all,ge_rel,0.1,0.3,10,6.29918251551273,11.035886677132849,6.359266732714519,-48.03720363299027,-0.016526524257035824,0.0,-0.01631919942943494
f_price_lag_24,hour_sr_weekend,21,mean,100,all,ge_rel,0.1,0.3,10,6.29918251551273,11.035886677132849,6.359266732714519,-48.03720363299027,-0.016526524257035824,0.0,-0.01631919942943494
f_price_lag_24,hour_sr_weekend,34,mean,100,all,ge_rel,0.1,0.3,10,6.29918251551273,11.035886677132849,6.359266732714519,-48.03720363299027,-0.016526524257035824,0.0,-0.01631919942943494
f_price_lag_24,hour_sr_weekend,55,mean,100,all,ge_rel,0.1,0.3,10,6.29918251551273,11.035886677132849,6.359266732714519,-48.03720363299027,-0.016526524257035824,0.0,-0.01631919942943494
f_price_lag_24,hour_sr_weekend,5,mean,500,peakerr,ge_rel,0.1,0.3,6,6.299293428221492,11.035886677132849,6.359376254026163,-48.132728652179196,-0.016415611548274534,0.0,-0.01620967811779117
f_price_lag_24,hour_sr_weekend,5,median,500,peakerr,ge_rel,0.1,0.3,6,6.299293428221492,11.035886677132849,6.359376254026163,-48.132728652179196,-0.016415611548274534,0.0,-0.01620967811779117
f_price_lag_24,hour_sr_weekend,8,mean,500,peakerr,ge_rel,0.1,0.3,6,6.299293428221492,11.035886677132849,6.359376254026163,-48.132728652179196,-0.016415611548274534,0.0,-0.01620967811779117
f_price_lag_24,hour_sr_weekend,8,median,500,peakerr,ge_rel,0.1,0.3,6,6.299293428221492,11.035886677132849,6.359376254026163,-48.132728652179196,-0.016415611548274534,0.0,-0.01620967811779117
f_price_lag_24,hour_sr_weekend,13,mean,500,peakerr,ge_rel,0.1,0.3,6,6.299293428221492,11.035886677132849,6.359376254026163,-48.132728652179196,-0.016415611548274534,0.0,-0.01620967811779117
f_price_lag_24,hour_sr_weekend,13,median,500,peakerr,ge_rel,0.1,0.3,6,6.299293428221492,11.035886677132849,6.359376254026163,-48.132728652179196,-0.016415611548274534,0.0,-0.01620967811779117
f_price_lag_24,hour_sr_weekend,21,mean,500,peakerr,ge_rel,0.1,0.3,6,6.299293428221492,11.035886677132849,6.359376254026163,-48.132728652179196,-0.016415611548274534,0.0,-0.01620967811779117
f_price_lag_24,hour_sr_weekend,21,median,500,peakerr,ge_rel,0.1,0.3,6,6.299293428221492,11.035886677132849,6.359376254026163,-48.132728652179196,-0.016415611548274534,0.0,-0.01620967811779117
f_price_lag_24,hour_sr_weekend,34,mean,500,peakerr,ge_rel,0.1,0.3,6,6.299293428221492,11.035886677132849,6.359376254026163,-48.132728652179196,-0.016415611548274534,0.0,-0.01620967811779117
f_price_lag_24,hour_sr_weekend,34,median,500,peakerr,ge_rel,0.1,0.3,6,6.299293428221492,11.035886677132849,6.359376254026163,-48.132728652179196,-0.016415611548274534,0.0,-0.01620967811779117
f_price_lag_24,hour_sr_weekend,55,mean,500,peakerr,ge_rel,0.1,0.3,6,6.299293428221492,11.035886677132849,6.359376254026163,-48.132728652179196,-0.016415611548274534,0.0,-0.01620967811779117
f_price_lag_24,hour_sr_weekend,55,median,500,peakerr,ge_rel,0.1,0.3,6,6.299293428221492,11.035886677132849,6.359376254026163,-48.132728652179196,-0.016415611548274534,0.0,-0.01620967811779117
f_price_lag_24,hour_sr_diff,3,median,0,peakerr,ge_abs,1000.0,0.3,18,6.299339180897231,11.05418697160106,6.359421432735745,-49.047278696311984,-0.016369858872534948,0.018300294468211575,-0.016164499408208854
f_price_lag_24,hour_sr_weekend,3,median,500,peakerr,ge_rel,0.1,0.2,7,6.299339940336359,11.035886677132849,6.359422182647728,-48.42698670070942,-0.016369099433407364,0.0,-0.016163749496225677
f_price_lag_24,hour_weekend,3,mean,100,all,le_rel,0.05,0.8,23,6.299416320824271,10.957539042023278,6.359497604944359,-49.13992274488282,-0.01629271894549511,-0.0783476351095711,-0.016088327199595298
f_price_lag_24,hour_sr,5,mean,-500,19-23,ge_abs,1000.0,-0.2,35,6.299445527581231,10.7791399962709,6.359526445303293,-47.59173232061548,-0.0162635121885355,-0.2567466808619496,-0.016059486840661386
f_price_lag_24,hour_weekend,5,median,-250,night,none,0.0,0.05,203,6.299481193514785,11.06504012307664,6.3595616638086145,-49.1758064353222,-0.016227846254981415,0.029153445943791212,-0.016024268335339542
f_price_lag_24,hour_cr,8,median,0,midday,le_abs,2000.0,-0.3,99,6.299486545435889,11.047684061792108,6.359566948590005,-46.60039889672838,-0.016222494333876902,0.011797384659258725,-0.016018983553949262
f_price_lag_24,hour_sr_weekend,3,mean,500,peakerr,ge_rel,0.1,0.3,8,6.299506806239008,11.035886677132849,6.359586955221862,-48.01251465186441,-0.016202233530758114,0.0,-0.01599897692209229
f_price_lag_24,hour_sr_diff,5,mean,-250,all,ge_abs,1000.0,0.3,32,6.299518508457982,11.009136533762437,6.359598510636798,-48.4476902223373,-0.01619053131178383,-0.02675014337041226,-0.015987421507156263
f_price_lag_24,hour_sr,3,mean,-100,19-23,le_abs,1000.0,0.5,42,6.299552045431839,10.986420272259826,6.359631626890165,-49.72739929876518,-0.016156994337927166,-0.049466404873022896,-0.01595430525378916
f_price_lag_24,hour_weekend,5,median,-250,night,ge_abs,1000.0,0.1,79,6.299552077738617,11.113664630839784,6.359631658791656,-48.76910615860396,-0.01615696203114947,0.07777795370693497,-0.015954273352297932
f_price_lag_24,hour_weekend,5,median,-500,night,ge_rel,0.1,0.05,106,6.29956134594229,11.094850677234826,6.359640810725948,-49.2882232031388,-0.016147693827476495,0.058964000101976666,-0.015945121418005748
f_price_lag_24,hour_sr_diff,5,mean,-250,peakerr,ge_abs,1000.0,0.3,21,6.299613918996191,11.05057942153835,6.3596927242522225,-48.6877183612532,-0.01609512077357511,0.014692744405500946,-0.015893207891731542
f_price_lag_24,hour,8,mean,0,midday,ge_abs,500.0,0.2,5,6.299630311080562,11.035886677132849,6.359708910698311,-50.912500067656346,-0.016078728689204347,0.0,-0.01587702144564318
f_price_lag_24,hour,8,mean,0,midday,ge_abs,1000.0,0.2,5,6.299630311080562,11.035886677132849,6.359708910698311,-50.912500067656346,-0.016078728689204347,0.0,-0.01587702144564318
f_price_lag_24,hour,8,mean,0,midday,ge_rel,0.05,0.2,5,6.299630311080562,11.035886677132849,6.359708910698311,-50.912500067656346,-0.016078728689204347,0.0,-0.01587702144564318
f_price_lag_24,hour,8,mean,0,midday,ge_rel,0.1,0.2,5,6.299630311080562,11.035886677132849,6.359708910698311,-50.912500067656346,-0.016078728689204347,0.0,-0.01587702144564318
f_price_lag_24,hour,8,mean,0,day,ge_abs,500.0,0.2,5,6.299630311080562,11.035886677132849,6.359708910698311,-50.912500067656346,-0.016078728689204347,0.0,-0.01587702144564318
f_price_lag_24,hour,8,mean,0,day,ge_abs,1000.0,0.2,5,6.299630311080562,11.035886677132849,6.359708910698311,-50.912500067656346,-0.016078728689204347,0.0,-0.01587702144564318
f_price_lag_24,hour,8,mean,0,day,ge_rel,0.05,0.2,5,6.299630311080562,11.035886677132849,6.359708910698311,-50.912500067656346,-0.016078728689204347,0.0,-0.01587702144564318
f_price_lag_24,hour,8,mean,0,day,ge_rel,0.1,0.2,5,6.299630311080562,11.035886677132849,6.359708910698311,-50.912500067656346,-0.016078728689204347,0.0,-0.01587702144564318
f_price_lag_24,hour,8,mean,0,11-15,ge_abs,500.0,0.2,5,6.299630311080562,11.035886677132849,6.359708910698311,-50.912500067656346,-0.016078728689204347,0.0,-0.01587702144564318
f_price_lag_24,hour,8,mean,0,11-15,ge_abs,1000.0,0.2,5,6.299630311080562,11.035886677132849,6.359708910698311,-50.912500067656346,-0.016078728689204347,0.0,-0.01587702144564318
f_price_lag_24,hour,8,mean,0,11-15,ge_rel,0.05,0.2,5,6.299630311080562,11.035886677132849,6.359708910698311,-50.912500067656346,-0.016078728689204347,0.0,-0.01587702144564318
f_price_lag_24,hour,8,mean,0,11-15,ge_rel,0.1,0.2,5,6.299630311080562,11.035886677132849,6.359708910698311,-50.912500067656346,-0.016078728689204347,0.0,-0.01587702144564318
f_price_lag_24,hour,8,mean,0,peakerr,ge_abs,1000.0,0.2,5,6.299630311080562,11.035886677132849,6.359708910698311,-50.912500067656346,-0.016078728689204347,0.0,-0.01587702144564318
f_price_lag_24,hour,8,mean,0,peakerr,ge_rel,0.05,0.2,5,6.299630311080562,11.035886677132849,6.359708910698311,-50.912500067656346,-0.016078728689204347,0.0,-0.01587702144564318
f_price_lag_24,hour,8,mean,0,peakerr,ge_rel,0.1,0.2,5,6.299630311080562,11.035886677132849,6.359708910698311,-50.912500067656346,-0.016078728689204347,0.0,-0.01587702144564318
f_price_lag_24,hour,8,mean,0,midday,none,0.0,0.2,7,6.299637728074722,11.035886677132849,6.359716234646467,-50.91225442579065,-0.016071311695044166,0.0,-0.01586969749748679
f_price_lag_24,hour,8,mean,0,day,none,0.0,0.2,7,6.299637728074722,11.035886677132849,6.359716234646467,-50.91225442579065,-0.016071311695044166,0.0,-0.01586969749748679
f_price_lag_24,hour,8,mean,0,11-15,none,0.0,0.2,7,6.299637728074722,11.035886677132849,6.359716234646467,-50.91225442579065,-0.016071311695044166,0.0,-0.01586969749748679
f_price_lag_24,hour,3,mean,100,all,le_rel,0.05,0.8,24,6.299754201984074,10.990227806303912,6.359831247393581,-49.48515143858515,-0.015954837785692177,-0.04565887082893738,-0.015754684750373116
f_price_lag_24,hour_sr,5,mean,-500,19-23,ge_abs,1000.0,-0.3,35,6.299833287551674,10.685793793090454,6.359909340834742,-46.781602841090674,-0.015875752218092565,-0.3500928840423949,-0.015676591309212284
f_price_lag_24,hour_sr,5,mean,-250,19-23,le_abs,1000.0,0.5,40,6.299848257284337,11.00444014278997,6.359924122772487,-49.63880260902157,-0.015860782485429326,-0.03144653434287825,-0.015661809371467328
f_price_lag_24,hour_cr,13,mean,-250,day,le_abs,2000.0,-0.2,86,6.299876177548983,11.035886677132849,6.359951692778123,-48.065260229204874,-0.015832862220783284,0.0,-0.015634239365831526
f_price_lag_24,hour_sr_weekend,3,median,500,all,ge_rel,0.1,0.2,9,6.299956405970584,10.997548928122391,6.36003091473621,-48.54217928792841,-0.015752633799182014,-0.0383377490104575,-0.015555017407743676
f_price_lag_24,hour_sr_weekend,3,mean,500,peakerr,ge_abs,1000.0,0.3,8,6.300001942819574,11.055585330663169,6.360075880326583,-48.040255300569164,-0.01570709695019179,0.019698653530319632,-0.015510051817370751
f_price_lag_24,hour_sr_weekend,3,median,250,peakerr,ge_rel,0.1,0.2,10,6.300099297332523,11.035886677132849,6.360172013529637,-48.356220415784776,-0.01560974243724278,0.0,-0.015413918614316735
f_price_lag_24,hour_sr_diff,5,mean,-250,peakerr,ge_rel,0.1,0.3,15,6.30012081483895,11.035886677132849,6.360193261099492,-48.735667970057456,-0.015588224930816352,0.0,-0.01539267104446207
f_price_lag_24,hour_sr_diff,8,mean,-250,peakerr,ge_rel,0.1,0.3,15,6.30012081483895,11.035886677132849,6.360193261099492,-48.735667970057456,-0.015588224930816352,0.0,-0.01539267104446207
f_price_lag_24,hour_sr_diff,13,mean,-250,peakerr,ge_rel,0.1,0.3,15,6.30012081483895,11.035886677132849,6.360193261099492,-48.735667970057456,-0.015588224930816352,0.0,-0.01539267104446207
f_price_lag_24,hour_sr_diff,21,mean,-250,peakerr,ge_rel,0.1,0.3,15,6.30012081483895,11.035886677132849,6.360193261099492,-48.735667970057456,-0.015588224930816352,0.0,-0.01539267104446207
f_price_lag_24,hour_sr_diff,34,mean,-250,peakerr,ge_rel,0.1,0.3,15,6.30012081483895,11.035886677132849,6.360193261099492,-48.735667970057456,-0.015588224930816352,0.0,-0.01539267104446207
f_price_lag_24,hour_sr_diff,55,mean,-250,peakerr,ge_rel,0.1,0.3,15,6.30012081483895,11.035886677132849,6.360193261099492,-48.735667970057456,-0.015588224930816352,0.0,-0.01539267104446207
f_price_lag_24,hour_weekend,3,mean,100,all,le_rel,0.05,1.0,23,6.300139064130665,10.97124317437923,6.360211281454306,-49.0411361824967,-0.01556997563910123,-0.06464350275361852,-0.015374650689648384
f_price_lag_24,hour_weekend,5,median,-250,night,ge_rel,0.05,0.05,107,6.300152785516665,11.067954366932913,6.3602248307058655,-49.116666759950746,-0.015556254253101365,0.0320676898000638,-0.015361101438088554
f_price_lag_24,hour_sr,5,mean,-100,19-23,ge_abs,1000.0,-0.3,10,6.300287831461318,10.961330815892763,6.360358182502569,-48.893774194031906,-0.015421208308447731,-0.07455586124008562,-0.015227749641384847
f_price_lag_24,hour_cr,13,mean,-250,11-15,le_rel,0.1,-0.3,74,6.300295203468755,11.035886677132849,6.3603654620283585,-48.425284941767345,-0.01541383630101123,0.0,-0.015220470115595575
f_price_lag_24,hour_sr_weekend,3,mean,500,peakerr,ge_abs,500.0,0.2,10,6.30039210894528,11.049019112819728,6.360461151828139,-48.68847480145565,-0.015316930824486263,0.013132435686879163,-0.015124780315814768
f_price_lag_24,hour_sr_weekend,3,mean,500,peakerr,ge_rel,0.05,0.2,10,6.30039210894528,11.049019112819728,6.360461151828139,-48.68847480145565,-0.015316930824486263,0.013132435686879163,-0.015124780315814768
f_price_lag_24,hour_sr_weekend,13,median,100,peakerr,none,0.0,0.2,17,6.30040290817461,11.040653048917608,6.360471815581412,-48.40816181191727,-0.015306131595155925,0.004766371784759471,-0.015114116562542357
f_price_lag_24,hour_sr_weekend,21,median,100,peakerr,none,0.0,0.2,17,6.30040290817461,11.040653048917608,6.360471815581412,-48.40816181191727,-0.015306131595155925,0.004766371784759471,-0.015114116562542357
f_price_lag_24,hour_sr_weekend,34,median,100,peakerr,none,0.0,0.2,17,6.30040290817461,11.040653048917608,6.360471815581412,-48.40816181191727,-0.015306131595155925,0.004766371784759471,-0.015114116562542357
f_price_lag_24,hour_sr_weekend,55,median,100,peakerr,none,0.0,0.2,17,6.30040290817461,11.040653048917608,6.360471815581412,-48.40816181191727,-0.015306131595155925,0.004766371784759471,-0.015114116562542357
f_price_lag_24,hour_sr_diff,3,mean,-250,all,ge_abs,1000.0,0.2,34,6.300426892258145,11.051831278272882,6.360495498785227,-49.28553549341314,-0.015282147511621602,0.015944601140033043,-0.015090433358727395
f_price_lag_24,hour_cr,13,median,-500,peakerr,ge_abs,1000.0,0.05,145,6.300466422638013,11.04008794137283,6.360534533257482,-49.55480025948533,-0.015242617131753455,0.004201264239981128,-0.015051398886472
f_price_lag_24,hour_cr,34,median,-500,night,ge_abs,1000.0,0.05,63,6.300481279880703,11.00465496184281,6.360549204116439,-49.23523939147313,-0.015227759889063108,-0.031231715290038764,-0.01503672802751499
f_price_lag_24,hour_sr_weekend,5,mean,100,peakerr,ge_rel,0.1,0.2,9,6.300510320733442,11.035886677132849,6.360577880652417,-48.31653755140575,-0.015198719036324526,0.0,-0.015008051491537167
f_price_lag_24,hour_sr_weekend,5,mean,250,peakerr,ge_rel,0.1,0.2,9,6.300510320733442,11.035886677132849,6.360577880652417,-48.31653755140575,-0.015198719036324526,0.0,-0.015008051491537167
f_price_lag_24,hour_sr_weekend,3,mean,500,peakerr,none,0.0,0.2,11,6.300513403088552,11.049019112819728,6.360580924339461,-48.695270458150205,-0.01519563668121382,0.013132435686879163,-0.015005007804493431
f_price_lag_24,hour_sr_weekend,5,median,250,peakerr,ge_abs,1000.0,0.2,9,6.300551448172599,11.049019112819728,6.360618492148894,-48.51171406006815,-0.01515759159716712,0.013132435686879163,-0.014967439995060339
f_price_lag_24,hour_sr_weekend,8,mean,100,peakerr,ge_abs,1000.0,0.2,9,6.300551448172599,11.049019112819728,6.360618492148894,-48.51171406006815,-0.01515759159716712,0.013132435686879163,-0.014967439995060339
f_price_lag_24,hour_sr_weekend,8,mean,250,peakerr,ge_abs,1000.0,0.2,9,6.300551448172599,11.049019112819728,6.360618492148894,-48.51171406006815,-0.01515759159716712,0.013132435686879163,-0.014967439995060339
f_price_lag_24,hour_sr_weekend,8,median,250,peakerr,ge_abs,1000.0,0.2,9,6.300551448172599,11.049019112819728,6.360618492148894,-48.51171406006815,-0.01515759159716712,0.013132435686879163,-0.014967439995060339
f_price_lag_24,hour_sr_weekend,13,mean,100,peakerr,ge_abs,1000.0,0.2,9,6.300551448172599,11.049019112819728,6.360618492148894,-48.51171406006815,-0.01515759159716712,0.013132435686879163,-0.014967439995060339
f_price_lag_24,hour_sr_weekend,13,mean,250,peakerr,ge_abs,1000.0,0.2,9,6.300551448172599,11.049019112819728,6.360618492148894,-48.51171406006815,-0.01515759159716712,0.013132435686879163,-0.014967439995060339
f_price_lag_24,hour_sr_weekend,13,median,250,peakerr,ge_abs,1000.0,0.2,9,6.300551448172599,11.049019112819728,6.360618492148894,-48.51171406006815,-0.01515759159716712,0.013132435686879163,-0.014967439995060339
f_price_lag_24,hour_sr_weekend,21,mean,100,peakerr,ge_abs,1000.0,0.2,9,6.300551448172599,11.049019112819728,6.360618492148894,-48.51171406006815,-0.01515759159716712,0.013132435686879163,-0.014967439995060339
f_price_lag_24,hour_sr_weekend,21,mean,250,peakerr,ge_abs,1000.0,0.2,9,6.300551448172599,11.049019112819728,6.360618492148894,-48.51171406006815,-0.01515759159716712,0.013132435686879163,-0.014967439995060339
f_price_lag_24,hour_sr_weekend,21,median,250,peakerr,ge_abs,1000.0,0.2,9,6.300551448172599,11.049019112819728,6.360618492148894,-48.51171406006815,-0.01515759159716712,0.013132435686879163,-0.014967439995060339
f_price_lag_24,hour_sr_weekend,34,mean,100,peakerr,ge_abs,1000.0,0.2,9,6.300551448172599,11.049019112819728,6.360618492148894,-48.51171406006815,-0.01515759159716712,0.013132435686879163,-0.014967439995060339
f_price_lag_24,hour_sr_weekend,34,mean,250,peakerr,ge_abs,1000.0,0.2,9,6.300551448172599,11.049019112819728,6.360618492148894,-48.51171406006815,-0.01515759159716712,0.013132435686879163,-0.014967439995060339
f_price_lag_24,hour_sr_weekend,34,median,250,peakerr,ge_abs,1000.0,0.2,9,6.300551448172599,11.049019112819728,6.360618492148894,-48.51171406006815,-0.01515759159716712,0.013132435686879163,-0.014967439995060339
f_price_lag_24,hour_sr_weekend,55,mean,100,peakerr,ge_abs,1000.0,0.2,9,6.300551448172599,11.049019112819728,6.360618492148894,-48.51171406006815,-0.01515759159716712,0.013132435686879163,-0.014967439995060339
f_price_lag_24,hour_sr_weekend,55,mean,250,peakerr,ge_abs,1000.0,0.2,9,6.300551448172599,11.049019112819728,6.360618492148894,-48.51171406006815,-0.01515759159716712,0.013132435686879163,-0.014967439995060339
f_price_lag_24,hour_sr_weekend,55,median,250,peakerr,ge_abs,1000.0,0.2,9,6.300551448172599,11.049019112819728,6.360618492148894,-48.51171406006815,-0.01515759159716712,0.013132435686879163,-0.014967439995060339
f_price_lag_24,hour_sr_weekend,5,mean,500,peakerr,ge_abs,1000.0,0.2,7,6.300578467892046,11.049019112819728,6.360645172906645,-48.6989157954725,-0.015130571877720378,0.013132435686879163,-0.014940759237308754
f_price_lag_24,hour_sr_weekend,5,median,500,peakerr,ge_abs,1000.0,0.2,7,6.300578467892046,11.049019112819728,6.360645172906645,-48.6989157954725,-0.015130571877720378,0.013132435686879163,-0.014940759237308754
f_price_lag_24,hour_sr_weekend,8,mean,500,peakerr,ge_abs,1000.0,0.2,7,6.300578467892046,11.049019112819728,6.360645172906645,-48.6989157954725,-0.015130571877720378,0.013132435686879163,-0.014940759237308754
f_price_lag_24,hour_sr_weekend,8,median,500,peakerr,ge_abs,1000.0,0.2,7,6.300578467892046,11.049019112819728,6.360645172906645,-48.6989157954725,-0.015130571877720378,0.013132435686879163,-0.014940759237308754
f_price_lag_24,hour_sr_weekend,13,mean,500,peakerr,ge_abs,1000.0,0.2,7,6.300578467892046,11.049019112819728,6.360645172906645,-48.6989157954725,-0.015130571877720378,0.013132435686879163,-0.014940759237308754
f_price_lag_24,hour_sr_weekend,13,median,500,peakerr,ge_abs,1000.0,0.2,7,6.300578467892046,11.049019112819728,6.360645172906645,-48.6989157954725,-0.015130571877720378,0.013132435686879163,-0.014940759237308754
f_price_lag_24,hour_sr_weekend,21,mean,500,peakerr,ge_abs,1000.0,0.2,7,6.300578467892046,11.049019112819728,6.360645172906645,-48.6989157954725,-0.015130571877720378,0.013132435686879163,-0.014940759237308754
f_price_lag_24,hour_sr_weekend,21,median,500,peakerr,ge_abs,1000.0,0.2,7,6.300578467892046,11.049019112819728,6.360645172906645,-48.6989157954725,-0.015130571877720378,0.013132435686879163,-0.014940759237308754
f_price_lag_24,hour_sr_weekend,34,mean,500,peakerr,ge_abs,1000.0,0.2,7,6.300578467892046,11.049019112819728,6.360645172906645,-48.6989157954725,-0.015130571877720378,0.013132435686879163,-0.014940759237308754
f_price_lag_24,hour_sr_weekend,34,median,500,peakerr,ge_abs,1000.0,0.2,7,6.300578467892046,11.049019112819728,6.360645172906645,-48.6989157954725,-0.015130571877720378,0.013132435686879163,-0.014940759237308754
f_price_lag_24,hour_sr_weekend,55,mean,500,peakerr,ge_abs,1000.0,0.2,7,6.300578467892046,11.049019112819728,6.360645172906645,-48.6989157954725,-0.015130571877720378,0.013132435686879163,-0.014940759237308754
f_price_lag_24,hour_sr_weekend,55,median,500,peakerr,ge_abs,1000.0,0.2,7,6.300578467892046,11.049019112819728,6.360645172906645,-48.6989157954725,-0.015130571877720378,0.013132435686879163,-0.014940759237308754
f_price_lag_24,hour_weekend,3,median,0,night,ge_rel,0.1,0.05,36,6.300610431787628,11.009454329042901,6.360676735815968,-48.78749234244365,-0.015098607982138468,-0.026432348089947766,-0.014909196327986152
f_price_lag_24,hour_sr_weekend,5,mean,100,all,ge_rel,0.1,0.2,11,6.300629465044019,11.035886677132849,6.3606955303006405,-48.403867086945205,-0.015079574725747058,0.0,-0.014890401843313583
f_price_lag_24,hour_weekend,5,median,-100,night,ge_abs,1000.0,0.05,72,6.300634894570792,11.082641907439607,6.360700891714137,-49.08418241247803,-0.015074145198973987,0.04675523030675777,-0.014885040429817309
f_price_lag_24,hour_sr,5,mean,-500,19-23,ge_rel,0.1,-0.3,24,6.300654128278446,10.719243976644952,6.360719884135419,-46.66503579688808,-0.015054911491319878,-0.3166427004878969,-0.014866048008535415
f_price_lag_24,hour_sr_diff,5,mean,-250,peakerr,ge_rel,0.1,0.2,15,6.300659497463422,11.035886677132849,6.360725185964106,-49.00213497818074,-0.015049542306344144,0.0,-0.014860746179848228
f_price_lag_24,hour_sr_diff,8,mean,-250,peakerr,ge_rel,0.1,0.2,15,6.300659497463422,11.035886677132849,6.360725185964106,-49.00213497818074,-0.015049542306344144,0.0,-0.014860746179848228
f_price_lag_24,hour_sr_diff,13,mean,-250,peakerr,ge_rel,0.1,0.2,15,6.300659497463422,11.035886677132849,6.360725185964106,-49.00213497818074,-0.015049542306344144,0.0,-0.014860746179848228
f_price_lag_24,hour_sr_diff,21,mean,-250,peakerr,ge_rel,0.1,0.2,15,6.300659497463422,11.035886677132849,6.360725185964106,-49.00213497818074,-0.015049542306344144,0.0,-0.014860746179848228
f_price_lag_24,hour_sr_diff,34,mean,-250,peakerr,ge_rel,0.1,0.2,15,6.300659497463422,11.035886677132849,6.360725185964106,-49.00213497818074,-0.015049542306344144,0.0,-0.014860746179848228
f_price_lag_24,hour_sr_diff,55,mean,-250,peakerr,ge_rel,0.1,0.2,15,6.300659497463422,11.035886677132849,6.360725185964106,-49.00213497818074,-0.015049542306344144,0.0,-0.014860746179848228
f_price_lag_24,hour_sr_diff,5,mean,-250,peakerr,ge_abs,1000.0,0.2,21,6.300679730106137,11.045115882985998,6.360745164788829,-48.970168572311245,-0.015029309663629142,0.009229205853149125,-0.01484076735512474
f_price_lag_24,hour_sr,5,median,-100,19-23,ge_rel,0.05,-0.2,27,6.300733298279887,10.931446298339264,6.360798060951199,-48.27046509087408,-0.014975741489879013,-0.10444037879358525,-0.014787871192755375
f_price_lag_24,hour_cr,8,median,0,midday,le_rel,0.1,-0.3,93,6.300736993316537,11.047684061792108,6.360801709633708,-47.784516443535956,-0.014972046453229026,0.011797384659258725,-0.014784222510246359
f_price_lag_24,hour_cr,8,median,0,day,le_rel,0.1,-0.3,93,6.300736993316537,11.047684061792108,6.360801709633708,-47.784516443535956,-0.014972046453229026,0.011797384659258725,-0.014784222510246359
f_price_lag_24,hour_sr_weekend,13,median,100,peakerr,ge_abs,500.0,0.2,14,6.300740046107202,11.040653048917608,6.360804724127189,-48.42705038795903,-0.014968993662564323,0.004766371784759471,-0.014781208016764857
f_price_lag_24,hour_sr_weekend,21,median,100,peakerr,ge_abs,500.0,0.2,14,6.300740046107202,11.040653048917608,6.360804724127189,-48.42705038795903,-0.014968993662564323,0.004766371784759471,-0.014781208016764857
f_price_lag_24,hour_sr_weekend,34,median,100,peakerr,ge_abs,500.0,0.2,14,6.300740046107202,11.040653048917608,6.360804724127189,-48.42705038795903,-0.014968993662564323,0.004766371784759471,-0.014781208016764857
f_price_lag_24,hour_sr_weekend,55,median,100,peakerr,ge_abs,500.0,0.2,14,6.300740046107202,11.040653048917608,6.360804724127189,-48.42705038795903,-0.014968993662564323,0.004766371784759471,-0.014781208016764857
f_price_lag_24,hour_sr,5,median,-100,19-23,ge_abs,500.0,-0.2,30,6.300742584986964,10.925406605234661,6.360807231156771,-48.36180806798481,-0.014966454782801897,-0.11048007189818776,-0.014778700987182702
f_price_lag_24,hour_sr_weekend,3,median,250,peakerr,ge_abs,1000.0,0.2,12,6.300805665671094,11.047009827434382,6.360869520495319,-48.32341788151278,-0.014903374098672373,0.011123150301532547,-0.01471641164863513
f_price_lag_24,hour_sr_weekend,3,median,500,peakerr,ge_abs,1000.0,0.2,10,6.30083268539054,11.047009827434382,6.3608962012530705,-48.51061961691713,-0.01487635437922652,0.011123150301532547,-0.014689730890883546
f_price_lag_24,hour_sr_weekend,3,mean,100,peakerr,ge_abs,1000.0,0.2,16,6.300851797366724,11.013106552750713,6.360915073469997,-48.28653883199045,-0.01485724240304176,-0.022780124382135725,-0.014670858673957454
f_price_lag_24,hour_sr_weekend,8,median,100,peakerr,ge_rel,0.1,0.3,9,6.300871944831879,11.035886677132849,6.360934968185713,-47.53236075511368,-0.014837094937886874,0.0,-0.014650963958240837
f_price_lag_24,hour_sr_weekend,13,median,100,peakerr,ge_rel,0.1,0.3,9,6.300871944831879,11.035886677132849,6.360934968185713,-47.53236075511368,-0.014837094937886874,0.0,-0.014650963958240837
f_price_lag_24,hour_sr_weekend,21,median,100,peakerr,ge_rel,0.1,0.3,9,6.300871944831879,11.035886677132849,6.360934968185713,-47.53236075511368,-0.014837094937886874,0.0,-0.014650963958240837
f_price_lag_24,hour_sr_weekend,34,median,100,peakerr,ge_rel,0.1,0.3,9,6.300871944831879,11.035886677132849,6.360934968185713,-47.53236075511368,-0.014837094937886874,0.0,-0.014650963958240837
f_price_lag_24,hour_sr_weekend,55,median,100,peakerr,ge_rel,0.1,0.3,9,6.300871944831879,11.035886677132849,6.360934968185713,-47.53236075511368,-0.014837094937886874,0.0,-0.014650963958240837
f_price_lag_24,hour_sr,3,mean,-100,19-23,le_abs,1000.0,0.8,42,6.300895952515349,10.984985573016466,6.360958674693403,-49.842797481367896,-0.014813087254417212,-0.05090110411638271,-0.01462725745055149
f_price_lag_24,hour,3,median,500,night,le_abs,2000.0,1.0,4,6.300896523086438,11.002082021889697,6.360959238106692,-49.97579671394716,-0.01481251668332817,-0.033804655243152126,-0.014626694037262133
f_price_lag_24,hour,3,median,500,night,le_rel,0.1,1.0,4,6.300896523086438,11.002082021889697,6.360959238106692,-49.97579671394716,-0.01481251668332817,-0.033804655243152126,-0.014626694037262133
f_price_lag_24,hour_sr_weekend,8,median,100,peakerr,ge_abs,1000.0,0.2,10,6.30091513810204,11.049019112819728,6.360977619597395,-48.26248167702322,-0.014793901667726317,0.013132435686879163,-0.014608312546559254
f_price_lag_24,hour_sr_weekend,13,median,100,peakerr,ge_abs,1000.0,0.2,10,6.30091513810204,11.049019112819728,6.360977619597395,-48.26248167702322,-0.014793901667726317,0.013132435686879163,-0.014608312546559254
f_price_lag_24,hour_sr_weekend,21,median,100,peakerr,ge_abs,1000.0,0.2,10,6.30091513810204,11.049019112819728,6.360977619597395,-48.26248167702322,-0.014793901667726317,0.013132435686879163,-0.014608312546559254
f_price_lag_24,hour_sr_weekend,34,median,100,peakerr,ge_abs,1000.0,0.2,10,6.30091513810204,11.049019112819728,6.360977619597395,-48.26248167702322,-0.014793901667726317,0.013132435686879163,-0.014608312546559254
f_price_lag_24,hour_sr_weekend,55,median,100,peakerr,ge_abs,1000.0,0.2,10,6.30091513810204,11.049019112819728,6.360977619597395,-48.26248167702322,-0.014793901667726317,0.013132435686879163,-0.014608312546559254
f_price_lag_24,hour_sr,5,median,-100,19-23,none,0.0,-0.2,90,6.300939968405479,10.925345592591622,6.361002138405309,-48.384205476513955,-0.014769071364287178,-0.11054108454122691,-0.01458379373864549
f_price_lag_24,hour_sr_weekend,5,median,250,peakerr,ge_rel,0.05,0.2,13,6.300976285262179,11.049019112819728,6.3610379996679605,-48.58408876747691,-0.014732754507587487,0.013132435686879163,-0.014547932475993619
f_price_lag_24,hour_sr_weekend,8,mean,100,peakerr,ge_rel,0.05,0.2,13,6.300976285262179,11.049019112819728,6.3610379996679605,-48.58408876747691,-0.014732754507587487,0.013132435686879163,-0.014547932475993619
f_price_lag_24,hour_sr_weekend,8,mean,250,peakerr,ge_rel,0.05,0.2,13,6.300976285262179,11.049019112819728,6.3610379996679605,-48.58408876747691,-0.014732754507587487,0.013132435686879163,-0.014547932475993619
f_price_lag_24,hour_sr_weekend,8,median,250,peakerr,ge_rel,0.05,0.2,13,6.300976285262179,11.049019112819728,6.3610379996679605,-48.58408876747691,-0.014732754507587487,0.013132435686879163,-0.014547932475993619
f_price_lag_24,hour_sr_weekend,13,mean,100,peakerr,ge_rel,0.05,0.2,13,6.300976285262179,11.049019112819728,6.3610379996679605,-48.58408876747691,-0.014732754507587487,0.013132435686879163,-0.014547932475993619
f_price_lag_24,hour_sr_weekend,13,mean,250,peakerr,ge_rel,0.05,0.2,13,6.300976285262179,11.049019112819728,6.3610379996679605,-48.58408876747691,-0.014732754507587487,0.013132435686879163,-0.014547932475993619
f_price_lag_24,hour_sr_weekend,13,median,250,peakerr,ge_rel,0.05,0.2,13,6.300976285262179,11.049019112819728,6.3610379996679605,-48.58408876747691,-0.014732754507587487,0.013132435686879163,-0.014547932475993619
f_price_lag_24,hour_sr_weekend,21,mean,100,peakerr,ge_rel,0.05,0.2,13,6.300976285262179,11.049019112819728,6.3610379996679605,-48.58408876747691,-0.014732754507587487,0.013132435686879163,-0.014547932475993619
f_price_lag_24,hour_sr_weekend,21,mean,250,peakerr,ge_rel,0.05,0.2,13,6.300976285262179,11.049019112819728,6.3610379996679605,-48.58408876747691,-0.014732754507587487,0.013132435686879163,-0.014547932475993619
f_price_lag_24,hour_sr_weekend,21,median,250,peakerr,ge_rel,0.05,0.2,13,6.300976285262179,11.049019112819728,6.3610379996679605,-48.58408876747691,-0.014732754507587487,0.013132435686879163,-0.014547932475993619
f_price_lag_24,hour_sr_weekend,34,mean,100,peakerr,ge_rel,0.05,0.2,13,6.300976285262179,11.049019112819728,6.3610379996679605,-48.58408876747691,-0.014732754507587487,0.013132435686879163,-0.014547932475993619
f_price_lag_24,hour_sr_weekend,34,mean,250,peakerr,ge_rel,0.05,0.2,13,6.300976285262179,11.049019112819728,6.3610379996679605,-48.58408876747691,-0.014732754507587487,0.013132435686879163,-0.014547932475993619
f_price_lag_24,hour_sr_weekend,34,median,250,peakerr,ge_rel,0.05,0.2,13,6.300976285262179,11.049019112819728,6.3610379996679605,-48.58408876747691,-0.014732754507587487,0.013132435686879163,-0.014547932475993619
f_price_lag_24,hour_sr_weekend,55,mean,100,peakerr,ge_rel,0.05,0.2,13,6.300976285262179,11.049019112819728,6.3610379996679605,-48.58408876747691,-0.014732754507587487,0.013132435686879163,-0.014547932475993619
f_price_lag_24,hour_sr_weekend,55,mean,250,peakerr,ge_rel,0.05,0.2,13,6.300976285262179,11.049019112819728,6.3610379996679605,-48.58408876747691,-0.014732754507587487,0.013132435686879163,-0.014547932475993619
f_price_lag_24,hour_sr_weekend,55,median,250,peakerr,ge_rel,0.05,0.2,13,6.300976285262179,11.049019112819728,6.3610379996679605,-48.58408876747691,-0.014732754507587487,0.013132435686879163,-0.014547932475993619
f_price_lag_24,hour_cr,13,median,-500,night,ge_rel,0.05,0.05,105,6.300985219954458,10.997200835016525,6.361046822274753,-49.40790094135492,-0.014723819815308126,-0.03868584211632431,-0.014539109869200928
f_price_lag_24,hour_weekend,5,median,-500,night,ge_abs,1000.0,0.05,125,6.301002850892385,11.08933425737592,6.36106423203301,-49.25564155711137,-0.014706188877380733,0.05344758024307161,-0.01452170011094367
f_price_lag_24,hour_sr_weekend,3,mean,500,all,ge_abs,500.0,0.2,12,6.301008574579506,11.010681363809272,6.36106988391662,-48.80366738867463,-0.014700465190260026,-0.02520531332357656,-0.014516048227333656
f_price_lag_24,hour_sr_weekend,3,mean,500,all,ge_rel,0.05,0.2,12,6.301008574579506,11.010681363809272,6.36106988391662,-48.80366738867463,-0.014700465190260026,-0.02520531332357656,-0.014516048227333656
f_price_lag_24,hour_sr_diff,3,median,250,peakerr,ge_abs,1000.0,0.3,10,6.3010277447821075,11.05418697160106,6.361088813629517,-48.95891169299399,-0.014681294987658688,0.018300294468211575,-0.014497118514436913
f_price_lag_24,hour_cr,34,median,-500,night,ge_rel,0.05,0.05,85,6.301035501424648,11.002958875729963,6.3610964729651736,-49.15975786575015,-0.014673538345117976,-0.0329278014028862,-0.014489459178780528
f_price_lag_24,hour_sr,5,mean,-500,19-23,ge_abs,1000.0,-0.1,35,6.301045699945059,10.895768035525581,6.361106543545405,-48.46910455726486,-0.014663339824707577,-0.14011864160726795,-0.01447938859854947
f_price_lag_24,hour,3,mean,100,all,le_rel,0.05,1.0,24,6.301081925725008,11.004471783987038,6.361142314873863,-49.4726720496246,-0.014627114044758471,-0.03141489314581136,-0.014443617270091025
f_price_lag_24,hour_cr,34,median,-500,night,ge_abs,500.0,0.05,86,6.301113442889893,11.003053402165952,6.3611734366567125,-49.171283239515105,-0.01459559687987344,-0.03283327496689736,-0.01441249548724155
f_price_lag_24,hour_sr_weekend,3,mean,500,all,ge_rel,0.1,0.3,10,6.301151295124405,10.978380053617164,6.361210814035903,-48.185303532692885,-0.014557744645361304,-0.05750662351568536,-0.0143751181080507
f_price_lag_24,hour_sr_weekend,5,median,250,peakerr,none,0.0,0.2,15,6.301161957772579,11.049019112819728,6.361221342921428,-48.59449130303436,-0.014547081997187128,0.013132435686879163,-0.01436458922252637
f_price_lag_24,hour_sr_weekend,8,mean,100,peakerr,none,0.0,0.2,15,6.301161957772579,11.049019112819728,6.361221342921428,-48.59449130303436,-0.014547081997187128,0.013132435686879163,-0.01436458922252637
f_price_lag_24,hour_sr_weekend,8,mean,250,peakerr,none,0.0,0.2,15,6.301161957772579,11.049019112819728,6.361221342921428,-48.59449130303436,-0.014547081997187128,0.013132435686879163,-0.01436458922252637
f_price_lag_24,hour_sr_weekend,8,median,250,peakerr,none,0.0,0.2,15,6.301161957772579,11.049019112819728,6.361221342921428,-48.59449130303436,-0.014547081997187128,0.013132435686879163,-0.01436458922252637
f_price_lag_24,hour_sr_weekend,13,mean,100,peakerr,none,0.0,0.2,15,6.301161957772579,11.049019112819728,6.361221342921428,-48.59449130303436,-0.014547081997187128,0.013132435686879163,-0.01436458922252637
f_price_lag_24,hour_sr_weekend,13,mean,250,peakerr,none,0.0,0.2,15,6.301161957772579,11.049019112819728,6.361221342921428,-48.59449130303436,-0.014547081997187128,0.013132435686879163,-0.01436458922252637
f_price_lag_24,hour_sr_weekend,13,median,250,peakerr,none,0.0,0.2,15,6.301161957772579,11.049019112819728,6.361221342921428,-48.59449130303436,-0.014547081997187128,0.013132435686879163,-0.01436458922252637
f_price_lag_24,hour_sr_weekend,21,mean,100,peakerr,none,0.0,0.2,15,6.301161957772579,11.049019112819728,6.361221342921428,-48.59449130303436,-0.014547081997187128,0.013132435686879163,-0.01436458922252637
f_price_lag_24,hour_sr_weekend,21,mean,250,peakerr,none,0.0,0.2,15,6.301161957772579,11.049019112819728,6.361221342921428,-48.59449130303436,-0.014547081997187128,0.013132435686879163,-0.01436458922252637
f_price_lag_24,hour_sr_weekend,21,median,250,peakerr,none,0.0,0.2,15,6.301161957772579,11.049019112819728,6.361221342921428,-48.59449130303436,-0.014547081997187128,0.013132435686879163,-0.01436458922252637
f_price_lag_24,hour_sr_weekend,34,mean,100,peakerr,none,0.0,0.2,15,6.301161957772579,11.049019112819728,6.361221342921428,-48.59449130303436,-0.014547081997187128,0.013132435686879163,-0.01436458922252637
f_price_lag_24,hour_sr_weekend,34,mean,250,peakerr,none,0.0,0.2,15,6.301161957772579,11.049019112819728,6.361221342921428,-48.59449130303436,-0.014547081997187128,0.013132435686879163,-0.01436458922252637
f_price_lag_24,hour_sr_weekend,34,median,250,peakerr,none,0.0,0.2,15,6.301161957772579,11.049019112819728,6.361221342921428,-48.59449130303436,-0.014547081997187128,0.013132435686879163,-0.01436458922252637
f_price_lag_24,hour_sr_weekend,55,mean,100,peakerr,none,0.0,0.2,15,6.301161957772579,11.049019112819728,6.361221342921428,-48.59449130303436,-0.014547081997187128,0.013132435686879163,-0.01436458922252637
f_price_lag_24,hour_sr_weekend,55,mean,250,peakerr,none,0.0,0.2,15,6.301161957772579,11.049019112819728,6.361221342921428,-48.59449130303436,-0.014547081997187128,0.013132435686879163,-0.01436458922252637
f_price_lag_24,hour_sr_weekend,55,median,250,peakerr,none,0.0,0.2,15,6.301161957772579,11.049019112819728,6.361221342921428,-48.59449130303436,-0.014547081997187128,0.013132435686879163,-0.01436458922252637
f_price_lag_24,hour_cr,21,median,-250,peakerr,ge_rel,0.1,0.05,75,6.301169490257397,10.978464943665085,6.361228780911415,-48.81699694859494,-0.014539549512369021,-0.05742173346776447,-0.01435715123253889
f_price_lag_24,hour_cr,34,median,-250,peakerr,ge_rel,0.1,0.05,75,6.301169490257397,10.978464943665085,6.361228780911415,-48.81699694859494,-0.014539549512369021,-0.05742173346776447,-0.01435715123253889
f_price_lag_24,hour_cr,55,median,-250,peakerr,ge_rel,0.1,0.05,75,6.301169490257397,10.978464943665085,6.361228780911415,-48.81699694859494,-0.014539549512369021,-0.05742173346776447,-0.01435715123253889
f_price_lag_24,hour_sr,13,mean,-500,19-23,ge_abs,1000.0,-0.2,16,6.301183316447642,10.979446507723976,6.361242433652454,-48.26539457556523,-0.014525723322123874,-0.056440169408872976,-0.014343498491499851
f_price_lag_24,hour_sr_weekend,3,mean,500,all,none,0.0,0.2,15,6.301187787543613,11.011112944371307,6.36124684865864,-48.800388026454534,-0.01452125222615308,-0.024773732761541822,-0.014339083485314319
f_price_lag_24,hour_cr,55,median,-500,night,ge_abs,1000.0,0.05,57,6.3012004947580955,11.010727717750688,6.361259396461438,-49.40048447855755,-0.014508545011670648,-0.025158959382160617,-0.01432653568251574
f_price_lag_24,hour_cr,13,mean,-250,19-23,le_abs,1000.0,0.8,38,6.301233984702018,11.035886677132849,6.361292466274864,-48.72408585689012,-0.014475055067748599,0.0,-0.014293465869090305
f_price_lag_24,hour_cr,21,mean,-250,19-23,le_abs,1000.0,0.8,38,6.301233984702018,11.035886677132849,6.361292466274864,-48.72408585689012,-0.014475055067748599,0.0,-0.014293465869090305
f_price_lag_24,hour_cr,34,mean,-250,19-23,le_abs,1000.0,0.8,38,6.301233984702018,11.035886677132849,6.361292466274864,-48.72408585689012,-0.014475055067748599,0.0,-0.014293465869090305
f_price_lag_24,hour_cr,55,mean,-250,19-23,le_abs,1000.0,0.8,38,6.301233984702018,11.035886677132849,6.361292466274864,-48.72408585689012,-0.014475055067748599,0.0,-0.014293465869090305
f_price_lag_24,hour_cr,34,median,-500,night,ge_abs,1000.0,0.1,63,6.3012478778063565,10.977034896577207,6.361306185090562,-48.9354097885189,-0.01446116196340963,-0.05885178055564211,-0.014279747053391745
f_price_lag_24,hour_cr,34,median,-250,night,ge_rel,0.1,0.1,23,6.301295762451383,10.93385431355368,6.361353469023929,-48.66493122392723,-0.0144132773183836,-0.10203236357916978,-0.014232463120024796
f_price_lag_24,hour_cr,55,median,-250,night,ge_rel,0.1,0.1,23,6.301295762451383,10.93385431355368,6.361353469023929,-48.66493122392723,-0.0144132773183836,-0.10203236357916978,-0.014232463120024796
f_price_lag_24,hour_cr,8,median,0,midday,le_abs,2000.0,-0.2,99,6.301307906293105,11.043751600239021,6.3613654605214665,-47.58177448718714,-0.014401133476661165,0.007864923106172483,-0.01422047162248763
f_price_lag_24,hour_cr,13,median,-500,night,ge_abs,1000.0,0.05,81,6.301314174802551,10.998585862431447,6.361371650392619,-49.48171617800939,-0.014394864967215426,-0.03730081470140156,-0.0142142817513351
f_price_lag_24,hour_cr,13,median,-500,night,ge_abs,500.0,0.05,111,6.30132977409747,10.99928201877138,6.361387053994778,-49.45725450427549,-0.014379265672296526,-0.03660465836146898,-0.014198878149175975
f_price_lag_24,hour_sr_weekend,13,median,100,peakerr,ge_rel,0.05,0.2,14,6.30133997519162,11.049019112819728,6.361397127116462,-48.33485638443199,-0.014369064578145796,0.013132435686879163,-0.014188805027491647
f_price_lag_24,hour_sr_weekend,21,median,100,peakerr,ge_rel,0.05,0.2,14,6.30133997519162,11.049019112819728,6.361397127116462,-48.33485638443199,-0.014369064578145796,0.013132435686879163,-0.014188805027491647
f_price_lag_24,hour_sr_weekend,34,median,100,peakerr,ge_rel,0.05,0.2,14,6.30133997519162,11.049019112819728,6.361397127116462,-48.33485638443199,-0.014369064578145796,0.013132435686879163,-0.014188805027491647
f_price_lag_24,hour_sr_weekend,55,median,100,peakerr,ge_rel,0.05,0.2,14,6.30133997519162,11.049019112819728,6.361397127116462,-48.33485638443199,-0.014369064578145796,0.013132435686879163,-0.014188805027491647
f_price_lag_24,hour_cr,13,mean,-250,midday,le_rel,0.1,-0.2,79,6.301355092880051,11.035886677132849,6.361412055153876,-48.61063059928239,-0.01435394688971492,0.0,-0.014173876990078327
f_price_lag_24,hour_cr,13,mean,-250,day,le_rel,0.1,-0.2,79,6.301355092880051,11.035886677132849,6.361412055153876,-48.61063059928239,-0.01435394688971492,0.0,-0.014173876990078327
f_price_lag_24,hour_cr,13,mean,-100,19-23,le_abs,1000.0,1.0,25,6.301358918722347,11.035886677132849,6.361415833001076,-48.708577520131,-0.014350121047419506,0.0,-0.014170099142877923
f_price_lag_24,hour_cr,21,mean,-100,19-23,le_abs,1000.0,1.0,19,6.301358918722347,11.035886677132849,6.361415833001076,-48.708577520131,-0.014350121047419506,0.0,-0.014170099142877923
f_price_lag_24,hour_cr,34,mean,-100,19-23,le_abs,1000.0,1.0,19,6.301358918722347,11.035886677132849,6.361415833001076,-48.708577520131,-0.014350121047419506,0.0,-0.014170099142877923
f_price_lag_24,hour_cr,55,mean,-100,19-23,le_abs,1000.0,1.0,19,6.301358918722347,11.035886677132849,6.361415833001076,-48.708577520131,-0.014350121047419506,0.0,-0.014170099142877923
f_price_lag_24,hour_sr_diff,3,median,0,all,ge_abs,1000.0,0.2,24,6.301360908727547,11.04339862586853,6.361417798041711,-49.18730965613418,-0.014348131042218881,0.007511948735681173,-0.014168134102242824
f_price_lag_24,hour_sr_weekend,3,median,500,peakerr,ge_rel,0.1,0.3,7,6.301362898426858,11.035886677132849,6.3614197627802955,-47.87294555385047,-0.014346141342907792,0.0,-0.014166169363658554
f_price_lag_24,hour_sr,5,mean,-250,19-23,le_abs,1000.0,0.8,40,6.301369891479346,11.0138173658647,6.361426668105118,-49.701042777778106,-0.01433914829042049,-0.02206931126814915,-0.014159264038836383
f_price_lag_24,hour_cr,34,median,-250,night,ge_abs,1000.0,0.1,23,6.301406549612727,10.93385431355368,6.361462866363145,-48.933749426704814,-0.014302490157039216,-0.10203236357916978,-0.014123065780808908
f_price_lag_24,hour_cr,55,median,-250,night,ge_abs,1000.0,0.1,23,6.301406549612727,10.93385431355368,6.361462866363145,-48.933749426704814,-0.014302490157039216,-0.10203236357916978,-0.014123065780808908
f_price_lag_24,hour_sr_weekend,3,median,500,all,ge_abs,1000.0,0.2,12,6.301449151024764,11.008672078423926,6.36150493334155,-48.62581220413613,-0.014259888745002058,-0.027214598708923177,-0.01408099880240421
f_price_lag_24,hour_cr,55,median,-500,night,ge_rel,0.05,0.05,77,6.301468475611735,11.009031631637841,6.3615240155020665,-49.2885475836064,-0.014240564158031432,-0.026855045495008056,-0.014061916641887606
f_price_lag_24,hour_sr_weekend,5,median,250,peakerr,ge_abs,500.0,0.2,12,6.301499095705171,11.049019112819728,6.361554251467207,-48.61337987907613,-0.014209944064595526,0.013132435686879163,-0.014031680676747094
f_price_lag_24,hour_sr_weekend,8,mean,100,peakerr,ge_abs,500.0,0.2,12,6.301499095705171,11.049019112819728,6.361554251467207,-48.61337987907613,-0.014209944064595526,0.013132435686879163,-0.014031680676747094
f_price_lag_24,hour_sr_weekend,8,mean,250,peakerr,ge_abs,500.0,0.2,12,6.301499095705171,11.049019112819728,6.361554251467207,-48.61337987907613,-0.014209944064595526,0.013132435686879163,-0.014031680676747094
f_price_lag_24,hour_sr_weekend,8,median,250,peakerr,ge_abs,500.0,0.2,12,6.301499095705171,11.049019112819728,6.361554251467207,-48.61337987907613,-0.014209944064595526,0.013132435686879163,-0.014031680676747094
f_price_lag_24,hour_sr_weekend,13,mean,100,peakerr,ge_abs,500.0,0.2,12,6.301499095705171,11.049019112819728,6.361554251467207,-48.61337987907613,-0.014209944064595526,0.013132435686879163,-0.014031680676747094
f_price_lag_24,hour_sr_weekend,13,mean,250,peakerr,ge_abs,500.0,0.2,12,6.301499095705171,11.049019112819728,6.361554251467207,-48.61337987907613,-0.014209944064595526,0.013132435686879163,-0.014031680676747094
f_price_lag_24,hour_sr_weekend,13,median,250,peakerr,ge_abs,500.0,0.2,12,6.301499095705171,11.049019112819728,6.361554251467207,-48.61337987907613,-0.014209944064595526,0.013132435686879163,-0.014031680676747094
f_price_lag_24,hour_sr_weekend,21,mean,100,peakerr,ge_abs,500.0,0.2,12,6.301499095705171,11.049019112819728,6.361554251467207,-48.61337987907613,-0.014209944064595526,0.013132435686879163,-0.014031680676747094
f_price_lag_24,hour_sr_weekend,21,mean,250,peakerr,ge_abs,500.0,0.2,12,6.301499095705171,11.049019112819728,6.361554251467207,-48.61337987907613,-0.014209944064595526,0.013132435686879163,-0.014031680676747094
f_price_lag_24,hour_sr_weekend,21,median,250,peakerr,ge_abs,500.0,0.2,12,6.301499095705171,11.049019112819728,6.361554251467207,-48.61337987907613,-0.014209944064595526,0.013132435686879163,-0.014031680676747094
f_price_lag_24,hour_sr_weekend,34,mean,100,peakerr,ge_abs,500.0,0.2,12,6.301499095705171,11.049019112819728,6.361554251467207,-48.61337987907613,-0.014209944064595526,0.013132435686879163,-0.014031680676747094
f_price_lag_24,hour_sr_weekend,34,mean,250,peakerr,ge_abs,500.0,0.2,12,6.301499095705171,11.049019112819728,6.361554251467207,-48.61337987907613,-0.014209944064595526,0.013132435686879163,-0.014031680676747094
f_price_lag_24,hour_sr_weekend,34,median,250,peakerr,ge_abs,500.0,0.2,12,6.301499095705171,11.049019112819728,6.361554251467207,-48.61337987907613,-0.014209944064595526,0.013132435686879163,-0.014031680676747094
f_price_lag_24,hour_sr_weekend,55,mean,100,peakerr,ge_abs,500.0,0.2,12,6.301499095705171,11.049019112819728,6.361554251467207,-48.61337987907613,-0.014209944064595526,0.013132435686879163,-0.014031680676747094
f_price_lag_24,hour_sr_weekend,55,mean,250,peakerr,ge_abs,500.0,0.2,12,6.301499095705171,11.049019112819728,6.361554251467207,-48.61337987907613,-0.014209944064595526,0.013132435686879163,-0.014031680676747094
f_price_lag_24,hour_sr_weekend,55,median,250,peakerr,ge_abs,500.0,0.2,12,6.301499095705171,11.049019112819728,6.361554251467207,-48.61337987907613,-0.014209944064595526,0.013132435686879163,-0.014031680676747094
f_price_lag_24,hour_cr,13,median,-500,night,none,0.0,0.05,231,6.30151502470239,10.997806334433285,6.361569980635559,-49.470419232110736,-0.014194015067376498,-0.03808034269956373,-0.014015951508395297
f_price_lag_24,hour_sr_diff,3,median,0,peakerr,ge_abs,1000.0,0.2,18,6.301520999644369,11.047520916361139,6.361575880622045,-49.20987546235043,-0.014188040125397094,0.011634239228289545,-0.014010051521909261
f_price_lag_24,hour_cr,55,median,-500,night,ge_abs,500.0,0.05,78,6.301546417076979,11.009126158073828,6.361600979193606,-49.30007295737135,-0.014162622692786897,-0.026760519059020993,-0.01398495295034774
f_price_lag_24,hour_sr_weekend,3,median,250,all,ge_rel,0.1,0.2,14,6.301567093625708,10.997548928122391,6.361621396355556,-48.4855826261322,-0.014141946144057727,-0.0383377490104575,-0.01396453578839818
f_price_lag_24,hour_cr,13,median,-500,peakerr,none,0.0,0.05,448,6.301642216542912,11.057948055499425,6.3616955768576675,-49.53351813383879,-0.014066823226854375,0.02206137836657618,-0.013890355286286571
f_price_lag_24,hour_sr_weekend,3,mean,500,all,ge_abs,1000.0,0.3,10,6.30164643170497,10.998078707147485,6.361699739140625,-48.21304418139764,-0.014062608064795867,-0.037807969985363954,-0.013886193003329161
f_price_lag_24,hour_sr_diff,5,mean,-100,all,ge_rel,0.1,0.2,18,6.301651361474385,10.992230877758107,6.361704607066208,-49.08606141468362,-0.01405767829538096,-0.04365579937474173,-0.013881325077745643
f_price_lag_24,hour_cr,5,median,-500,night,ge_rel,0.05,0.05,137,6.301670250617277,11.000227690693572,6.361723259245282,-49.12569252190721,-0.01403878915248935,-0.035658986439276674,-0.013862672898672379
f_price_lag_24,hour_sr_weekend,8,median,-500,19-23,ge_abs,1000.0,-0.1,41,6.301705086398895,10.960910848133585,6.361757658012904,-48.236182629777254,-0.014003953370870903,-0.07497582899926414,-0.013828274131050478
f_price_lag_24,hour_cr,21,median,-250,peakerr,none,0.0,0.05,330,6.301735409121309,10.973847033875604,6.361787600337533,-49.17183002223034,-0.013973630648457025,-0.0620396432572452,-0.013798331806420983
f_price_lag_24,hour_cr,34,median,-250,peakerr,none,0.0,0.05,330,6.301735409121309,10.973847033875604,6.361787600337533,-49.17183002223034,-0.013973630648457025,-0.0620396432572452,-0.013798331806420983
f_price_lag_24,hour_cr,55,median,-250,peakerr,none,0.0,0.05,330,6.301735409121309,10.973847033875604,6.361787600337533,-49.17183002223034,-0.013973630648457025,-0.0620396432572452,-0.013798331806420983
f_price_lag_24,hour_cr,21,mean,-500,peakerr,ge_rel,0.1,0.05,51,6.30173731876982,10.998557826729112,6.361789486029551,-49.63154406563431,-0.01397172099994659,-0.037328850403737235,-0.013796446114403338
f_price_lag_24,hour_cr,34,median,-500,night,none,0.0,0.05,187,6.301738839580379,11.003633974243,6.361790987761581,-49.17948915375123,-0.013970200189387327,-0.03225270288984916,-0.013794944382373053
f_price_lag_24,hour_sr_weekend,8,median,100,all,ge_rel,0.1,0.3,11,6.301770451731803,11.035886677132849,6.361822203339368,-47.66335505842287,-0.013938588037962774,0.0,-0.013763728804586428
f_price_lag_24,hour_sr_weekend,13,median,100,all,ge_rel,0.1,0.3,11,6.301770451731803,11.035886677132849,6.361822203339368,-47.66335505842287,-0.013938588037962774,0.0,-0.013763728804586428
f_price_lag_24,hour_sr_weekend,21,median,100,all,ge_rel,0.1,0.3,11,6.301770451731803,11.035886677132849,6.361822203339368,-47.66335505842287,-0.013938588037962774,0.0,-0.013763728804586428
f_price_lag_24,hour_sr_weekend,34,median,100,all,ge_rel,0.1,0.3,11,6.301770451731803,11.035886677132849,6.361822203339368,-47.66335505842287,-0.013938588037962774,0.0,-0.013763728804586428
f_price_lag_24,hour_sr_weekend,55,median,100,all,ge_rel,0.1,0.3,11,6.301770451731803,11.035886677132849,6.361822203339368,-47.66335505842287,-0.013938588037962774,0.0,-0.013763728804586428
f_price_lag_24,hour_cr,34,median,-250,night,ge_rel,0.1,0.05,23,6.301776264105803,10.984870495343262,6.361827942797284,-49.10000010917728,-0.013932775663962893,-0.05101618178958667,-0.013757989346670385
f_price_lag_24,hour_cr,55,median,-250,night,ge_rel,0.1,0.05,23,6.301776264105803,10.984870495343262,6.361827942797284,-49.10000010917728,-0.013932775663962893,-0.05101618178958667,-0.013757989346670385
f_price_lag_24,hour_weekend,3,median,0,night,ge_abs,1000.0,0.05,44,6.30181332866218,11.004946698021211,6.36186454237974,-48.825735305776625,-0.013895711107585917,-0.03093997911163804,-0.01372138976421411
f_price_lag_24,hour_sr_weekend,5,mean,500,peakerr,ge_abs,500.0,0.2,8,6.301822557326534,11.049019112819728,6.361873655270735,-48.76861746833217,-0.013886482443232318,0.013132435686879163,-0.013712276873219409
f_price_lag_24,hour_sr_weekend,5,mean,500,peakerr,ge_rel,0.05,0.2,8,6.301822557326534,11.049019112819728,6.361873655270735,-48.76861746833217,-0.013886482443232318,0.013132435686879163,-0.013712276873219409
f_price_lag_24,hour_sr_weekend,5,median,500,peakerr,ge_abs,500.0,0.2,8,6.301822557326534,11.049019112819728,6.361873655270735,-48.76861746833217,-0.013886482443232318,0.013132435686879163,-0.013712276873219409
f_price_lag_24,hour_sr_weekend,5,median,500,peakerr,ge_rel,0.05,0.2,8,6.301822557326534,11.049019112819728,6.361873655270735,-48.76861746833217,-0.013886482443232318,0.013132435686879163,-0.013712276873219409
f_price_lag_24,hour_sr_weekend,8,mean,500,peakerr,ge_abs,500.0,0.2,8,6.301822557326534,11.049019112819728,6.361873655270735,-48.76861746833217,-0.013886482443232318,0.013132435686879163,-0.013712276873219409
f_price_lag_24,hour_sr_weekend,8,mean,500,peakerr,ge_rel,0.05,0.2,8,6.301822557326534,11.049019112819728,6.361873655270735,-48.76861746833217,-0.013886482443232318,0.013132435686879163,-0.013712276873219409
f_price_lag_24,hour_sr_weekend,8,median,500,peakerr,ge_abs,500.0,0.2,8,6.301822557326534,11.049019112819728,6.361873655270735,-48.76861746833217,-0.013886482443232318,0.013132435686879163,-0.013712276873219409
f_price_lag_24,hour_sr_weekend,8,median,500,peakerr,ge_rel,0.05,0.2,8,6.301822557326534,11.049019112819728,6.361873655270735,-48.76861746833217,-0.013886482443232318,0.013132435686879163,-0.013712276873219409
f_price_lag_24,hour_sr_weekend,13,mean,500,peakerr,ge_abs,500.0,0.2,8,6.301822557326534,11.049019112819728,6.361873655270735,-48.76861746833217,-0.013886482443232318,0.013132435686879163,-0.013712276873219409
f_price_lag_24,hour_sr_weekend,13,mean,500,peakerr,ge_rel,0.05,0.2,8,6.301822557326534,11.049019112819728,6.361873655270735,-48.76861746833217,-0.013886482443232318,0.013132435686879163,-0.013712276873219409
f_price_lag_24,hour_sr_weekend,13,median,500,peakerr,ge_abs,500.0,0.2,8,6.301822557326534,11.049019112819728,6.361873655270735,-48.76861746833217,-0.013886482443232318,0.013132435686879163,-0.013712276873219409
f_price_lag_24,hour_sr_weekend,13,median,500,peakerr,ge_rel,0.05,0.2,8,6.301822557326534,11.049019112819728,6.361873655270735,-48.76861746833217,-0.013886482443232318,0.013132435686879163,-0.013712276873219409
f_price_lag_24,hour_sr_weekend,21,mean,500,peakerr,ge_abs,500.0,0.2,8,6.301822557326534,11.049019112819728,6.361873655270735,-48.76861746833217,-0.013886482443232318,0.013132435686879163,-0.013712276873219409
f_price_lag_24,hour_sr_weekend,21,mean,500,peakerr,ge_rel,0.05,0.2,8,6.301822557326534,11.049019112819728,6.361873655270735,-48.76861746833217,-0.013886482443232318,0.013132435686879163,-0.013712276873219409
f_price_lag_24,hour_sr_weekend,21,median,500,peakerr,ge_abs,500.0,0.2,8,6.301822557326534,11.049019112819728,6.361873655270735,-48.76861746833217,-0.013886482443232318,0.013132435686879163,-0.013712276873219409
f_price_lag_24,hour_sr_weekend,21,median,500,peakerr,ge_rel,0.05,0.2,8,6.301822557326534,11.049019112819728,6.361873655270735,-48.76861746833217,-0.013886482443232318,0.013132435686879163,-0.013712276873219409
f_price_lag_24,hour_sr_weekend,34,mean,500,peakerr,ge_abs,500.0,0.2,8,6.301822557326534,11.049019112819728,6.361873655270735,-48.76861746833217,-0.013886482443232318,0.013132435686879163,-0.013712276873219409
f_price_lag_24,hour_sr_weekend,34,mean,500,peakerr,ge_rel,0.05,0.2,8,6.301822557326534,11.049019112819728,6.361873655270735,-48.76861746833217,-0.013886482443232318,0.013132435686879163,-0.013712276873219409
f_price_lag_24,hour_sr_weekend,34,median,500,peakerr,ge_abs,500.0,0.2,8,6.301822557326534,11.049019112819728,6.361873655270735,-48.76861746833217,-0.013886482443232318,0.013132435686879163,-0.013712276873219409
f_price_lag_24,hour_sr_weekend,34,median,500,peakerr,ge_rel,0.05,0.2,8,6.301822557326534,11.049019112819728,6.361873655270735,-48.76861746833217,-0.013886482443232318,0.013132435686879163,-0.013712276873219409
f_price_lag_24,hour_sr_weekend,55,mean,500,peakerr,ge_abs,500.0,0.2,8,6.301822557326534,11.049019112819728,6.361873655270735,-48.76861746833217,-0.013886482443232318,0.013132435686879163,-0.013712276873219409
f_price_lag_24,hour_sr_weekend,55,mean,500,peakerr,ge_rel,0.05,0.2,8,6.301822557326534,11.049019112819728,6.361873655270735,-48.76861746833217,-0.013886482443232318,0.013132435686879163,-0.013712276873219409
f_price_lag_24,hour_sr_weekend,55,median,500,peakerr,ge_abs,500.0,0.2,8,6.301822557326534,11.049019112819728,6.361873655270735,-48.76861746833217,-0.013886482443232318,0.013132435686879163,-0.013712276873219409
f_price_lag_24,hour_sr_weekend,55,median,500,peakerr,ge_rel,0.05,0.2,8,6.301822557326534,11.049019112819728,6.361873655270735,-48.76861746833217,-0.013886482443232318,0.013132435686879163,-0.013712276873219409
f_price_lag_24,hour,3,mean,100,all,le_rel,0.05,0.5,24,6.30182401036888,10.991600776648951,6.361875090084703,-49.50387052202596,-0.013885029400886317,-0.04428590048389758,-0.013710842059251327
f_price_lag_24,hour_cr,34,median,-250,night,ge_abs,1000.0,0.05,23,6.301831657686477,10.984870495343262,6.361882641466894,-49.23440921056607,-0.013877382083289369,-0.05101618178958667,-0.013703290677059776
f_price_lag_24,hour_cr,55,median,-250,night,ge_abs,1000.0,0.05,23,6.301831657686477,10.984870495343262,6.361882641466894,-49.23440921056607,-0.013877382083289369,-0.05101618178958667,-0.013703290677059776
f_price_lag_24,hour_sr_weekend,5,mean,100,peakerr,ge_rel,0.1,0.3,9,6.301834799167081,11.035886677132849,6.361885743537704,-47.707271829894964,-0.013874240602684829,0.0,-0.013700188606249775
f_price_lag_24,hour_sr_weekend,5,mean,250,peakerr,ge_rel,0.1,0.3,9,6.301834799167081,11.035886677132849,6.361885743537704,-47.707271829894964,-0.013874240602684829,0.0,-0.013700188606249775
f_price_lag_24,hour_weekend,3,median,-250,night,ge_rel,0.1,0.05,74,6.301859403955444,11.06286783335632,6.3619100396596195,-48.88250328702419,-0.013849635814322525,0.026981156223470748,-0.01367589248433454
f_price_lag_24,hour_sr_weekend,5,median,250,peakerr,ge_abs,1000.0,0.3,9,6.301896490325818,11.055585330663169,6.3619466607824195,-48.000036592888556,-0.01381254944394783,0.019698653530319632,-0.013639271361534533
f_price_lag_24,hour_sr_weekend,8,mean,100,peakerr,ge_abs,1000.0,0.3,9,6.301896490325818,11.055585330663169,6.3619466607824195,-48.000036592888556,-0.01381254944394783,0.019698653530319632,-0.013639271361534533
f_price_lag_24,hour_sr_weekend,8,mean,250,peakerr,ge_abs,1000.0,0.3,9,6.301896490325818,11.055585330663169,6.3619466607824195,-48.000036592888556,-0.01381254944394783,0.019698653530319632,-0.013639271361534533
f_price_lag_24,hour_sr_weekend,8,median,250,peakerr,ge_abs,1000.0,0.3,9,6.301896490325818,11.055585330663169,6.3619466607824195,-48.000036592888556,-0.01381254944394783,0.019698653530319632,-0.013639271361534533
f_price_lag_24,hour_sr_weekend,13,mean,100,peakerr,ge_abs,1000.0,0.3,9,6.301896490325818,11.055585330663169,6.3619466607824195,-48.000036592888556,-0.01381254944394783,0.019698653530319632,-0.013639271361534533
f_price_lag_24,hour_sr_weekend,13,mean,250,peakerr,ge_abs,1000.0,0.3,9,6.301896490325818,11.055585330663169,6.3619466607824195,-48.000036592888556,-0.01381254944394783,0.019698653530319632,-0.013639271361534533
f_price_lag_24,hour_sr_weekend,13,median,250,peakerr,ge_abs,1000.0,0.3,9,6.301896490325818,11.055585330663169,6.3619466607824195,-48.000036592888556,-0.01381254944394783,0.019698653530319632,-0.013639271361534533
f_price_lag_24,hour_sr_weekend,21,mean,100,peakerr,ge_abs,1000.0,0.3,9,6.301896490325818,11.055585330663169,6.3619466607824195,-48.000036592888556,-0.01381254944394783,0.019698653530319632,-0.013639271361534533
f_price_lag_24,hour_sr_weekend,21,mean,250,peakerr,ge_abs,1000.0,0.3,9,6.301896490325818,11.055585330663169,6.3619466607824195,-48.000036592888556,-0.01381254944394783,0.019698653530319632,-0.013639271361534533
f_price_lag_24,hour_sr_weekend,21,median,250,peakerr,ge_abs,1000.0,0.3,9,6.301896490325818,11.055585330663169,6.3619466607824195,-48.000036592888556,-0.01381254944394783,0.019698653530319632,-0.013639271361534533
f_price_lag_24,hour_sr_weekend,34,mean,100,peakerr,ge_abs,1000.0,0.3,9,6.301896490325818,11.055585330663169,6.3619466607824195,-48.000036592888556,-0.01381254944394783,0.019698653530319632,-0.013639271361534533
f_price_lag_24,hour_sr_weekend,34,mean,250,peakerr,ge_abs,1000.0,0.3,9,6.301896490325818,11.055585330663169,6.3619466607824195,-48.000036592888556,-0.01381254944394783,0.019698653530319632,-0.013639271361534533
f_price_lag_24,hour_sr_weekend,34,median,250,peakerr,ge_abs,1000.0,0.3,9,6.301896490325818,11.055585330663169,6.3619466607824195,-48.000036592888556,-0.01381254944394783,0.019698653530319632,-0.013639271361534533
f_price_lag_24,hour_sr_weekend,55,mean,100,peakerr,ge_abs,1000.0,0.3,9,6.301896490325818,11.055585330663169,6.3619466607824195,-48.000036592888556,-0.01381254944394783,0.019698653530319632,-0.013639271361534533
f_price_lag_24,hour_sr_weekend,55,mean,250,peakerr,ge_abs,1000.0,0.3,9,6.301896490325818,11.055585330663169,6.3619466607824195,-48.000036592888556,-0.01381254944394783,0.019698653530319632,-0.013639271361534533
f_price_lag_24,hour_sr_weekend,55,median,250,peakerr,ge_abs,1000.0,0.3,9,6.301896490325818,11.055585330663169,6.3619466607824195,-48.000036592888556,-0.01381254944394783,0.019698653530319632,-0.013639271361534533
f_price_lag_24,hour_cr,13,median,-500,peakerr,ge_abs,500.0,0.05,204,6.301906213582832,11.05535015429308,6.361956262061421,-49.55669095377422,-0.01380282618693407,0.019463477160231335,-0.013629670082533352
f_price_lag_24,hour_sr_weekend,5,mean,500,peakerr,ge_abs,1000.0,0.3,7,6.301937019904989,11.055585330663169,6.361986681919045,-48.2808391959951,-0.01377201986477683,0.019698653530319632,-0.013599250224909376
f_price_lag_24,hour_sr_weekend,5,median,500,peakerr,ge_abs,1000.0,0.3,7,6.301937019904989,11.055585330663169,6.361986681919045,-48.2808391959951,-0.01377201986477683,0.019698653530319632,-0.013599250224909376
f_price_lag_24,hour_sr_weekend,8,mean,500,peakerr,ge_abs,1000.0,0.3,7,6.301937019904989,11.055585330663169,6.361986681919045,-48.2808391959951,-0.01377201986477683,0.019698653530319632,-0.013599250224909376
f_price_lag_24,hour_sr_weekend,8,median,500,peakerr,ge_abs,1000.0,0.3,7,6.301937019904989,11.055585330663169,6.361986681919045,-48.2808391959951,-0.01377201986477683,0.019698653530319632,-0.013599250224909376
f_price_lag_24,hour_sr_weekend,13,mean,500,peakerr,ge_abs,1000.0,0.3,7,6.301937019904989,11.055585330663169,6.361986681919045,-48.2808391959951,-0.01377201986477683,0.019698653530319632,-0.013599250224909376
f_price_lag_24,hour_sr_weekend,13,median,500,peakerr,ge_abs,1000.0,0.3,7,6.301937019904989,11.055585330663169,6.361986681919045,-48.2808391959951,-0.01377201986477683,0.019698653530319632,-0.013599250224909376
f_price_lag_24,hour_sr_weekend,21,mean,500,peakerr,ge_abs,1000.0,0.3,7,6.301937019904989,11.055585330663169,6.361986681919045,-48.2808391959951,-0.01377201986477683,0.019698653530319632,-0.013599250224909376
f_price_lag_24,hour_sr_weekend,21,median,500,peakerr,ge_abs,1000.0,0.3,7,6.301937019904989,11.055585330663169,6.361986681919045,-48.2808391959951,-0.01377201986477683,0.019698653530319632,-0.013599250224909376
f_price_lag_24,hour_sr_weekend,34,mean,500,peakerr,ge_abs,1000.0,0.3,7,6.301937019904989,11.055585330663169,6.361986681919045,-48.2808391959951,-0.01377201986477683,0.019698653530319632,-0.013599250224909376
f_price_lag_24,hour_sr_weekend,34,median,500,peakerr,ge_abs,1000.0,0.3,7,6.301937019904989,11.055585330663169,6.361986681919045,-48.2808391959951,-0.01377201986477683,0.019698653530319632,-0.013599250224909376
f_price_lag_24,hour_sr_weekend,55,mean,500,peakerr,ge_abs,1000.0,0.3,7,6.301937019904989,11.055585330663169,6.361986681919045,-48.2808391959951,-0.01377201986477683,0.019698653530319632,-0.013599250224909376
f_price_lag_24,hour_sr_weekend,55,median,500,peakerr,ge_abs,1000.0,0.3,7,6.301937019904989,11.055585330663169,6.361986681919045,-48.2808391959951,-0.01377201986477683,0.019698653530319632,-0.013599250224909376
f_price_lag_24,hour_sr_weekend,5,mean,500,peakerr,none,0.0,0.2,9,6.3019438514698045,11.049019112819728,6.361993427782056,-48.77541312502673,-0.01376518829996165,0.013132435686879163,-0.013592504361898072
f_price_lag_24,hour_sr_weekend,5,median,500,peakerr,none,0.0,0.2,9,6.3019438514698045,11.049019112819728,6.361993427782056,-48.77541312502673,-0.01376518829996165,0.013132435686879163,-0.013592504361898072
f_price_lag_24,hour_sr_weekend,8,mean,500,peakerr,none,0.0,0.2,9,6.3019438514698045,11.049019112819728,6.361993427782056,-48.77541312502673,-0.01376518829996165,0.013132435686879163,-0.013592504361898072
f_price_lag_24,hour_sr_weekend,8,median,500,peakerr,none,0.0,0.2,9,6.3019438514698045,11.049019112819728,6.361993427782056,-48.77541312502673,-0.01376518829996165,0.013132435686879163,-0.013592504361898072
f_price_lag_24,hour_sr_weekend,13,mean,500,peakerr,none,0.0,0.2,9,6.3019438514698045,11.049019112819728,6.361993427782056,-48.77541312502673,-0.01376518829996165,0.013132435686879163,-0.013592504361898072
f_price_lag_24,hour_sr_weekend,13,median,500,peakerr,none,0.0,0.2,9,6.3019438514698045,11.049019112819728,6.361993427782056,-48.77541312502673,-0.01376518829996165,0.013132435686879163,-0.013592504361898072
f_price_lag_24,hour_sr_weekend,21,mean,500,peakerr,none,0.0,0.2,9,6.3019438514698045,11.049019112819728,6.361993427782056,-48.77541312502673,-0.01376518829996165,0.013132435686879163,-0.013592504361898072
f_price_lag_24,hour_sr_weekend,21,median,500,peakerr,none,0.0,0.2,9,6.3019438514698045,11.049019112819728,6.361993427782056,-48.77541312502673,-0.01376518829996165,0.013132435686879163,-0.013592504361898072
f_price_lag_24,hour_sr_weekend,34,mean,500,peakerr,none,0.0,0.2,9,6.3019438514698045,11.049019112819728,6.361993427782056,-48.77541312502673,-0.01376518829996165,0.013132435686879163,-0.013592504361898072
f_price_lag_24,hour_sr_weekend,34,median,500,peakerr,none,0.0,0.2,9,6.3019438514698045,11.049019112819728,6.361993427782056,-48.77541312502673,-0.01376518829996165,0.013132435686879163,-0.013592504361898072
f_price_lag_24,hour_sr_weekend,55,mean,500,peakerr,none,0.0,0.2,9,6.3019438514698045,11.049019112819728,6.361993427782056,-48.77541312502673,-0.01376518829996165,0.013132435686879163,-0.013592504361898072
f_price_lag_24,hour_sr_weekend,55,median,500,peakerr,none,0.0,0.2,9,6.3019438514698045,11.049019112819728,6.361993427782056,-48.77541312502673,-0.01376518829996165,0.013132435686879163,-0.013592504361898072
f_price_lag_24,hour_sr_diff,3,mean,1000,peakerr,ge_rel,0.1,0.5,3,6.301947398397115,11.035886677132849,6.361996930213251,-48.40126597269392,-0.013761641372651567,0.0,-0.013589001930703226
f_price_lag_24,hour_sr_diff,3,median,1000,peakerr,ge_rel,0.1,0.5,3,6.301947398397115,11.035886677132849,6.361996930213251,-48.40126597269392,-0.013761641372651567,0.0,-0.013589001930703226
f_price_lag_24,hour_sr_diff,5,mean,1000,peakerr,ge_rel,0.1,0.5,3,6.301947398397115,11.035886677132849,6.361996930213251,-48.40126597269392,-0.013761641372651567,0.0,-0.013589001930703226
f_price_lag_24,hour_sr_diff,5,median,1000,peakerr,ge_rel,0.1,0.5,3,6.301947398397115,11.035886677132849,6.361996930213251,-48.40126597269392,-0.013761641372651567,0.0,-0.013589001930703226
f_price_lag_24,hour_sr_diff,8,mean,1000,peakerr,ge_rel,0.1,0.5,3,6.301947398397115,11.035886677132849,6.361996930213251,-48.40126597269392,-0.013761641372651567,0.0,-0.013589001930703226
f_price_lag_24,hour_sr_diff,8,median,1000,peakerr,ge_rel,0.1,0.5,3,6.301947398397115,11.035886677132849,6.361996930213251,-48.40126597269392,-0.013761641372651567,0.0,-0.013589001930703226
f_price_lag_24,hour_sr_diff,13,mean,1000,peakerr,ge_rel,0.1,0.5,3,6.301947398397115,11.035886677132849,6.361996930213251,-48.40126597269392,-0.013761641372651567,0.0,-0.013589001930703226
f_price_lag_24,hour_sr_diff,13,median,1000,peakerr,ge_rel,0.1,0.5,3,6.301947398397115,11.035886677132849,6.361996930213251,-48.40126597269392,-0.013761641372651567,0.0,-0.013589001930703226
f_price_lag_24,hour_sr_diff,21,mean,1000,peakerr,ge_rel,0.1,0.5,3,6.301947398397115,11.035886677132849,6.361996930213251,-48.40126597269392,-0.013761641372651567,0.0,-0.013589001930703226
f_price_lag_24,hour_sr_diff,21,median,1000,peakerr,ge_rel,0.1,0.5,3,6.301947398397115,11.035886677132849,6.361996930213251,-48.40126597269392,-0.013761641372651567,0.0,-0.013589001930703226
f_price_lag_24,hour_sr_diff,34,mean,1000,peakerr,ge_rel,0.1,0.5,3,6.301947398397115,11.035886677132849,6.361996930213251,-48.40126597269392,-0.013761641372651567,0.0,-0.013589001930703226
f_price_lag_24,hour_sr_diff,34,median,1000,peakerr,ge_rel,0.1,0.5,3,6.301947398397115,11.035886677132849,6.361996930213251,-48.40126597269392,-0.013761641372651567,0.0,-0.013589001930703226
f_price_lag_24,hour_sr_diff,55,mean,1000,peakerr,ge_rel,0.1,0.5,3,6.301947398397115,11.035886677132849,6.361996930213251,-48.40126597269392,-0.013761641372651567,0.0,-0.013589001930703226
f_price_lag_24,hour_sr_diff,55,median,1000,peakerr,ge_rel,0.1,0.5,3,6.301947398397115,11.035886677132849,6.361996930213251,-48.40126597269392,-0.013761641372651567,0.0,-0.013589001930703226
f_price_lag_24,hour_sr_weekend,8,median,100,peakerr,ge_abs,500.0,0.2,15,6.301957331135361,11.049723616118676,6.362006738345547,-48.510011324107225,-0.013751708634405446,0.013836938985827274,-0.013579193798406664
f_price_lag_24,hour_cr,3,median,500,night,le_abs,2000.0,1.0,3,6.301960129864678,11.010007459674908,6.362009501964878,-49.916206808548814,-0.013748909905087814,-0.025879217457941195,-0.013576430179075949
f_price_lag_24,hour_cr,3,median,500,night,le_rel,0.1,1.0,3,6.301960129864678,11.010007459674908,6.362009501964878,-49.916206808548814,-0.013748909905087814,-0.025879217457941195,-0.013576430179075949
f_price_lag_24,hour_sr_weekend,3,mean,100,all,ge_rel,0.1,0.2,21,6.302062751507719,11.028331488321804,6.362110836222009,-48.56850545433687,-0.013646288262046724,-0.007555188811044999,-0.013475095921944735
f_price_lag_24,hour_cr,13,mean,-250,11-15,le_abs,2000.0,-0.3,80,6.302074026607289,11.035886677132849,6.362121969875741,-47.38328145361364,-0.013635013162477172,0.0,-0.013463962268213336
f_price_lag_24,hour_sr_weekend,3,median,500,peakerr,ge_rel,0.05,0.2,11,6.302076774825027,11.047009827434382,6.36212468361716,-48.580321289776805,-0.013632264944739347,0.011123150301532547,-0.0134612485267942
f_price_lag_24,hour_sr_weekend,3,mean,100,night,ge_abs,1000.0,0.1,8,6.30208333316402,10.949180322203231,6.362131159681955,-48.84274829805145,-0.01362570660574658,-0.08670635492961765,-0.013454772461998665
f_price_lag_24,hour_weekend,3,mean,100,all,le_rel,0.05,0.5,23,6.3021165959330885,10.961513647104839,6.3621640051704285,-49.288102588462,-0.013592443836677681,-0.07437303002800988,-0.013421926973525622
f_price_lag_24,hour_cr,55,median,-500,night,none,0.0,0.05,175,6.302122765695373,11.009510026308977,6.362170097533201,-49.30848885161245,-0.0135862740743935,-0.026376650823872083,-0.01341583461075313
f_price_lag_24,hour_cr,5,median,-500,night,ge_abs,1000.0,0.05,100,6.30217898230982,10.999000608878218,6.362225608911645,-49.21480593870677,-0.013530057459946399,-0.036886068254631255,-0.013360323232308957
f_price_lag_24,hour_weekend,3,median,0,night,none,0.0,0.05,139,6.302185409484171,10.999005205661874,6.362231955457258,-48.87670928030822,-0.013523630285595445,-0.03688147147097531,-0.013353976686696356
f_price_lag_24,hour_sr_weekend,3,median,-250,night,ge_rel,0.1,0.05,47,6.302207468997888,11.057779415917508,6.362253738234934,-49.67310904674322,-0.013501570771878413,0.02189273878465947,-0.013332193909020518
f_price_lag_24,hour_cr,55,median,-500,night,ge_abs,1000.0,0.1,57,6.302217778240459,10.98568917454828,6.36226391814832,-49.26589996268777,-0.013491261529306797,-0.050197502584568454,-0.013322013995634485
f_price_lag_24,hour_cr,21,median,-250,peakerr,ge_abs,500.0,0.05,120,6.302287326051075,10.974829693172802,6.362332593483414,-49.16569593855795,-0.013421713718691386,-0.06105698396004655,-0.013253338660540237
f_price_lag_24,hour_cr,34,median,-250,peakerr,ge_abs,500.0,0.05,120,6.302287326051075,10.974829693172802,6.362332593483414,-49.16569593855795,-0.013421713718691386,-0.06105698396004655,-0.013253338660540237
f_price_lag_24,hour_cr,55,median,-250,peakerr,ge_abs,500.0,0.05,120,6.302287326051075,10.974829693172802,6.362332593483414,-49.16569593855795,-0.013421713718691386,-0.06105698396004655,-0.013253338660540237
f_price_lag_24,hour_cr,13,median,-500,peakerr,ge_rel,0.1,0.05,120,6.302304979791222,11.04607348003183,6.3623500257578405,-49.20634963294871,-0.013404059978544325,0.010186802898980218,-0.013235906386113605
f_price_lag_24,hour_sr_diff,5,mean,-100,all,ge_rel,0.1,0.3,18,6.302326540753443,10.980827185195688,6.362371316238337,-48.86155762481177,-0.01338249901632338,-0.0550594919371612,-0.013214615905616789
f_price_lag_24,hour_weekend,3,median,0,night,ge_abs,500.0,0.05,61,6.30233279166823,11.001491100724973,6.362377488735557,-48.90546917716535,-0.013376248101535815,-0.03439557640787605,-0.013208443408396775
f_price_lag_24,hour_sr,5,median,0,19-23,ge_abs,1000.0,-0.3,18,6.302343424062978,10.957506831527484,6.362387987747181,-48.62535282848329,-0.01336561570678807,-0.07837984560536526,-0.013197944396773131
f_price_lag_24,hour_sr,8,mean,-250,19-23,ge_abs,1000.0,-0.3,8,6.3023604479754765,11.033122478841321,6.362404798095131,-48.988165847699925,-0.01334859179428971,-0.002764198291528075,-0.01318113404882304
f_price_lag_24,hour_sr_weekend,8,mean,-100,night,le_abs,2000.0,0.3,48,6.302369584453743,10.981838851958765,6.362413819956508,-48.871991558595326,-0.013339455316023319,-0.05404782517408435,-0.013172112187445961
f_price_lag_24,hour_cr,5,median,-500,night,ge_abs,500.0,0.05,147,6.30237508490326,11.002255730837106,6.3624192514030256,-49.19486893197919,-0.013333954866506126,-0.0336309462957427,-0.013166680740928527
f_price_lag_24,hour_sr_weekend,8,median,100,peakerr,none,0.0,0.2,21,6.302433003544455,11.055780250888231,6.3624764434563374,-48.445584027968074,-0.013276036225311039,0.019893573755382477,-0.013109488687616633
f_price_lag_24,hour_cr,3,mean,100,11-15,ge_rel,0.1,-0.3,11,6.302448203765534,11.035886677132849,6.362491452991029,-47.780367409559354,-0.01326083600423189,0.0,-0.013094479152925054
f_price_lag_24,hour,3,mean,0,midday,le_abs,2000.0,0.5,42,6.3024984702065066,11.025926439753563,6.362541088840773,-50.58267129686029,-0.013210569563259611,-0.00996023737928553,-0.013044843303180897
f_price_lag_24,hour,3,mean,0,day,le_abs,2000.0,0.5,43,6.3024984702065066,11.025926439753563,6.362541088840773,-50.58267129686029,-0.013210569563259611,-0.00996023737928553,-0.013044843303180897
f_price_lag_24,hour_sr_weekend,3,median,250,peakerr,ge_rel,0.1,0.3,10,6.302501933921105,11.035886677132849,6.36254450910316,-47.7667961264635,-0.013207105848660916,0.0,-0.01304142304079381
f_price_lag_24,hour_sr,3,mean,100,19-23,ge_abs,1000.0,-0.3,7,6.302505223694086,10.961330815892763,6.3625477576060225,-49.01861298773694,-0.013203816075679775,-0.07455586124008562,-0.013038174537931546
f_price_lag_24,hour_cr,34,median,-250,night,ge_abs,500.0,0.05,31,6.302505995514918,10.985585163336461,6.36254851974438,-49.19651203542067,-0.013203044254848528,-0.05030151379638781,-0.013037412399573789
f_price_lag_24,hour_cr,55,median,-250,night,ge_abs,500.0,0.05,31,6.302505995514918,10.985585163336461,6.36254851974438,-49.19651203542067,-0.013203044254848528,-0.05030151379638781,-0.013037412399573789
f_price_lag_24,hour_cr,5,median,-500,night,none,0.0,0.05,267,6.302529699627958,11.000599266882192,6.362571926489924,-49.19055786611571,-0.013179340141808105,-0.03528741025065685,-0.013014005654030214
f_price_lag_24,hour_cr,13,mean,-250,midday,le_abs,2000.0,-0.2,85,6.302540974972408,11.035886677132849,6.3625830603854645,-47.91596160717993,-0.013168064797357992,0.0,-0.013002871758489576
f_price_lag_24,hour_cr,13,median,-500,peakerr,ge_rel,0.05,0.05,191,6.3025511311747415,11.051141474789999,6.362593089178496,-49.524779171893776,-0.013157908595024637,0.015254797657149766,-0.012992842965457996
f_price_lag_24,hour_cr,34,median,-250,night,ge_rel,0.05,0.05,33,6.302557204501524,10.985585163336461,6.3625990863155515,-49.18035241121728,-0.013151835268241818,-0.05030151379638781,-0.012986845828402593
f_price_lag_24,hour_cr,55,median,-250,night,ge_rel,0.05,0.05,33,6.302557204501524,10.985585163336461,6.3625990863155515,-49.18035241121728,-0.013151835268241818,-0.05030151379638781,-0.012986845828402593
f_price_lag_24,hour_sr_weekend,8,median,100,peakerr,ge_rel,0.05,0.2,15,6.302557260219779,11.058089680020796,6.36259914133482,-48.41781732058018,-0.01315177954998692,0.022203002887946965,-0.012986790809134341
f_price_lag_24,hour_sr,3,mean,-100,19-23,le_abs,1000.0,1.0,42,6.302577975764648,10.987440947278868,6.362619597003703,-49.919729603103036,-0.013131064005118098,-0.04844572985398088,-0.01296633514025114
f_price_lag_24,hour_sr_diff,5,mean,-250,all,ge_abs,1000.0,0.1,32,6.302579698003054,11.012333635350883,6.3626212976366725,-49.172609403730654,-0.013129341766711988,-0.023553041781966044,-0.01296463450728158
f_price_lag_24,hour_sr,3,mean,0,19-23,ge_abs,1000.0,-0.3,13,6.30259064688774,10.957506831527484,6.362632109167879,-48.75961122186991,-0.013118392882025987,-0.07837984560536526,-0.01295382297607528
f_price_lag_24,hour_cr,8,median,0,11-15,le_abs,2000.0,-0.3,94,6.30259686915324,11.047684061792108,6.362638253375216,-46.87884431377071,-0.013112170616525809,0.011797384659258725,-0.012947678768737703
