3m,14d,all,bias3,low,summer,cap,eve,applied,mode,rolling_window,stat,adv_thr,metric,op,sim_thr,alpha,hours
6.386058213791623,11.232996364240668,6.445052577562148,-51.79203295837549,49.73560321083254,35.497560176475254,1.558266052465585,2.991853148327597,6,daily,3,mean,-5.0,ratio,le,0.05,-0.3,"7-9,11,17,18"
6.396953322246704,11.194115601757316,6.455811007158019,-51.261188051972375,49.72559791633402,35.497560176475254,1.558266052465585,2.992796144488534,188,hour,2,mean,-250.0,ratio,le,0.05,-0.1,night
6.396953322246704,11.194115601757316,6.455811007158019,-51.261188051972375,49.72559791633402,35.497560176475254,1.558266052465585,2.992796144488534,188,hour,2,median,-250.0,ratio,le,0.05,-0.1,night
6.399019408443656,11.232996364240668,6.457851174356037,-51.06586575169219,49.73560321083254,35.497560176475254,1.558266052465585,2.991853148327597,6,daily,3,mean,-5.0,ratio,le,0.05,-0.2,"7-9,11,17,18"
6.399183201780172,11.162867196374226,6.458012912909301,-50.07833200524933,49.72559791633402,35.497560176475254,1.558266052465585,2.9890699739994466,83,hour,3,mean,0.0,ratio,le,0.05,-0.2,night
6.399754751895798,11.130781328891581,6.458577292943225,-49.92265936027662,49.72559791633402,35.497560176475254,1.558266052465585,2.987678386835371,83,hour,3,mean,0.0,ratio,le,0.05,-0.3,night
6.401636593973703,11.275110128288526,6.460435527359996,-46.360199861629944,50.53826720898735,36.99992394957835,1.558266052465585,2.991853148327597,438,similarity,2,mean,0.0,profile_abs,le,2000.0,0.05,midday
6.402149295172206,11.136043437636939,6.4609417967349705,-50.41594388814575,49.13847355248963,34.39807033862571,1.540586364303545,2.9773984439055607,650,hour,3,mean,-500.0,ratio,le,0.05,-0.05,all
6.403105079452258,11.232996364240668,6.461885590725472,-50.82992226368929,49.72559791633402,35.497560176475254,1.558266052465585,2.991853148327597,4,daily,3,mean,-5.0,ratio,le,0.05,-0.3,"7-9,17"
6.40368742622315,11.20233279326456,6.462460631970895,-50.41908181490878,49.72559791633402,35.497560176475254,1.558266052465585,2.992081435287399,188,hour,2,mean,-250.0,ratio,le,0.05,-0.05,night
6.40368742622315,11.20233279326456,6.462460631970895,-50.41908181490878,49.72559791633402,35.497560176475254,1.558266052465585,2.992081435287399,188,hour,2,median,-250.0,ratio,le,0.05,-0.05,night
6.4052526276230415,11.10863462013603,6.464006197958925,-49.18465060865591,49.72559791633402,35.497560176475254,1.558266052465585,2.9905312139211837,20,hour,3,mean,100.0,ratio,le,0.05,-0.3,night
6.405292687905171,11.194953063856868,6.4640457556858335,-50.01168812222195,49.72559791633402,35.497560176475254,1.558266052465585,2.9904615611635217,83,hour,3,mean,0.0,ratio,le,0.05,-0.1,night
6.406099938569327,11.179916079341403,6.464842879410883,-52.58686250401264,49.72559791633402,35.497560176475254,1.558266052465585,2.998544200415893,188,hour,2,mean,-250.0,ratio,le,0.05,-0.2,night
6.406099938569327,11.179916079341403,6.464842879410883,-52.58686250401264,49.72559791633402,35.497560176475254,1.558266052465585,2.998544200415893,188,hour,2,median,-250.0,ratio,le,0.05,-0.2,night
6.406425390953502,11.207820682590087,6.465164249003154,-50.98274761231266,49.72559791633402,35.497560176475254,1.558266052465585,2.990846540102695,282,hour,2,mean,-500.0,ratio,le,0.05,-0.05,night
6.406425390953502,11.207820682590087,6.465164249003154,-50.98274761231266,49.72559791633402,35.497560176475254,1.558266052465585,2.990846540102695,282,hour,2,median,-500.0,ratio,le,0.05,-0.05,night
6.406425541254047,11.188229925676541,6.465164397418184,-50.403474419614135,49.72559791633402,35.497560176475254,1.558266052465585,2.9931132385956594,113,hour,2,mean,0.0,ratio,le,0.05,-0.1,night
6.406425541254047,11.188229925676541,6.465164397418184,-50.403474419614135,49.72559791633402,35.497560176475254,1.558266052465585,2.9931132385956594,113,hour,2,median,0.0,ratio,le,0.05,-0.1,night
6.406757963779415,11.232996364240668,6.465492649711402,-51.6436818510346,49.40308524229669,35.497560176475254,1.558266052465585,2.9969389825484942,24,daily,3,mean,-5.0,ratio,le,0.05,-0.1,all
6.40706930383265,11.145870915817138,6.4658000840115655,-50.90107396930039,49.72559791633402,35.497560176475254,1.558266052465585,2.994373328863722,113,hour,2,mean,0.0,ratio,le,0.05,-0.2,night
6.40706930383265,11.145870915817138,6.4658000840115655,-50.90107396930039,49.72559791633402,35.497560176475254,1.558266052465585,2.994373328863722,113,hour,2,median,0.0,ratio,le,0.05,-0.2,night
6.407239866598628,11.22041457955823,6.465968507071971,-52.50703757600605,49.72559791633402,35.497560176475254,1.558266052465585,2.990326354119126,282,hour,2,mean,-500.0,ratio,le,0.05,-0.1,night
6.407239866598628,11.22041457955823,6.465968507071971,-52.50703757600605,49.72559791633402,35.497560176475254,1.558266052465585,2.990326354119126,282,hour,2,median,-500.0,ratio,le,0.05,-0.1,night
6.407282612734097,11.146966589199318,6.466010716958256,-49.38953899580318,49.32646384549129,34.79751861812424,1.5503265609110155,2.97832251437598,363,hour,8,mean,-500.0,ratio,le,0.05,-0.05,all
6.407288959627305,11.150088534837575,6.466016984229849,-49.407195898024604,49.72559791633402,35.497560176475254,1.558266052465585,2.9909718587233214,20,hour,3,mean,100.0,ratio,le,0.05,-0.2,night
6.408436375836832,11.225097681473727,6.467150006132133,-50.258008417887645,49.72559791633402,35.497560176475254,1.558266052465585,2.991864465076362,233,hour,3,mean,-500.0,ratio,le,0.05,-0.05,night
6.409129384318314,11.232996364240668,6.467834320839794,-48.309207096554225,49.43976646146403,35.497560176475254,1.558266052465585,2.9866379716519087,35,hour,21,mean,-250.0,ratio,le,0.05,-0.2,all
6.409301385351064,11.119135445568682,6.46800416412395,-48.71421106072533,49.79882044681668,35.2601319471667,1.5304198142880552,2.9742011945590874,496,hour,5,mean,-500.0,ratio,le,0.05,-0.05,all
6.4093108456487204,11.164210414616708,6.468013505742412,-51.91127432969641,48.631147854837224,34.10207530129784,1.5541120527474859,2.994228423470947,527,hour,2,mean,-250.0,ratio,le,0.05,-0.05,all
6.4093108456487204,11.164210414616708,6.468013505742412,-51.91127432969641,48.631147854837224,34.10207530129784,1.5541120527474859,2.994228423470947,527,hour,2,median,-250.0,ratio,le,0.05,-0.05,all
6.409391436949469,11.205832847020629,6.468093086027336,-49.87026951041667,49.72559791633402,35.497560176475254,1.558266052465585,2.9897292839748033,105,hour,3,mean,-100.0,ratio,le,0.05,-0.1,night
6.409562588399637,11.232996364240668,6.4682620903869035,-50.52858869095475,49.3041248779457,35.497560176475254,1.558266052465585,2.991853148327597,8,daily,3,mean,-5.0,ratio,le,0.05,-0.3,day
6.409728060632179,11.232996364240668,6.4684254867744855,-53.23713394542555,49.30715198843373,35.497560176475254,1.558266052465585,3.028889765932133,24,daily,3,mean,-5.0,ratio,le,0.05,-0.2,all
6.410363047037249,11.232996364240668,6.46905250729121,-50.42328551538884,49.72559791633402,35.497560176475254,1.558266052465585,2.991853148327597,4,daily,3,mean,-5.0,ratio,le,0.05,-0.2,"7-9,17"
6.410381816513035,11.117849362851986,6.469071041304399,-52.44070088536556,48.20400028281082,33.97682560543632,1.5315154213167894,2.984835564599346,797,hour,2,mean,-500.0,ratio,le,0.05,-0.05,all
6.410381816513035,11.117849362851986,6.469071041304399,-52.44070088536556,48.20400028281082,33.97682560543632,1.5315154213167894,2.984835564599346,797,hour,2,median,-500.0,ratio,le,0.05,-0.05,all
6.410396577150429,11.217973588423575,6.469085616769971,-50.36473626008252,49.56805853357159,35.15654484503313,1.5617670192178554,2.988962819458519,52,hour,3,mean,100.0,ratio,le,0.05,-0.1,all
6.410602219887345,11.246128300963994,6.469288679723968,-50.91782417023202,49.72559791633402,35.497560176475254,1.558266052465585,2.994079100823102,233,hour,3,mean,-500.0,ratio,le,0.05,-0.1,night
6.4108222577802065,11.232996364240668,6.469505957247046,-49.77231338902457,49.72559791633402,35.497560176475254,1.558266052465585,2.991853148327597,26,hour,21,mean,-500.0,ratio,le,0.05,-0.3,"0,7,8,9,17,21,22"
6.4114946964037935,11.201655778821683,6.470169960145157,-50.926118400954316,49.72559791633402,35.497560176475254,1.558266052465585,2.9963384694219752,146,hour,2,mean,-100.0,ratio,le,0.05,-0.1,night
6.4114946964037935,11.201655778821683,6.470169960145157,-50.926118400954316,49.72559791633402,35.497560176475254,1.558266052465585,2.9963384694219752,146,hour,2,median,-100.0,ratio,le,0.05,-0.1,night
6.411545287830263,11.232996364240668,6.470219916903468,-48.12708180677527,49.43976646146403,35.497560176475254,1.558266052465585,2.991853148327597,19,hour,21,mean,-250.0,ratio,le,0.05,-0.2,peakerr
6.411631984313354,11.232996364240668,6.4703055257813755,-48.999229771461856,49.380756591944724,35.497560176475254,1.558266052465585,2.9892093390435206,35,hour,21,mean,-250.0,ratio,le,0.05,-0.1,all
6.411695884428174,11.184626762701743,6.470368624270876,-49.765856051634536,49.72559791633402,35.497560176475254,1.558266052465585,2.9876054196220085,105,hour,3,mean,-100.0,ratio,le,0.05,-0.2,night
6.411817099837972,11.232996364240668,6.4704883190364315,-49.71821293227902,49.72559791633402,35.497560176475254,1.558266052465585,2.991853148327597,26,hour,21,mean,-500.0,ratio,le,0.05,-0.2,"0,7,8,9,17,21,22"
6.411962457274228,11.174977165221637,6.470631852967339,-51.49900701570557,48.802114942262406,34.39366933292166,1.5610286323364921,2.9890664140318552,278,hour,2,mean,0.0,ratio,le,0.05,-0.05,all
6.411962457274228,11.174977165221637,6.470631852967339,-51.49900701570557,48.802114942262406,34.39366933292166,1.5610286323364921,2.9890664140318552,278,hour,2,median,0.0,ratio,le,0.05,-0.05,all
6.411980603095685,11.232996364240668,6.470649771149923,-50.33969854500889,49.73560321083254,35.497560176475254,1.558266052465585,2.991853148327597,6,daily,3,mean,-5.0,ratio,le,0.05,-0.1,"7-9,11,17,18"
6.41228139321616,11.209409430606241,6.470946787865967,-49.990224998729666,49.72559791633402,35.497560176475254,1.558266052465585,2.992483193461628,113,hour,2,mean,0.0,ratio,le,0.05,-0.05,night
6.41228139321616,11.209409430606241,6.470946787865967,-49.990224998729666,49.72559791633402,35.497560176475254,1.558266052465585,2.992483193461628,113,hour,2,median,0.0,ratio,le,0.05,-0.05,night
6.412423023790128,11.206847505772595,6.471086641687977,-50.36973880611633,49.72559791633402,35.497560176475254,1.558266052465585,2.9916762161309283,154,hour,3,mean,-250.0,ratio,le,0.05,-0.1,night
6.412489419737531,11.19154244953912,6.471152204699903,-49.55612832882692,49.72559791633402,35.497560176475254,1.558266052465585,2.991412503525459,20,hour,3,mean,100.0,ratio,le,0.05,-0.1,night
6.4126455676763765,11.17607660453663,6.471306393766819,-48.89113010235136,49.585538905003844,35.113531906134696,1.5465025856000731,2.981564442171954,194,hour,8,mean,-500.0,ratio,le,0.05,-0.05,peakerr
6.412874997862265,11.266737894195426,6.471532945756844,-53.61873543565438,49.89621363841425,35.45867861524164,1.558266052465585,2.991853148327597,18,daily,2,mean,-5.0,ratio,le,0.05,-0.3,"7-9,11,17,18"
6.413106226371896,11.210995997598193,6.471761273510687,-49.813916534666895,49.72559791633402,35.497560176475254,1.558266052465585,2.991157354745559,83,hour,3,mean,0.0,ratio,le,0.05,-0.05,night
6.4131149517727986,11.232996364240668,6.471769889451657,-50.663608337335106,49.540394148690694,35.497560176475254,1.558266052465585,2.9907231694495904,24,daily,3,mean,-5.0,ratio,le,0.05,-0.05,all
6.41311892699202,11.225022173712166,6.471773814801854,-53.04860749167291,49.144432948012025,34.689834068829015,1.5619064895410446,3.001838353714983,72,daily,2,mean,-5.0,ratio,le,0.05,-0.1,all
6.4132268846904275,11.216122357178811,6.471880418173673,-50.25154698939975,49.72559791633402,35.497560176475254,1.558266052465585,2.994095808874786,146,hour,2,mean,-100.0,ratio,le,0.05,-0.05,night
6.4132268846904275,11.216122357178811,6.471880418173673,-50.25154698939975,49.72559791633402,35.497560176475254,1.558266052465585,2.994095808874786,146,hour,2,median,-100.0,ratio,le,0.05,-0.05,night
6.41333402869834,11.232996364240668,6.471986218062724,-48.935046442417075,49.380756591944724,35.497560176475254,1.558266052465585,2.991853148327597,19,hour,21,mean,-250.0,ratio,le,0.05,-0.1,peakerr
6.413376740666384,11.215044982389855,6.472028394210212,-51.45576293058262,49.204853906488125,34.78245081773217,1.5600862710033148,2.9931728550328347,72,daily,2,mean,-5.0,ratio,le,0.05,-0.05,all
6.413485132167788,11.232996364240668,6.47213542594298,-50.292730740919076,49.360807778606905,35.497560176475254,1.558266052465585,2.991853148327597,4,daily,3,mean,-5.0,ratio,le,0.05,-0.3,morning
6.413805023001206,11.232996364240668,6.472451303754008,-50.29090096487187,49.30715198843373,35.497560176475254,1.558266052465585,2.991853148327597,8,daily,3,mean,-5.0,ratio,le,0.05,-0.2,day
6.413960950407651,11.113231534505696,6.472605275055093,-48.98767854303727,49.72559791633402,35.497560176475254,1.558266052465585,2.99018988685344,17,hour,2,mean,250.0,ratio,le,0.05,-0.3,night
6.413960950407651,11.113231534505696,6.472605275055093,-48.98767854303727,49.72559791633402,35.497560176475254,1.558266052465585,2.99018988685344,17,hour,2,median,250.0,ratio,le,0.05,-0.3,night
6.413963838636512,11.232996364240668,6.472608127051196,-48.99847739330841,49.72559791633402,35.497560176475254,1.558266052465585,2.991853148327597,2,hour,21,mean,0.0,ratio,le,0.05,-0.3,night
6.41399159439751,11.216943218556054,6.472635534616877,-49.992941876614076,49.72559791633402,35.497560176475254,1.558266052465585,2.991521471108596,154,hour,3,mean,-250.0,ratio,le,0.05,-0.05,night
6.414109563345299,11.21643588918007,6.4727520236472085,-49.74320722876425,49.72559791633402,35.497560176475254,1.558266052465585,2.9907912161512,105,hour,3,mean,-100.0,ratio,le,0.05,-0.05,night
6.4142001169656515,11.232996364240668,6.47284144127469,-51.86211014068714,49.66891501567282,35.497560176475254,1.558266052465585,3.018001490085613,13,daily,3,mean,-5.0,ratio,le,0.05,-0.3,peakerr
6.414278181562724,11.218487339888418,6.472918526553374,-49.974055451865965,49.49724875636563,35.10544938866352,1.5600165358417204,2.987079946224389,52,hour,3,mean,100.0,ratio,le,0.05,-0.05,all
6.414301210488958,11.192075643593547,6.472941266582312,-48.70110789527387,48.6152870705083,34.11327321500529,1.558266052465585,2.991853148327597,87,hour,2,mean,0.0,ratio,le,0.05,-0.1,lowday
6.414301210488958,11.192075643593547,6.472941266582312,-48.70110789527387,48.6152870705083,34.11327321500529,1.558266052465585,2.991853148327597,87,hour,2,median,0.0,ratio,le,0.05,-0.1,lowday
6.4143115794843775,11.152350668182445,6.472951505498948,-49.164147034635484,49.72559791633402,35.497560176475254,1.558266052465585,2.990744307344826,17,hour,2,mean,250.0,ratio,le,0.05,-0.2,night
6.4143115794843775,11.152350668182445,6.472951505498948,-49.164147034635484,49.72559791633402,35.497560176475254,1.558266052465585,2.990744307344826,17,hour,2,median,250.0,ratio,le,0.05,-0.2,night
6.414318644181656,11.28926130460358,6.472958481569776,-45.840267024813095,51.676226704766194,37.517506911721725,1.558266052465585,2.991853148327597,511,similarity,2,mean,0.0,profile_abs,le,2000.0,0.05,lowday
6.4143659014392895,11.232996364240668,6.473005145986312,-49.82047552454185,49.72559791633402,35.497560176475254,1.558266052465585,2.9866379716519087,23,hour,21,mean,-250.0,ratio,le,0.05,-0.2,night
6.4144271139887525,11.232996364240668,6.473065590625896,-54.53122620773718,49.3041248779457,35.497560176475254,1.558266052465585,3.061875889106688,24,daily,3,mean,-5.0,ratio,le,0.05,-0.3,all
6.414555985255367,11.232996364240668,6.47319284520574,-51.82607966326142,49.72559791633402,35.497560176475254,1.558266052465585,3.018001490085613,7,daily,3,mean,-5.0,ratio,le,0.05,-0.3,"0,7,8,9,17,21,22"
6.414686591063343,11.20637498387769,6.473321812567166,-50.9235671408161,49.49398166225615,34.92160052588852,1.5600165358417204,2.987683134887946,186,hour,3,mean,0.0,ratio,le,0.05,-0.05,all
6.414812986454653,11.232996364240668,6.473446622331498,-51.12235615269832,49.67194212616085,35.497560176475254,1.558266052465585,3.002088763910387,13,daily,3,mean,-5.0,ratio,le,0.05,-0.2,peakerr
6.414880447405425,11.15001863723949,6.473513236986355,-48.72757427758592,49.844590299971394,35.2601319471667,1.543531719568396,2.9762139096652196,275,hour,5,mean,-500.0,ratio,le,0.05,-0.05,peakerr
6.414923364325829,11.232996364240668,6.473555615515081,-49.05223602499778,49.72559791633402,35.497560176475254,1.558266052465585,2.991853148327597,1,hour,21,mean,0.0,ratio,le,0.05,-0.3,"0,7,8,9,17,21,22"
6.414935032594854,11.224577623296602,6.473567137405967,-49.44442046204265,49.34169076357691,35.367034172967436,1.5596444619709557,2.982923260097822,117,hour,8,median,0.0,ratio,le,0.05,-0.1,peakerr
6.414935376054559,11.215335749524584,6.473567476556978,-48.776908340340675,49.72559791633402,35.497560176475254,1.558266052465585,2.991853148327597,14,hour,8,mean,-250.0,ratio,le,0.05,0.2,"7-9,17"
6.415004703636617,11.181144313620777,6.4736359344262775,-50.8010001643332,49.16741130033511,34.36071497150791,1.5442832851830235,2.973699356541054,382,hour,3,median,0.0,ratio,le,0.05,-0.05,all
6.415009413990674,11.232996364240668,6.473640585689064,-49.66411247553347,49.72559791633402,35.497560176475254,1.558266052465585,2.991853148327597,26,hour,21,mean,-500.0,ratio,le,0.05,-0.1,"0,7,8,9,17,21,22"
6.415143716728673,11.213048056084011,6.4737732036026205,-48.36035650111703,49.72559791633402,35.497560176475254,1.558266052465585,2.991853148327597,14,hour,8,mean,-250.0,ratio,le,0.05,0.3,"7-9,17"
6.415149849848367,11.232996364240668,6.473779259782483,-51.08739044843693,49.72559791633402,35.497560176475254,1.558266052465585,3.002088763910387,7,daily,3,mean,-5.0,ratio,le,0.05,-0.2,"0,7,8,9,17,21,22"
6.41518496816425,11.167911555222114,6.473813937539985,-49.06689270856009,49.72559791633402,35.497560176475254,1.558266052465585,2.991853148327597,5,hour,2,mean,500.0,ratio,le,0.05,-0.3,night
6.41518496816425,11.167911555222114,6.473813937539985,-49.06689270856009,49.72559791633402,35.497560176475254,1.558266052465585,2.991853148327597,5,hour,2,median,500.0,ratio,le,0.05,-0.3,night
6.4152316415989565,11.16110946078361,6.473860025457635,-49.071592156456404,49.72559791633402,35.497560176475254,1.558266052465585,2.991853148327597,7,daily,1,mean,-2.0,ratio,le,0.05,1.0,lowday
6.4152316415989565,11.16110946078361,6.473860025457635,-49.071592156456404,49.72559791633402,35.497560176475254,1.558266052465585,2.991853148327597,6,daily,1,mean,-2.0,ratio,le,0.05,1.0,midday
6.4152316415989565,11.16110946078361,6.473860025457635,-49.071592156456404,49.72559791633402,35.497560176475254,1.558266052465585,2.991853148327597,7,daily,1,mean,0.0,ratio,le,0.05,1.0,lowday
6.4152316415989565,11.16110946078361,6.473860025457635,-49.071592156456404,49.72559791633402,35.497560176475254,1.558266052465585,2.991853148327597,6,daily,1,mean,0.0,ratio,le,0.05,1.0,midday
6.4152316415989565,11.16110946078361,6.473860025457635,-49.071592156456404,49.72559791633402,35.497560176475254,1.558266052465585,2.991853148327597,7,daily,1,mean,1.0,ratio,le,0.05,1.0,lowday
6.4152316415989565,11.16110946078361,6.473860025457635,-49.071592156456404,49.72559791633402,35.497560176475254,1.558266052465585,2.991853148327597,6,daily,1,mean,1.0,ratio,le,0.05,1.0,midday
6.4152316415989565,11.16110946078361,6.473860025457635,-49.071592156456404,49.72559791633402,35.497560176475254,1.558266052465585,2.991853148327597,7,daily,1,mean,2.0,ratio,le,0.05,1.0,lowday
6.4152316415989565,11.16110946078361,6.473860025457635,-49.071592156456404,49.72559791633402,35.497560176475254,1.558266052465585,2.991853148327597,6,daily,1,mean,2.0,ratio,le,0.05,1.0,midday
6.415235474976236,11.295502761333568,6.47359022986505,-51.50607841318363,49.72559791633402,35.497560176475254,1.558266052465585,2.9880923169945817,584,similarity,2,mean,0.0,ratio,le,0.4,-0.05,night
6.415331101225616,11.232996364240668,6.473958237365801,-47.27210284116608,49.60669650472961,35.497560176475254,1.558266052465585,2.991853148327597,19,hour,21,mean,-250.0,ratio,le,0.05,-0.3,peakerr
6.41538226685721,11.224086684624218,6.474008761125846,-48.89662752279444,49.54506635867278,35.54468057551273,1.558266052465585,2.9896041782669713,157,hour,21,mean,-500.0,ratio,le,0.05,-0.05,all
6.415385917211017,11.192065623775944,6.4740123656860575,-49.54624568694995,48.9697819976991,34.11295590459887,1.558266052465585,2.991853148327597,22,hour,2,mean,100.0,ratio,le,0.05,-0.1,lowday
6.415385917211017,11.192065623775944,6.4740123656860575,-49.54624568694995,48.9697819976991,34.11295590459887,1.558266052465585,2.991853148327597,22,hour,2,median,100.0,ratio,le,0.05,-0.1,lowday
6.415554626605282,11.232996364240668,6.474178958625251,-50.698630636860834,49.72559791633402,35.497560176475254,1.558266052465585,2.9959363437932,8,similarity,2,mean,0.0,profile_abs,ge,4000.0,-0.1,night
6.415636311537304,11.176084391796293,6.474259618821872,-49.05605092692153,49.259637653688685,34.92355930321461,1.545335958094877,2.987643812984709,137,hour,13,mean,-500.0,ratio,le,0.05,-0.05,peakerr
6.415789439642543,11.178639174542644,6.474410825938914,-50.51237815012787,49.077814451568486,34.40543542351639,1.5605145001777296,2.9912576887828246,86,hour,2,mean,100.0,ratio,le,0.05,-0.05,all
6.415789439642543,11.178639174542644,6.474410825938914,-50.51237815012787,49.077814451568486,34.40543542351639,1.5605145001777296,2.9912576887828246,86,hour,2,median,100.0,ratio,le,0.05,-0.05,all
6.415806295144809,11.194030250925875,6.474427469989331,-50.52151693434296,48.948118290743885,35.21600412346908,1.5414540531702847,2.9903241782504977,305,hour,5,median,0.0,ratio,le,0.05,-0.05,all
6.415807980325196,11.118611347262735,6.474429134029173,-49.62553896015735,49.72559791633402,35.497560176475254,1.5012610602358114,2.9689246615217635,108,hour,5,mean,-500.0,ratio,le,0.05,-0.1,evening
6.415825276959741,11.210045599350215,6.474446213677878,-49.485777471725335,49.72569521284243,35.497560176475254,1.558266052465585,2.991853148327597,11,hour,8,mean,-100.0,ratio,le,0.05,-0.3,"7-9,11,17,18"
6.415835458603938,11.232996364240668,6.474456267593606,-50.382602164709496,49.67496923664888,35.497560176475254,1.558266052465585,2.987211377526077,13,daily,3,mean,-5.0,ratio,le,0.05,-0.1,peakerr
6.415899636987289,11.190658131652887,6.474519640860765,-49.61776601107661,49.72559791633402,35.497560176475254,1.532405863724169,2.9834344776418202,43,hour,13,mean,-500.0,ratio,le,0.05,-0.1,"0,7,8,9,17,21,22"
6.415909723900951,11.226414533201313,6.4745296012343525,-48.557145422705,49.408622386370176,35.571803336457684,1.558266052465585,2.991853148327597,70,hour,21,mean,-500.0,ratio,le,0.05,-0.1,peakerr
6.415946529161928,11.223432356757904,6.474565944774264,-49.484944282242516,49.334930469233896,35.33076554960527,1.5596444619709557,2.982923260097822,168,hour,8,median,-100.0,ratio,le,0.05,-0.1,peakerr
6.416029424465651,11.232996364240668,6.474647800158505,-48.99026761670504,49.72559791633402,35.497560176475254,1.558266052465585,2.991853148327597,13,hour,13,mean,-250.0,ratio,le,0.05,-0.3,"0,7,8,9,17,21,22"
6.416029424465651,11.232996364240668,6.474647800158505,-48.99026761670504,49.72559791633402,35.497560176475254,1.558266052465585,2.991853148327597,11,hour,13,mean,-100.0,ratio,le,0.05,-0.3,"0,7,8,9,17,21,22"
6.416029424465651,11.232996364240668,6.474647800158505,-48.99026761670504,49.72559791633402,35.497560176475254,1.558266052465585,2.991853148327597,3,hour,21,mean,-100.0,ratio,le,0.05,-0.3,"0,7,8,9,17,21,22"
6.416123174516597,11.146575582417087,6.47474037411744,-49.24261389399604,49.72559791633402,35.497560176475254,1.558266052465585,2.9960367642871044,31,hour,2,mean,100.0,ratio,le,0.05,-0.2,night
6.416123174516597,11.146575582417087,6.47474037411744,-49.24261389399604,49.72559791633402,35.497560176475254,1.558266052465585,2.9960367642871044,31,hour,2,median,100.0,ratio,le,0.05,-0.2,night
6.416153317101651,11.232996364240668,6.474770138564528,-50.348701233612424,49.72559791633402,35.497560176475254,1.558266052465585,2.987211377526077,7,daily,3,mean,-5.0,ratio,le,0.05,-0.1,"0,7,8,9,17,21,22"
6.416183706674626,11.232996364240668,6.47480014690108,-49.13234894585189,49.72658889929002,35.497560176475254,1.558266052465585,2.991853148327597,15,hour,21,mean,-500.0,ratio,le,0.05,-0.3,"7-9,11,17,18"
6.416254873142327,11.234389583515531,6.474870420587249,-49.12988103045016,49.73247100999171,35.497560176475254,1.5036479364718873,2.9744479946568343,136,similarity,2,mean,0.0,ratio,le,0.02,1.0,peakerr
6.416283157818359,11.183715160837789,6.474898350432738,-48.90261469065215,48.631147854837224,34.10207530129784,1.558266052465585,2.991853148327597,178,hour,2,mean,-250.0,ratio,le,0.05,-0.05,lowday
6.416283157818359,11.183715160837789,6.474898350432738,-48.90261469065215,48.631147854837224,34.10207530129784,1.558266052465585,2.991853148327597,178,hour,2,median,-250.0,ratio,le,0.05,-0.05,lowday
6.4162869580226625,11.232996364240668,6.474902102963576,-49.688364455820206,49.72559791633402,35.497560176475254,1.558266052465585,2.9892093390435206,23,hour,21,mean,-250.0,ratio,le,0.05,-0.1,night
6.416310220752891,11.215335749524584,6.474925073863445,-48.853935741056056,49.72559791633402,35.497560176475254,1.558266052465585,2.991853148327597,13,hour,8,mean,-250.0,ratio,le,0.05,0.2,morning
6.416350582258678,11.202372141147144,6.474964929035163,-48.41077999679488,48.86502413903012,34.73087930237701,1.558266052465585,2.991853148327597,252,hour,2,mean,-500.0,ratio,le,0.05,-0.05,midday
6.416350582258678,11.202372141147144,6.474964929035163,-48.41077999679488,48.86502413903012,34.73087930237701,1.558266052465585,2.991853148327597,252,hour,2,median,-500.0,ratio,le,0.05,-0.05,midday
6.416357088974204,11.205056669996495,6.47497135412411,-48.78078852912656,48.6152870705083,34.11327321500529,1.558266052465585,2.991853148327597,91,hour,2,mean,0.0,ratio,le,0.05,-0.1,day
6.416357088974204,11.205056669996495,6.47497135412411,-48.78078852912656,48.6152870705083,34.11327321500529,1.558266052465585,2.991853148327597,91,hour,2,median,0.0,ratio,le,0.05,-0.1,day
6.416456411696801,11.17457181069154,6.47506943084567,-48.31919561030264,48.20400028281082,33.97682560543632,1.558266052465585,2.991853148327597,296,hour,2,mean,-500.0,ratio,le,0.05,-0.05,day
6.416456411696801,11.17457181069154,6.47506943084567,-48.31919561030264,48.20400028281082,33.97682560543632,1.558266052465585,2.991853148327597,296,hour,2,median,-500.0,ratio,le,0.05,-0.05,day
6.416475827162812,11.148279072823684,6.475088602745154,-49.11615940528635,49.259637653688685,34.92355930321461,1.522899780764995,2.982903528320762,248,hour,13,mean,-500.0,ratio,le,0.05,-0.05,all
6.416513544362429,11.178561133520358,6.475125846783457,-48.40787052988143,48.20400028281082,33.97682560543632,1.558266052465585,2.991853148327597,269,hour,2,mean,-500.0,ratio,le,0.05,-0.05,lowday
6.416513544362429,11.178561133520358,6.475125846783457,-48.40787052988143,48.20400028281082,33.97682560543632,1.558266052465585,2.991853148327597,269,hour,2,median,-500.0,ratio,le,0.05,-0.05,lowday
6.416519670047211,11.232996364240668,6.475131895621679,-50.12271694553718,49.360807778606905,35.497560176475254,1.558266052465585,2.991853148327597,4,daily,3,mean,-5.0,ratio,le,0.05,-0.2,morning
6.416519939995835,11.192344583064381,6.475132162183804,-49.51796525210574,49.82255320674443,35.521508957911976,1.558266052465585,2.991853148327597,70,hour,8,mean,-500.0,ratio,le,0.05,-0.05,"7-9,11,17,18"
6.4165275740448084,11.17076606713812,6.475139700463828,-49.14419839913084,49.72559791633402,35.497560176475254,1.558266052465585,2.991853148327597,8,daily,1,mean,-2.0,ratio,le,0.05,1.0,day
6.4165275740448084,11.17076606713812,6.475139700463828,-49.14419839913084,49.72559791633402,35.497560176475254,1.558266052465585,2.991853148327597,8,daily,1,mean,0.0,ratio,le,0.05,1.0,day
6.4165275740448084,11.17076606713812,6.475139700463828,-49.14419839913084,49.72559791633402,35.497560176475254,1.558266052465585,2.991853148327597,8,daily,1,mean,1.0,ratio,le,0.05,1.0,day
6.4165275740448084,11.17076606713812,6.475139700463828,-49.14419839913084,49.72559791633402,35.497560176475254,1.558266052465585,2.991853148327597,8,daily,1,mean,2.0,ratio,le,0.05,1.0,day
6.416546994137522,11.217305006318913,6.475158876931969,-49.267167096782416,49.72559791633402,35.497560176475254,1.558266052465585,2.988502617763644,143,hour,3,median,0.0,ratio,le,0.05,-0.05,night
6.416571637018234,11.103511905957735,6.475183210668368,-51.120803683036875,49.72559791633402,35.497560176475254,1.558266052465585,2.9956334191317846,113,hour,2,mean,0.0,ratio,le,0.05,-0.3,night
6.416571637018234,11.103511905957735,6.475183210668368,-51.120803683036875,49.72559791633402,35.497560176475254,1.558266052465585,2.9956334191317846,113,hour,2,median,0.0,ratio,le,0.05,-0.3,night
6.416584581786415,11.232996364240668,6.475195993044762,-47.57217009167919,49.60669650472961,35.497560176475254,1.558266052465585,2.989904317978519,35,hour,21,mean,-250.0,ratio,le,0.05,-0.3,all
6.416648659218118,11.171668330105405,6.475259266626708,-49.53846314795649,49.72559791633402,35.497560176475254,1.558266052465585,2.9710496191785873,5,daily,2,mean,-2.0,ratio,le,0.05,1.0,evening
6.416678342955979,11.10456890585766,6.475288577982832,-49.10537883207808,49.72559791633402,35.497560176475254,1.558266052465585,2.9981285722668582,31,hour,2,mean,100.0,ratio,le,0.05,-0.3,night
6.416678342955979,11.10456890585766,6.475288577982832,-49.10537883207808,49.72559791633402,35.497560176475254,1.558266052465585,2.9981285722668582,31,hour,2,median,100.0,ratio,le,0.05,-0.3,night
6.416723982760751,11.226893674982085,6.475333645237409,-49.62824716934177,49.72559791633402,35.497560176475254,1.558266052465585,2.9947694082397764,120,hour,5,median,0.0,ratio,le,0.05,-0.05,night
6.416729361483929,11.234389583515531,6.4753389564846415,-49.091263894436274,49.72559791633402,35.497560176475254,1.5036479364718873,2.9744479946568343,110,similarity,2,mean,0.0,ratio,le,0.02,1.0,"0,7,8,9,17,21,22"
6.416780300835597,11.162937531139386,6.4753892568034335,-51.4278469909886,48.9697819976991,34.11295590459887,1.5627629478898741,2.997449132403219,86,hour,2,mean,100.0,ratio,le,0.05,-0.1,all
6.416780300835597,11.162937531139386,6.4753892568034335,-51.4278469909886,48.9697819976991,34.11295590459887,1.5627629478898741,2.997449132403219,86,hour,2,median,100.0,ratio,le,0.05,-0.1,all
6.416781804951238,11.232996364240668,6.475390742049986,-49.63835023476289,49.72559791633402,35.497560176475254,1.558266052465585,2.991853148327597,7,hour,21,mean,-250.0,ratio,le,0.05,-0.2,"0,7,8,9,17,21,22"
6.416820988869988,11.241166314656065,6.475429434407467,-49.124392297687,49.72559791633402,35.497560176475254,1.558266052465585,2.9904201558201318,98,hour,21,mean,-500.0,ratio,le,0.05,-0.1,night
6.416863346061762,11.252324154052367,6.4754712602293445,-52.31312336909697,49.89621363841425,35.45867861524164,1.558266052465585,2.991853148327597,18,daily,2,mean,-5.0,ratio,le,0.05,-0.2,"7-9,11,17,18"
6.4168952006939115,11.2207909857235,6.475502715245943,-49.64034939157168,49.72559791633402,35.497560176475254,1.558266052465585,2.9976856681519557,120,hour,5,median,0.0,ratio,le,0.05,-0.1,night
6.4169040711489895,11.173571525354955,6.475511474421386,-49.55277292212278,49.72559791633402,35.497560176475254,1.558266052465585,2.9716952159013355,5,daily,2,mean,-2.0,ratio,le,0.05,0.8,evening
6.416941984332617,11.186015138471157,6.475548911985085,-49.73260829611337,49.72559791633402,35.497560176475254,1.5465025856000731,2.981564442171954,64,hour,8,mean,-500.0,ratio,le,0.05,-0.05,"0,7,8,9,17,21,22"
6.41696627534086,11.225528830343974,6.474307663930262,-49.62826734810577,49.72559791633402,35.497560176475254,1.558266052465585,2.9867330570672928,520,similarity,2,mean,0.0,absdiff,le,1500.0,-0.05,night
6.416980052471271,11.234584483616707,6.475586502559907,-48.1643514904392,49.408622386370176,35.571803336457684,1.558266052465585,2.993594601512561,157,hour,21,mean,-500.0,ratio,le,0.05,-0.1,all
6.417006740615568,11.232996364240668,6.47561285590211,-49.27774157928021,49.55317725413937,35.497560176475254,1.558266052465585,2.9905312436855587,35,hour,21,mean,-250.0,ratio,le,0.05,-0.05,all
6.417059637218089,11.174730721805519,6.475665088918095,-49.179276128922716,49.72559791633402,35.497560176475254,1.558266052465585,2.991853148327597,7,daily,1,mean,-2.0,ratio,le,0.05,0.8,lowday
6.417059637218089,11.174730721805519,6.475665088918095,-49.17927612892271,49.72559791633402,35.497560176475254,1.558266052465585,2.991853148327597,6,daily,1,mean,-2.0,ratio,le,0.05,0.8,midday
6.417059637218089,11.174730721805519,6.475665088918095,-49.179276128922716,49.72559791633402,35.497560176475254,1.558266052465585,2.991853148327597,7,daily,1,mean,0.0,ratio,le,0.05,0.8,lowday
6.417059637218089,11.174730721805519,6.475665088918095,-49.17927612892271,49.72559791633402,35.497560176475254,1.558266052465585,2.991853148327597,6,daily,1,mean,0.0,ratio,le,0.05,0.8,midday
6.417059637218089,11.174730721805519,6.475665088918095,-49.179276128922716,49.72559791633402,35.497560176475254,1.558266052465585,2.991853148327597,7,daily,1,mean,1.0,ratio,le,0.05,0.8,lowday
6.417059637218089,11.174730721805519,6.475665088918095,-49.17927612892271,49.72559791633402,35.497560176475254,1.558266052465585,2.991853148327597,6,daily,1,mean,1.0,ratio,le,0.05,0.8,midday
6.417059637218089,11.174730721805519,6.475665088918095,-49.179276128922716,49.72559791633402,35.497560176475254,1.558266052465585,2.991853148327597,7,daily,1,mean,2.0,ratio,le,0.05,0.8,lowday
6.417059637218089,11.174730721805519,6.475665088918095,-49.17927612892271,49.72559791633402,35.497560176475254,1.558266052465585,2.991853148327597,6,daily,1,mean,2.0,ratio,le,0.05,0.8,midday
6.417067003659466,11.1995341187249,6.475672362947652,-49.1954726027485,48.802114942262406,34.39366933292166,1.558266052465585,2.991853148327597,87,hour,2,mean,0.0,ratio,le,0.05,-0.05,lowday
6.417067003659466,11.1995341187249,6.475672362947652,-49.1954726027485,48.802114942262406,34.39366933292166,1.558266052465585,2.991853148327597,87,hour,2,median,0.0,ratio,le,0.05,-0.05,lowday
6.417070464776181,11.27000899921993,6.475675780644746,-47.964759858030334,49.465759550556,35.713811581977,1.5691411423735688,3.0075568961683956,416,similarity,2,mean,0.0,profile_abs,le,1000.0,0.05,peakerr
6.417127992291897,11.205046650178891,6.4757325864792366,-49.70179124073249,48.9697819976991,34.11295590459887,1.558266052465585,2.991853148327597,23,hour,2,mean,100.0,ratio,le,0.05,-0.1,day
6.417127992291897,11.205046650178891,6.4757325864792366,-49.70179124073249,48.9697819976991,34.11295590459887,1.558266052465585,2.991853148327597,23,hour,2,median,100.0,ratio,le,0.05,-0.1,day
6.417133867110232,11.213048056084011,6.475738387598123,-48.47589760219011,49.72559791633402,35.497560176475254,1.558266052465585,2.991853148327597,13,hour,8,mean,-250.0,ratio,le,0.05,0.3,morning
6.417135840290503,11.17703519841882,6.475740336024898,-49.85520457343882,49.72559791633402,35.497560176475254,1.534739118734561,2.978892321593887,64,hour,8,mean,-500.0,ratio,le,0.05,-0.1,"0,7,8,9,17,21,22"
6.4171907729828215,11.223912942486844,6.475794579587984,-48.960185117566475,48.380872880730436,35.2099038176307,1.558266052465585,2.991853148327597,84,hour,5,median,0.0,ratio,le,0.05,-0.1,midday
6.417234586545886,11.292775914151095,6.475837843511012,-45.223796885073796,51.676226704766194,37.517506911721725,1.558266052465585,2.991853148327597,584,similarity,2,mean,0.0,profile_abs,le,2000.0,0.05,day
6.417267055532022,11.207132342416665,6.475869905174542,-49.39864653598226,50.13656063010475,35.8357399922511,1.558266052465585,2.991853148327597,70,hour,8,mean,-500.0,ratio,le,0.05,-0.1,"7-9,11,17,18"
6.417267089588442,11.22050282151015,6.475869938803724,-48.68653175958534,49.696755220263825,34.92511504013136,1.558266052465585,2.991853148327597,19,hour,2,mean,100.0,ratio,le,0.05,-0.2,midday
6.417267089588442,11.22050282151015,6.475869938803724,-48.68653175958534,49.696755220263825,34.92511504013136,1.558266052465585,2.991853148327597,19,hour,2,median,100.0,ratio,le,0.05,-0.2,midday
6.417282377930311,11.232996364240668,6.475885035353733,-49.184402724571804,49.72559791633402,35.497560176475254,1.558266052465585,2.991853148327597,2,hour,21,mean,0.0,ratio,le,0.05,-0.2,night
6.41741988075792,11.225346109277185,6.476020813211856,-50.62737178057221,49.72559791633402,35.497560176475254,1.5596444619709557,2.982923260097822,53,hour,8,median,0.0,ratio,le,0.05,-0.1,"0,7,8,9,17,21,22"
6.4175023104047515,11.163178589302468,6.476102208780859,-49.9864239033587,49.72559791633402,35.497560176475254,1.543531719568396,2.9762139096652196,108,hour,5,mean,-500.0,ratio,le,0.05,-0.05,"0,7,8,9,17,21,22"
6.417531810861249,11.178249111222776,6.47613133915488,-49.57423758337221,49.72559791633402,35.497560176475254,1.558266052465585,2.9732819338733085,5,daily,2,mean,-2.0,ratio,le,0.05,0.5,evening
6.417549754543661,11.194439590502801,6.47614905773425,-49.613889014932276,49.72559791633402,35.497560176475254,1.545335958094877,2.987643812984709,43,hour,13,mean,-500.0,ratio,le,0.05,-0.05,"0,7,8,9,17,21,22"
6.417558399496655,11.223912942486844,6.476157594236527,-48.98078185465902,48.380872880730436,35.2099038176307,1.558266052465585,2.991853148327597,86,hour,5,median,0.0,ratio,le,0.05,-0.1,day
6.417566106352039,11.210045599350215,6.476165204409607,-49.0763621491118,49.72559791633402,35.497560176475254,1.558266052465585,2.991853148327597,19,hour,8,mean,-100.0,ratio,le,0.05,-0.3,"0,7,8,9,17,21,22"
6.4175727202748165,11.234110939660559,6.4761717353608885,-49.22590722811772,49.73109639126019,35.497560176475254,1.5116113958568278,2.976965357083167,136,similarity,2,mean,0.0,ratio,le,0.02,0.8,peakerr
6.417577831692986,11.202171391424692,6.476176782656448,-49.235312919674854,48.802114942262406,34.39366933292166,1.558266052465585,2.991853148327597,91,hour,2,mean,0.0,ratio,le,0.05,-0.05,day
6.417577831692986,11.202171391424692,6.476176782656448,-49.235312919674854,48.802114942262406,34.39366933292166,1.558266052465585,2.991853148327597,91,hour,2,median,0.0,ratio,le,0.05,-0.05,day
6.417619030708047,11.18373260418703,6.476217464830909,-48.08445327905727,49.13847355248963,34.39807033862571,1.558266052465585,2.991853148327597,235,hour,3,mean,-500.0,ratio,le,0.05,-0.05,day
6.417621014622239,11.232996364240668,6.476219423856951,-50.016648767088384,49.72559791633402,35.497560176475254,1.558266052465585,2.991853148327597,4,daily,3,mean,-5.0,ratio,le,0.05,-0.1,"7-9,17"
6.41763361662831,11.191469801859194,6.476231867771173,-49.3406155262337,49.72559791633402,35.497560176475254,1.558266052465585,2.9912987278362118,17,hour,2,mean,250.0,ratio,le,0.05,-0.1,night
6.41763361662831,11.191469801859194,6.476231867771173,-49.3406155262337,49.72559791633402,35.497560176475254,1.558266052465585,2.9912987278362118,17,hour,2,median,250.0,ratio,le,0.05,-0.1,night
6.417696952234807,11.232905375491175,6.476294408834093,-50.39851704844071,49.72559791633402,35.497560176475254,1.5442832851830235,2.973699356541054,86,hour,3,median,0.0,ratio,le,0.05,-0.05,evening
6.417738301058441,11.218360257078013,6.476335238937785,-48.18487898426644,49.77006422189281,34.768865653247545,1.558266052465585,2.991853148327597,19,hour,2,mean,100.0,ratio,le,0.05,-0.3,midday
6.417738301058441,11.218360257078013,6.476335238937785,-48.18487898426644,49.77006422189281,34.768865653247545,1.558266052465585,2.991853148327597,19,hour,2,median,100.0,ratio,le,0.05,-0.3,midday
6.417772079589769,11.232996364240668,6.476368593718293,-49.65251934275038,49.72559791633402,35.497560176475254,1.558266052465585,2.991853148327597,7,hour,21,mean,-250.0,ratio,le,0.05,-0.3,"0,7,8,9,17,21,22"
6.417778929921053,11.2176958543137,6.476375358112346,-49.52718898741287,49.725662780672955,35.497560176475254,1.558266052465585,2.991853148327597,11,hour,8,mean,-100.0,ratio,le,0.05,-0.2,"7-9,11,17,18"
6.4178061029174085,11.223912942486844,6.476402190224151,-48.99465974986571,48.380872880730436,35.2099038176307,1.558266052465585,2.991853148327597,85,hour,5,median,0.0,ratio,le,0.05,-0.1,lowday
6.417833283575729,11.186352433537579,6.476429029901802,-48.87612349616234,48.631147854837224,34.10207530129784,1.558266052465585,2.991853148327597,190,hour,2,mean,-250.0,ratio,le,0.05,-0.05,day
6.417833283575729,11.186352433537579,6.476429029901802,-48.87612349616234,48.631147854837224,34.10207530129784,1.558266052465585,2.991853148327597,190,hour,2,median,-250.0,ratio,le,0.05,-0.05,day
6.41786855995042,11.23771781545324,6.476463863735267,-49.60664283318708,49.725941932306505,35.497560176475254,1.558266052465585,2.991853148327597,66,similarity,2,mean,0.0,ratio,le,0.02,1.0,"7-9,11,17,18"
6.417895490134172,11.175077658395853,6.4764904560805485,-49.61134295318642,49.72559791633402,35.497560176475254,1.5304198142880552,2.9742011945590874,108,hour,5,mean,-500.0,ratio,le,0.05,-0.05,evening
6.417952310948097,11.234110939660559,6.476546564078803,-49.195013519306606,49.72559791633402,35.497560176475254,1.5116113958568278,2.976965357083167,110,similarity,2,mean,0.0,ratio,le,0.02,0.8,"0,7,8,9,17,21,22"
6.417967296104911,11.245389465603688,6.476561361247203,-48.606763975207166,49.72559791633402,35.497560176475254,1.558266052465585,2.991853148327597,128,similarity,2,mean,0.0,profile_abs,le,1000.0,0.05,"7-9,17"
6.417989002407648,11.232996364240668,6.476582795244925,-49.62418112677541,49.72559791633402,35.497560176475254,1.558266052465585,2.991853148327597,7,hour,21,mean,-250.0,ratio,le,0.05,-0.1,"0,7,8,9,17,21,22"
6.418008584083627,11.230021184798588,6.476602131269275,-49.119903804772015,49.54506635867278,35.54468057551273,1.558266052465585,2.991853148327597,70,hour,21,mean,-500.0,ratio,le,0.05,-0.05,peakerr
6.418051237982992,11.234266781453385,6.4766442500765535,-51.21757622288457,49.72559791633402,35.497560176475254,1.5314394448076702,2.9745948735091217,86,hour,3,median,0.0,ratio,le,0.05,-0.1,evening
6.418053398991991,11.266605191990536,6.4766463839757495,-48.94184876237192,49.73247100999171,35.497560176475254,1.5010315663615421,2.98186957200149,353,similarity,2,mean,0.0,ratio,le,0.02,1.0,all
6.418096383174772,11.182456006889124,6.4766888289230495,-49.23736112306226,49.72559791633402,35.497560176475254,1.558266052465585,2.991853148327597,8,daily,1,mean,-2.0,ratio,le,0.05,0.8,day
6.418096383174772,11.182456006889124,6.4766888289230495,-49.23736112306226,49.72559791633402,35.497560176475254,1.558266052465585,2.991853148327597,8,daily,1,mean,0.0,ratio,le,0.05,0.8,day
6.418096383174772,11.182456006889124,6.4766888289230495,-49.23736112306226,49.72559791633402,35.497560176475254,1.558266052465585,2.991853148327597,8,daily,1,mean,1.0,ratio,le,0.05,0.8,day
6.418096383174772,11.182456006889124,6.4766888289230495,-49.23736112306226,49.72559791633402,35.497560176475254,1.558266052465585,2.991853148327597,8,daily,1,mean,2.0,ratio,le,0.05,0.8,day
6.418096464282138,11.189606491561634,6.476688909012925,-49.23001293473959,49.72559791633402,35.497560176475254,1.558266052465585,2.991853148327597,5,hour,2,mean,500.0,ratio,le,0.05,-0.2,night
6.418096464282138,11.189606491561634,6.476688909012925,-49.23001293473959,49.72559791633402,35.497560176475254,1.558266052465585,2.991853148327597,5,hour,2,median,500.0,ratio,le,0.05,-0.2,night
6.4181040784059995,11.227061864066298,6.476696427617795,-49.34032284239279,49.72559791633402,35.497560176475254,1.558266052465585,2.989067389737593,98,hour,21,mean,-500.0,ratio,le,0.05,-0.05,night
6.418176547524286,11.189752246935756,6.476767987612832,-48.1270781772813,49.13847355248963,34.39807033862571,1.558266052465585,2.991853148327597,216,hour,3,mean,-500.0,ratio,le,0.05,-0.05,lowday
6.418204438127721,11.212269406889895,6.476795528329355,-49.55619085796274,49.72559791633402,35.497560176475254,1.558266052465585,2.991632825926528,20,hour,3,mean,100.0,ratio,le,0.05,-0.05,night
6.418208063044534,11.222655405759893,6.476799107771676,-48.53148689565914,49.26895129144406,35.08168173742159,1.558266052465585,2.991853148327597,82,hour,2,mean,0.0,ratio,le,0.05,-0.1,midday
6.418208063044534,11.222655405759893,6.476799107771676,-48.53148689565914,49.26895129144406,35.08168173742159,1.558266052465585,2.991853148327597,82,hour,2,median,0.0,ratio,le,0.05,-0.1,midday
6.418224989165741,11.245041740439799,6.476815821555124,-49.696838655886296,49.749061562265226,35.495202953457046,1.558266052465585,2.991853148327597,36,similarity,2,mean,0.0,profile_abs,le,500.0,-0.2,"7-9,11,17,18"
6.418228142618565,11.232996364240668,6.4768189354479615,-51.47724193803725,49.72559791633402,35.497560176475254,1.558266052465585,3.000019539258804,8,similarity,2,mean,0.0,profile_abs,ge,4000.0,-0.2,night
6.418241903619629,11.232996364240668,6.476832523817616,-49.238161356261166,49.72559791633402,35.497560176475254,1.558266052465585,2.991853148327597,1,hour,21,mean,0.0,ratio,le,0.05,-0.2,"0,7,8,9,17,21,22"
6.418303633584553,11.258181673710903,6.4768934793816975,-49.075481413655126,49.73109639126019,35.497560176475254,1.509518299768552,2.9823253550205466,353,similarity,2,mean,0.0,ratio,le,0.02,0.8,all
6.418334236531936,11.235606748377942,6.47692369841588,-50.32545366212007,49.72559791633402,35.497560176475254,1.558266052465585,2.99175753608153,24,daily,2,mean,-5.0,ratio,le,0.05,-0.1,night
6.418337525652719,11.232996364240668,6.476926946274728,-49.27252923060251,49.55317725413937,35.497560176475254,1.558266052465585,2.991853148327597,19,hour,21,mean,-250.0,ratio,le,0.05,-0.05,peakerr
6.418381473971999,11.209216271980207,6.476970343263456,-49.796745445318805,49.22583165943246,34.886889236667656,1.5658414275931696,2.991949261368147,278,hour,8,median,-100.0,ratio,le,0.05,-0.05,all
6.418402559018821,11.232996364240668,6.476991163798901,-51.02403959163407,50.12542172966293,35.497560176475254,1.558266052465585,2.991853148327597,4,similarity,2,mean,0.0,profile_abs,ge,4000.0,-0.2,morning
6.418437450849955,11.232996364240668,6.477025617912899,-49.07803688723041,49.72841648209891,35.497560176475254,1.558266052465585,2.991853148327597,10,hour,13,mean,-250.0,ratio,le,0.05,-0.3,"7-9,11,17,18"
6.418438109203612,11.199905660531572,6.477026268007524,-49.61804149858655,49.077814451568486,34.40543542351639,1.558266052465585,2.991853148327597,22,hour,2,mean,100.0,ratio,le,0.05,-0.05,lowday
6.418438109203612,11.199905660531572,6.477026268007524,-49.61804149858655,49.077814451568486,34.40543542351639,1.558266052465585,2.991853148327597,22,hour,2,median,100.0,ratio,le,0.05,-0.05,lowday
6.418449746894102,11.221543321621832,6.4770377597034825,-49.58342869359509,49.4391368657903,35.202902524678116,1.55772953582731,2.9869891760058316,168,hour,8,median,-100.0,ratio,le,0.05,-0.05,peakerr
6.418455844288904,11.232996364240668,6.477043780606623,-49.976314857601324,49.73475008299865,35.497560176475254,1.558266052465585,2.991853148327597,6,daily,3,mean,-5.0,ratio,le,0.05,-0.05,"7-9,11,17,18"
6.418489366867713,11.225507713314167,6.477076882645531,-49.55924103772224,49.456882319901496,35.32844799753592,1.55772953582731,2.9869891760058316,117,hour,8,median,0.0,ratio,le,0.05,-0.05,peakerr
6.418539414144418,11.188582258976517,6.477126302080419,-49.37984895591397,49.72559791633402,35.497560176475254,1.558266052465585,2.9939449563073506,31,hour,2,mean,100.0,ratio,le,0.05,-0.1,night
6.418539414144418,11.188582258976517,6.477126302080419,-49.37984895591397,49.72559791633402,35.497560176475254,1.558266052465585,2.9939449563073506,31,hour,2,median,100.0,ratio,le,0.05,-0.1,night
6.418548937759061,11.185082920913135,6.477135706221558,-49.625520003365295,49.72559791633402,35.497560176475254,1.5065456749827533,2.975015806956044,43,hour,13,mean,-500.0,ratio,le,0.05,-0.2,"0,7,8,9,17,21,22"
6.418595813539827,11.334191339008628,6.477181993946843,-46.783907244956346,52.81089316335409,38.439342259595854,1.558266052465585,2.991853148327597,516,similarity,2,mean,0.0,profile_abs,le,3000.0,0.05,midday
6.418630743743065,11.232996364240668,6.477216485951566,-49.97616993470976,49.40308524229669,35.497560176475254,1.558266052465585,2.991853148327597,8,daily,3,mean,-5.0,ratio,le,0.05,-0.1,day
6.418668095058175,11.232996364240668,6.477253368695377,-49.26203926680489,49.72559791633402,35.497560176475254,1.558266052465585,2.991853148327597,1,hour,21,mean,-250.0,ratio,le,0.05,-0.3,"7-9,11,17,18"
6.41868181792849,11.161004354501673,6.477266919412629,-51.81478157846753,48.9507004801214,34.48886615968211,1.5506359710445663,2.9901955996624636,381,hour,2,mean,-100.0,ratio,le,0.05,-0.05,all
6.41868181792849,11.161004354501673,6.477266919412629,-51.81478157846753,48.9507004801214,34.48886615968211,1.5506359710445663,2.9901955996624636,381,hour,2,median,-100.0,ratio,le,0.05,-0.05,all
6.418752715151589,11.232996364240668,6.477336927231865,-49.29168616150237,49.72658889929002,35.497560176475254,1.558266052465585,2.991853148327597,15,hour,21,mean,-500.0,ratio,le,0.05,-0.2,"7-9,11,17,18"
6.418792035534951,11.202542933231362,6.477375754342014,-49.695814275477815,49.077814451568486,34.40543542351639,1.558266052465585,2.991853148327597,23,hour,2,mean,100.0,ratio,le,0.05,-0.05,day
6.418792035534951,11.202542933231362,6.477375754342014,-49.695814275477815,49.077814451568486,34.40543542351639,1.558266052465585,2.991853148327597,23,hour,2,median,100.0,ratio,le,0.05,-0.05,day
6.418830496611647,11.257106427462409,6.47741373292548,-49.77605597229118,49.76074640674592,35.495202953457046,1.558266052465585,2.991853148327597,36,similarity,2,mean,0.0,profile_abs,le,500.0,-0.3,"7-9,11,17,18"
6.418832471419392,11.222717212101617,6.477415682959312,-48.29036071299803,49.15611408748683,35.06584771796442,1.558266052465585,2.991853148327597,102,hour,8,median,-100.0,ratio,le,0.05,-0.1,lowday
6.418853320631418,11.189488772001335,6.477436270618502,-49.61022006896639,49.81463852600801,35.521508957911976,1.558266052465585,2.991853148327597,107,hour,5,mean,-500.0,ratio,le,0.05,-0.05,"7-9,11,17,18"
6.418941237957725,11.236773525210726,6.477523085024179,-49.607316670307256,49.72587312911201,35.497560176475254,1.558266052465585,2.991853148327597,66,similarity,2,mean,0.0,ratio,le,0.02,0.8,"7-9,11,17,18"
6.4189560327296045,11.21307897224668,6.477537694196021,-48.827463668806615,49.32646384549129,34.79751861812424,1.558266052465585,2.991853148327597,133,hour,8,mean,-500.0,ratio,le,0.05,-0.05,lowday
6.418979277046177,11.232996364240668,6.477560646913233,-49.19684908406601,49.72559791633402,35.497560176475254,1.558266052465585,2.991853148327597,13,hour,13,mean,-250.0,ratio,le,0.05,-0.2,"0,7,8,9,17,21,22"
6.418979277046177,11.232996364240668,6.477560646913233,-49.19684908406601,49.72559791633402,35.497560176475254,1.558266052465585,2.991853148327597,11,hour,13,mean,-100.0,ratio,le,0.05,-0.2,"0,7,8,9,17,21,22"
6.418979277046177,11.232996364240668,6.477560646913233,-49.19684908406601,49.72559791633402,35.497560176475254,1.558266052465585,2.991853148327597,3,hour,21,mean,-100.0,ratio,le,0.05,-0.2,"0,7,8,9,17,21,22"
6.418990709038043,11.233346326264599,6.477571935491051,-49.3710844491365,49.9712942923381,35.33184676663213,1.558266052465585,2.991853148327597,22,hour,2,mean,100.0,ratio,le,0.05,-0.2,lowday
6.418990709038043,11.233346326264599,6.477571935491051,-49.3710844491365,49.9712942923381,35.33184676663213,1.558266052465585,2.991853148327597,22,hour,2,median,100.0,ratio,le,0.05,-0.2,lowday
6.419018432637268,11.16169337721733,6.477599311298425,-49.08836548858781,49.703875005262205,35.1882724100607,1.541074553481734,2.9776927193493985,363,hour,8,mean,-500.0,ratio,le,0.05,-0.1,all
6.419025560150571,11.232996364240668,6.477606349397255,-49.95258659326349,49.72559791633402,35.497560176475254,1.558266052465585,2.989904317978519,23,hour,21,mean,-250.0,ratio,le,0.05,-0.3,night
6.4190468060953725,11.213218247784628,6.477627328812218,-52.15116404308514,49.68562013847504,34.97269598225813,1.5617670192178554,2.9978037516906664,186,hour,3,mean,0.0,ratio,le,0.05,-0.1,all
6.41904830080549,11.17331856939854,6.477628804771235,-48.319325469367584,49.07246735884597,34.96299949440504,1.532405863724169,2.9834344776418202,137,hour,13,mean,-500.0,ratio,le,0.05,-0.1,peakerr
6.419072828657322,11.224105573899479,6.477653024921788,-49.29961588415128,48.948118290743885,35.21600412346908,1.558266052465585,2.991853148327597,84,hour,5,median,0.0,ratio,le,0.05,-0.05,midday
6.419074320734146,11.207526168464575,6.477654498280545,-48.786111692389085,49.140125121089106,34.856128998238525,1.558266052465585,2.991853148327597,169,hour,2,mean,-250.0,ratio,le,0.05,-0.05,midday
6.419074320734146,11.207526168464575,6.477654498280545,-48.786111692389085,49.140125121089106,34.856128998238525,1.558266052465585,2.991853148327597,169,hour,2,median,-250.0,ratio,le,0.05,-0.05,midday
6.419075309808258,11.180010226312408,6.477655474946747,-48.02492399742238,49.97423109331872,35.45319024170155,1.534739118734561,2.978892321593887,194,hour,8,mean,-500.0,ratio,le,0.05,-0.1,peakerr
6.419124668315746,11.232996364240668,6.477704214253012,-51.93191052397611,49.601895500578706,35.497560176475254,1.5723403339161452,3.0021561637614997,24,similarity,2,mean,0.0,profile_abs,ge,4000.0,-0.1,all
6.41916039065224,11.196567826474299,6.4777394884537,-50.1471021447046,49.72559791633402,35.497560176475254,1.540586364303545,2.9773984439055607,140,hour,3,mean,-500.0,ratio,le,0.05,-0.05,evening
6.419202228588778,11.21307897224668,6.477780801534387,-48.63437686208999,49.32646384549129,34.79751861812424,1.558266052465585,2.991853148327597,140,hour,8,mean,-500.0,ratio,le,0.05,-0.05,day
6.41925664191424,11.224105573899479,6.47783453224606,-49.30991425269755,48.948118290743885,35.21600412346908,1.558266052465585,2.991853148327597,86,hour,5,median,0.0,ratio,le,0.05,-0.05,day
6.41927681233883,11.172027879288777,6.477854449633186,-50.201935796284964,49.72559791633402,35.497560176475254,1.541074553481734,2.9776927193493985,77,hour,8,mean,-500.0,ratio,le,0.05,-0.1,evening
6.419281595171272,11.215389591044115,6.477859172465116,-48.99498144508216,49.22583165943246,34.886889236667656,1.558266052465585,2.991853148327597,102,hour,8,median,-100.0,ratio,le,0.05,-0.05,lowday
6.419361772333502,11.21266869286128,6.47793834380688,-48.34951291223754,49.76806293257702,34.768865653247545,1.558266052465585,2.991853148327597,14,hour,2,mean,250.0,ratio,le,0.05,-0.3,midday
6.419361772333502,11.21266869286128,6.47793834380688,-48.34951291223754,49.76806293257702,34.768865653247545,1.558266052465585,2.991853148327597,14,hour,2,median,250.0,ratio,le,0.05,-0.3,midday
6.419369288993668,11.232996364240668,6.477945766170736,-50.20397488518989,49.72559791633402,35.497560176475254,1.558266052465585,2.9938947460603984,8,similarity,2,mean,0.0,profile_abs,ge,4000.0,-0.05,night
6.419380493624615,11.224105573899479,6.477956830239871,-49.3168532003009,48.948118290743885,35.21600412346908,1.558266052465585,2.991853148327597,85,hour,5,median,0.0,ratio,le,0.05,-0.05,lowday
6.419402856537077,11.232996364240668,6.477978912610162,-50.03840080521314,49.72559791633402,35.497560176475254,1.558266052465585,2.9910214306159055,8,daily,3,mean,-5.0,ratio,le,0.05,-0.1,night
6.419426177458833,11.202895239293666,6.478001940971547,-50.727705515816,49.144432948012025,34.689834068829015,1.558266052465585,2.991853148327597,24,daily,2,mean,-5.0,ratio,le,0.05,-0.1,day
6.419437531236667,11.234301556309303,6.478013152316526,-49.99767862046064,49.72559791633402,35.497560176475254,1.558266052465585,2.991805342204563,24,daily,2,mean,-5.0,ratio,le,0.05,-0.05,night
6.419446962238613,11.232996364240668,6.478022465006792,-49.637062247160706,49.72559791633402,35.497560176475254,1.558266052465585,2.991853148327597,26,hour,21,mean,-500.0,ratio,le,0.05,-0.05,"0,7,8,9,17,21,22"
6.419489771559326,11.222645385942288,6.4780647372856635,-49.188184534904245,49.623446218634854,35.08136442701517,1.558266052465585,2.991853148327597,19,hour,2,mean,100.0,ratio,le,0.05,-0.1,midday
6.419489771559326,11.222645385942288,6.4780647372856635,-49.188184534904245,49.623446218634854,35.08136442701517,1.558266052465585,2.991853148327597,19,hour,2,median,100.0,ratio,le,0.05,-0.1,midday
6.419519893768559,11.222717212101617,6.478094481612545,-48.32887441335572,49.15611408748683,35.06584771796442,1.558266052465585,2.991853148327597,103,hour,8,median,-100.0,ratio,le,0.05,-0.1,day
6.41952597277928,11.202512121764723,6.478100484362232,-49.89954137125023,49.72559791633402,35.497560176475254,1.5503265609110155,2.97832251437598,77,hour,8,mean,-500.0,ratio,le,0.05,-0.05,evening
6.419569140799987,11.191758528220811,6.478143110841213,-49.982276535368655,49.373152963243236,34.84347583244662,1.5600165358417204,2.9935582349081478,51,hour,2,mean,250.0,ratio,le,0.05,-0.05,all
6.419569140799987,11.191758528220811,6.478143110841213,-49.982276535368655,49.373152963243236,34.84347583244662,1.5600165358417204,2.9935582349081478,51,hour,2,median,250.0,ratio,le,0.05,-0.05,all
6.419625306345855,11.215389591044115,6.478198571791734,-49.01423829526101,49.22583165943246,34.886889236667656,1.558266052465585,2.991853148327597,103,hour,8,median,-100.0,ratio,le,0.05,-0.05,day
6.4196417193176245,11.232543527908005,6.478214778863188,-48.87950512791076,50.07324174914024,35.218025469232586,1.558266052465585,2.991853148327597,22,hour,2,mean,100.0,ratio,le,0.05,-0.3,lowday
6.4196417193176245,11.232543527908005,6.478214778863188,-48.87950512791076,50.07324174914024,35.218025469232586,1.558266052465585,2.991853148327597,22,hour,2,median,100.0,ratio,le,0.05,-0.3,lowday
6.4196424650862545,11.232996364240668,6.47821551527617,-48.09874359080031,49.43976646146403,35.497560176475254,1.558266052465585,2.991853148327597,12,hour,21,mean,-250.0,ratio,le,0.05,-0.2,day
6.4196424650862545,11.232996364240668,6.47821551527617,-48.09874359080031,49.43976646146403,35.497560176475254,1.558266052465585,2.991853148327597,12,hour,21,mean,-250.0,ratio,le,0.05,-0.2,lowday
6.4196424650862545,11.232996364240668,6.47821551527617,-48.09874359080031,49.43976646146403,35.497560176475254,1.558266052465585,2.991853148327597,12,hour,21,mean,-250.0,ratio,le,0.05,-0.2,midday
6.419665871520619,11.222987118561063,6.478238628077407,-49.67277405456973,49.72579096496182,35.497560176475254,1.558266052465585,2.991853148327597,66,similarity,2,mean,0.0,ratio,le,0.08,-0.3,morning
6.419678016714643,11.22720783632684,6.478250620910281,-49.414975595078836,49.601864004717086,35.31424744390712,1.558266052465585,2.991853148327597,4,hour,3,median,500.0,ratio,le,0.05,-0.3,day
6.419678016714643,11.22720783632684,6.478250620910281,-49.414975595078836,49.601864004717086,35.31424744390712,1.558266052465585,2.991853148327597,4,hour,3,median,500.0,ratio,le,0.05,-0.3,lowday
6.419678016714643,11.22720783632684,6.478250620910281,-49.414975595078836,49.601864004717086,35.31424744390712,1.558266052465585,2.991853148327597,4,hour,3,median,500.0,ratio,le,0.05,-0.3,midday
6.419739622276966,11.241455522455993,6.478311453632387,-48.85393677344475,50.05808149067794,35.53172274931051,1.558266052465585,2.991853148327597,128,similarity,2,mean,0.0,profile_abs,le,1000.0,0.05,morning
6.419801630646789,11.195162613338379,6.478372684108784,-49.34080208762217,49.72559791633402,35.497560176475254,1.558266052465585,2.991853148327597,7,daily,1,mean,-2.0,ratio,le,0.05,0.5,lowday
6.419801630646789,11.195162613338379,6.478372684108784,-49.34080208762217,49.72559791633402,35.497560176475254,1.558266052465585,2.991853148327597,6,daily,1,mean,-2.0,ratio,le,0.05,0.5,midday
6.419801630646789,11.195162613338379,6.478372684108784,-49.34080208762217,49.72559791633402,35.497560176475254,1.558266052465585,2.991853148327597,7,daily,1,mean,0.0,ratio,le,0.05,0.5,lowday
6.419801630646789,11.195162613338379,6.478372684108784,-49.34080208762217,49.72559791633402,35.497560176475254,1.558266052465585,2.991853148327597,6,daily,1,mean,0.0,ratio,le,0.05,0.5,midday
6.419801630646789,11.195162613338379,6.478372684108784,-49.34080208762217,49.72559791633402,35.497560176475254,1.558266052465585,2.991853148327597,7,daily,1,mean,1.0,ratio,le,0.05,0.5,lowday
6.419801630646789,11.195162613338379,6.478372684108784,-49.34080208762217,49.72559791633402,35.497560176475254,1.558266052465585,2.991853148327597,6,daily,1,mean,1.0,ratio,le,0.05,0.5,midday
6.419801630646789,11.195162613338379,6.478372684108784,-49.34080208762217,49.72559791633402,35.497560176475254,1.558266052465585,2.991853148327597,7,daily,1,mean,2.0,ratio,le,0.05,0.5,lowday
6.419801630646789,11.195162613338379,6.478372684108784,-49.34080208762217,49.72559791633402,35.497560176475254,1.558266052465585,2.991853148327597,6,daily,1,mean,2.0,ratio,le,0.05,0.5,midday
6.419871556944931,11.239779462218472,6.478441733183289,-49.44512901659818,49.72559791633402,35.497560176475254,1.558266052465585,2.9895801687080805,79,hour,5,mean,-100.0,ratio,le,0.05,-0.2,night
6.41987905180022,11.232977053417189,6.478449134015809,-49.617324984136495,49.73653419056575,35.495202953457046,1.558266052465585,2.991853148327597,36,similarity,2,mean,0.0,profile_abs,le,500.0,-0.1,"7-9,11,17,18"
6.419907179130894,11.224166056882625,6.478476908489834,-49.1934601795643,49.72559791633402,35.497560176475254,1.558266052465585,2.991853148327597,14,hour,8,mean,-250.0,ratio,le,0.05,0.1,"7-9,17"
6.419954294874912,11.163420678382858,6.4785234331680375,-49.39839087171715,49.72559791633402,35.497560176475254,1.558266052465585,2.985481555269214,105,hour,3,mean,-100.0,ratio,le,0.05,-0.3,night
6.419955121799019,11.231082611721387,6.478524249718403,-48.14030232534494,49.334930469233896,35.33076554960527,1.558266052465585,2.991853148327597,101,hour,8,median,-100.0,ratio,le,0.05,-0.1,midday
6.419961410927449,11.232996364240668,6.478530459949876,-49.91629651760412,49.642414176364895,35.497560176475254,1.558266052465585,2.991853148327597,11,hour,8,mean,0.0,ratio,le,0.05,0.05,peakerr
6.419961410927449,11.232996364240668,6.478530459949876,-49.91629651760412,49.642414176364895,35.497560176475254,1.558266052465585,2.991853148327597,7,hour,8,mean,0.0,ratio,le,0.05,0.05,day
6.419961410927449,11.232996364240668,6.478530459949876,-49.91629651760412,49.642414176364895,35.497560176475254,1.558266052465585,2.991853148327597,7,hour,8,mean,0.0,ratio,le,0.05,0.05,lowday
6.419961410927449,11.232996364240668,6.478530459949876,-49.91629651760412,49.642414176364895,35.497560176475254,1.558266052465585,2.991853148327597,7,hour,8,mean,0.0,ratio,le,0.05,0.05,midday
6.419969486776278,11.233960994975993,6.478538434487385,-49.75252841418536,49.72559791633402,35.497560176475254,1.558266052465585,2.989694161446987,188,hour,5,mean,-500.0,ratio,le,0.05,-0.05,night
6.419991772120938,11.231505399741657,6.478560440262962,-50.49442343423498,49.72559791633402,35.497560176475254,1.5442832851830235,2.9794999007549303,100,hour,3,median,-100.0,ratio,le,0.05,-0.05,evening
6.420003731637104,11.2176958543137,6.478572249747301,-49.25424543900385,49.72559791633402,35.497560176475254,1.558266052465585,2.991853148327597,19,hour,8,mean,-100.0,ratio,le,0.05,-0.2,"0,7,8,9,17,21,22"
6.420017324464878,11.232754578656918,6.478585672053394,-49.277628796943915,49.72559791633402,35.497560176475254,1.557916293314965,2.9767887824375965,87,hour,13,median,-250.0,ratio,le,0.05,0.05,"0,7,8,9,17,21,22"
6.420024626935869,11.21312587229677,6.478592882915074,-49.87508057335385,49.72559791633402,35.497560176475254,1.558266052465585,2.991853148327597,92,similarity,2,mean,0.0,absdiff,le,500.0,-0.2,"7-9,17"
6.4200552591013995,11.213563254562546,6.478623130800863,-48.016082433424245,49.63929355035615,35.15212403556639,1.558266052465585,2.991853148327597,208,hour,3,mean,-500.0,ratio,le,0.05,-0.05,midday
6.420103207270287,11.232996364240668,6.47867047746119,-49.622308921459386,49.72559791633402,35.497560176475254,1.558266052465585,2.9905312436855587,23,hour,21,mean,-250.0,ratio,le,0.05,-0.05,night
6.420111485491953,11.26027335895606,6.478678651832776,-47.603515931626355,49.72559791633402,35.497560176475254,1.558266052465585,2.991853148327597,128,similarity,2,mean,0.0,profile_abs,le,1000.0,0.1,"7-9,17"
6.420114020956093,11.164498911047657,6.478681155489581,-50.38028270368068,49.72658299100667,35.497560176475254,1.558266052465585,2.991853148327597,31,hour,8,median,0.0,ratio,le,0.05,-0.3,"7-9,11,17,18"
6.420137494066921,11.232996364240668,6.47870433413083,-49.87565984607604,49.45371392198184,35.497560176475254,1.558266052465585,2.991853148327597,4,daily,3,mean,-5.0,ratio,le,0.05,-0.1,morning
6.420140906430026,11.246962506217757,6.478707703685926,-49.27593039057993,49.729034463162876,35.497560176475254,1.527798707029939,2.9852962765887994,353,similarity,2,mean,0.0,ratio,le,0.02,0.5,all
6.420157812100491,11.227903345071857,6.478689788447713,-47.466948351237804,49.9554093467041,35.829353268716105,1.558266052465585,2.991853148327597,175,similarity,2,mean,0.0,ratio,le,0.4,0.1,midday
6.4201804561603595,11.233506735520313,6.478746757265896,-49.813278117316756,49.72559791633402,35.497560176475254,1.558266052465585,2.990364733561302,8,hour,3,mean,250.0,ratio,le,0.05,-0.2,night
6.420203416781287,11.266308502879758,6.478769429846415,-49.42406235623409,49.72559791633402,35.497560176475254,1.558266052465585,2.991853148327597,64,similarity,2,mean,0.0,profile_abs,le,750.0,0.1,"7-9,17"
6.420206872927242,11.232996364240668,6.478772842635109,-50.00312271416592,49.67633614586679,35.497560176475254,1.558266052465585,2.989532262926837,13,daily,3,mean,-5.0,ratio,le,0.05,-0.05,peakerr
6.420221366896441,11.213055429936727,6.47878715477783,-50.00761485063678,49.72559791633402,35.497560176475254,1.558266052465585,2.991853148327597,92,similarity,2,mean,0.0,absdiff,le,500.0,-0.3,"7-9,17"
6.4202240084979225,11.232996364240668,6.4787897632404885,-48.92087733442959,49.380756591944724,35.497560176475254,1.558266052465585,2.991853148327597,12,hour,21,mean,-250.0,ratio,le,0.05,-0.1,day
6.4202240084979225,11.232996364240668,6.4787897632404885,-48.92087733442959,49.380756591944724,35.497560176475254,1.558266052465585,2.991853148327597,12,hour,21,mean,-250.0,ratio,le,0.05,-0.1,lowday
6.4202240084979225,11.232996364240668,6.4787897632404885,-48.92087733442959,49.380756591944724,35.497560176475254,1.558266052465585,2.991853148327597,12,hour,21,mean,-250.0,ratio,le,0.05,-0.1,midday
6.420227844773222,11.161094712623651,6.4787935513898125,-49.26256254710841,49.63929355035615,35.15212403556639,1.5396975948840956,2.97626531215582,370,hour,3,mean,-500.0,ratio,le,0.05,-0.05,peakerr
6.420248482606526,11.23638791322957,6.478813930322021,-49.50069120184836,49.72559791633402,35.497560176475254,1.558266052465585,2.990716658517839,79,hour,5,mean,-100.0,ratio,le,0.05,-0.1,night
6.4202845272679925,11.23791041390931,6.478849522804123,-50.97573505950949,49.80587496181224,35.45867861524164,1.558266052465585,2.991853148327597,18,daily,2,mean,-5.0,ratio,le,0.05,-0.1,"7-9,11,17,18"
6.4203125684994715,11.233692973878098,6.478877212259065,-49.36994652461904,49.729034463162876,35.497560176475254,1.5291068920851116,2.982548278799828,136,similarity,2,mean,0.0,ratio,le,0.02,0.5,peakerr
6.420357706188572,11.267969751974162,6.478921783696999,-49.62942070611967,49.72559791633402,35.497560176475254,1.5533594045113106,2.9911396146925022,112,similarity,2,mean,0.0,profile_abs,le,750.0,0.1,"0,7,8,9,17,21,22"
6.420370688564238,11.215807255822199,6.478934603209092,-49.257451022166464,49.72559791633402,35.497560176475254,1.558266052465585,2.9812322059455187,51,hour,5,mean,0.0,ratio,le,0.05,-0.3,night
6.4203746267182185,11.223345126351687,6.478938491959033,-49.11066210294114,49.31109220851427,35.147723029862355,1.558266052465585,2.991853148327597,82,hour,2,mean,0.0,ratio,le,0.05,-0.05,midday
6.4203746267182185,11.223345126351687,6.478938491959033,-49.11066210294114,49.31109220851427,35.147723029862355,1.558266052465585,2.991853148327597,82,hour,2,median,0.0,ratio,le,0.05,-0.05,midday
6.4203876049505375,11.216708445365661,6.478951307379756,-48.79628771156607,49.69542102738664,34.92511504013136,1.558266052465585,2.991853148327597,14,hour,2,mean,250.0,ratio,le,0.05,-0.2,midday
6.4203876049505375,11.216708445365661,6.478951307379756,-48.79628771156607,49.69542102738664,34.92511504013136,1.558266052465585,2.991853148327597,14,hour,2,median,250.0,ratio,le,0.05,-0.2,midday
6.4204241321279945,11.217415512679164,6.4789873763246995,-49.75038742289155,49.72572510869961,35.497560176475254,1.558266052465585,2.991853148327597,117,similarity,2,mean,0.0,ratio,le,0.08,-0.2,"7-9,11,17,18"
6.420424969765698,11.249237662112737,6.478988203454258,-49.61971636245382,49.72559791633402,35.497560176475254,1.5558127284884484,2.99149638151005,112,similarity,2,mean,0.0,profile_abs,le,750.0,0.05,"0,7,8,9,17,21,22"
6.420431085038746,11.230387026879288,6.478976937597625,-48.51961281335312,49.8139908400974,35.66345672259568,1.558266052465585,2.991853148327597,175,similarity,2,mean,0.0,ratio,le,0.4,0.05,midday
6.420444069496647,11.212382798250276,6.479007063579566,-49.3931208985477,49.443962740449194,34.816446595374316,1.558266052465585,2.991853148327597,16,hour,2,mean,250.0,ratio,le,0.05,-0.1,day
6.420444069496647,11.212382798250276,6.479007063579566,-49.3931208985477,49.443962740449194,34.816446595374316,1.558266052465585,2.991853148327597,16,hour,2,mean,250.0,ratio,le,0.05,-0.1,lowday
6.420444069496647,11.212382798250276,6.479007063579566,-49.3931208985477,49.443962740449194,34.816446595374316,1.558266052465585,2.991853148327597,16,hour,2,median,250.0,ratio,le,0.05,-0.1,day
6.420444069496647,11.212382798250276,6.479007063579566,-49.3931208985477,49.443962740449194,34.816446595374316,1.558266052465585,2.991853148327597,16,hour,2,median,250.0,ratio,le,0.05,-0.1,lowday
6.4204495687547505,11.207140587320831,6.479012493849616,-49.134858975468866,49.72559791633402,35.497560176475254,1.558266052465585,2.991853148327597,7,hour,5,median,100.0,ratio,le,0.05,-0.3,night
6.420449596869717,11.199990916515636,6.479012521611879,-49.377105208959385,49.72559791633402,35.497560176475254,1.558266052465585,2.991853148327597,8,daily,1,mean,-2.0,ratio,le,0.05,0.5,day
6.420449596869717,11.199990916515636,6.479012521611879,-49.377105208959385,49.72559791633402,35.497560176475254,1.558266052465585,2.991853148327597,8,daily,1,mean,0.0,ratio,le,0.05,0.5,day
6.420449596869717,11.199990916515636,6.479012521611879,-49.377105208959385,49.72559791633402,35.497560176475254,1.558266052465585,2.991853148327597,8,daily,1,mean,1.0,ratio,le,0.05,0.5,day
6.420449596869717,11.199990916515636,6.479012521611879,-49.377105208959385,49.72559791633402,35.497560176475254,1.558266052465585,2.991853148327597,8,daily,1,mean,2.0,ratio,le,0.05,0.5,day
6.420470679399642,11.200148012429931,6.479033339662004,-49.588547357538495,49.72559791633402,35.497560176475254,1.558266052465585,2.9807104196550243,5,daily,2,mean,-2.0,ratio,le,0.05,0.3,evening
6.42051614965444,11.232996364240668,6.479078239493609,-49.97935662620018,49.72559791633402,35.497560176475254,1.558266052465585,2.989532262926837,7,daily,3,mean,-5.0,ratio,le,0.05,-0.05,"0,7,8,9,17,21,22"
6.420549812670274,11.233692973878098,6.479111480207761,-49.350637956612104,49.72559791633402,35.497560176475254,1.5291068920851116,2.982548278799828,110,similarity,2,mean,0.0,ratio,le,0.02,0.5,"0,7,8,9,17,21,22"
6.420571773669879,11.156366615928317,6.479133165707187,-53.34121316213078,48.6152870705083,34.11327321500529,1.5637912122073998,3.0005778010996678,278,hour,2,mean,0.0,ratio,le,0.05,-0.1,all
6.420571773669879,11.156366615928317,6.479133165707187,-53.34121316213078,48.6152870705083,34.11327321500529,1.5637912122073998,3.0005778010996678,278,hour,2,median,0.0,ratio,le,0.05,-0.1,all
6.420582565550995,11.223057830306143,6.479143822204423,-48.76853382502592,49.585538905003844,35.113531906134696,1.558266052465585,2.991853148327597,130,hour,8,mean,-500.0,ratio,le,0.05,-0.05,midday
6.420584627969047,11.232996364240668,6.4791458587494954,-49.255361931082916,49.727476960177285,35.497560176475254,1.558266052465585,2.991853148327597,10,hour,13,mean,-250.0,ratio,le,0.05,-0.2,"7-9,11,17,18"
6.420587548060879,11.221536958628354,6.4791487422088485,-49.35705181047717,49.72559791633402,35.497560176475254,1.558266052465585,2.9847725200728776,51,hour,5,mean,0.0,ratio,le,0.05,-0.2,night
6.420594601480061,11.224166056882625,6.479155707143066,-49.231973879921995,49.72559791633402,35.497560176475254,1.558266052465585,2.991853148327597,13,hour,8,mean,-250.0,ratio,le,0.05,0.1,morning
6.420596869692079,11.19748842119717,6.479157946900421,-48.96639642477995,49.72559791633402,35.497560176475254,1.558266052465585,2.985638509441025,143,hour,3,median,0.0,ratio,le,0.05,-0.1,night
6.420600917224112,11.232996364240668,6.479161943656268,-49.37032805583519,49.72559791633402,35.497560176475254,1.558266052465585,2.991853148327597,2,hour,21,mean,0.0,ratio,le,0.05,-0.1,night
6.420602922587807,11.218911052951125,6.4791639238627265,-49.79924193027051,49.456882319901496,35.32844799753592,1.5590420517020225,2.994898835164005,187,hour,8,median,0.0,ratio,le,0.05,-0.05,all
6.42060763895713,11.232996364240668,6.479168581065317,-49.33860382214096,49.72559791633402,35.497560176475254,1.558266052465585,2.991853148327597,6,similarity,2,mean,0.0,profile_abs,le,250.0,-0.3,"7-9,11,17,18"
6.420608539388999,11.195499913826042,6.47916947020129,-50.111688051089914,49.22169144501405,34.97181804325407,1.558266052465585,2.991853148327597,70,hour,21,median,-500.0,ratio,le,0.05,-0.05,morning
6.420614615097889,11.190783991506562,6.479175469690565,-49.88213398358863,49.46652285682146,35.181546888464794,1.558266052465585,2.991853148327597,35,hour,8,mean,-500.0,ratio,le,0.05,-0.05,morning
6.420614996128414,11.211029368697568,6.479175845941073,-49.42884977203281,49.72559791633402,35.497560176475254,1.558266052465585,2.9915759380819047,17,hour,2,mean,250.0,ratio,le,0.05,-0.05,night
6.420614996128414,11.211029368697568,6.479175845941073,-49.42884977203281,49.72559791633402,35.497560176475254,1.558266052465585,2.9915759380819047,17,hour,2,median,250.0,ratio,le,0.05,-0.05,night
6.420620774325633,11.225368449103575,6.479181551650955,-48.919952251255616,49.4391368657903,35.202902524678116,1.558266052465585,2.991853148327597,101,hour,8,median,-100.0,ratio,le,0.05,-0.05,midday
6.420625825634585,11.219068797568678,6.479186539591364,-49.68710697908673,49.5678018555713,35.17649856887158,1.558266052465585,2.991853148327597,156,similarity,2,mean,0.0,reldiff,le,0.01,1.0,day
6.420634255136104,11.187331395445327,6.4791948633450005,-50.12364200005491,49.72658496043445,35.497560176475254,1.558266052465585,2.991853148327597,31,hour,8,median,0.0,ratio,le,0.05,-0.2,"7-9,11,17,18"
6.420644276833924,11.248407037565537,6.479204759320877,-49.51703718751102,49.72559791633402,35.497560176475254,1.558266052465585,2.991853148327597,64,similarity,2,mean,0.0,profile_abs,le,750.0,0.05,"7-9,17"
6.420704889662986,11.23628497206915,6.479264611763534,-47.94495578424021,49.89215872569942,35.421462676673976,1.558266052465585,2.991853148327597,10,hour,3,mean,100.0,ratio,le,0.05,-0.3,midday
6.420707572828298,11.208117472338738,6.479267261268607,-50.26536616264753,49.204853906488125,34.78245081773217,1.558266052465585,2.991853148327597,24,daily,2,mean,-5.0,ratio,le,0.05,-0.05,day
6.420712875342025,11.211384302570522,6.479272497262431,-49.991045951400984,49.34169076357691,35.367034172967436,1.5609569778456682,3.0002369503016957,187,hour,8,median,0.0,ratio,le,0.05,-0.1,all
6.420738390774526,11.232996364240668,6.479297692604481,-49.37803018413258,49.72559791633402,35.497560176475254,1.558266052465585,2.991853148327597,1,hour,21,mean,-250.0,ratio,le,0.05,-0.2,"7-9,11,17,18"
6.42074053936037,11.232996364240668,6.479299814236369,-50.22258101642031,49.55923043639577,35.497560176475254,1.558266052465585,2.991853148327597,11,hour,8,mean,0.0,ratio,le,0.05,0.1,peakerr
6.42074053936037,11.232996364240668,6.479299814236369,-50.22258101642031,49.55923043639577,35.497560176475254,1.558266052465585,2.991853148327597,7,hour,8,mean,0.0,ratio,le,0.05,0.1,day
6.42074053936037,11.232996364240668,6.479299814236369,-50.22258101642031,49.55923043639577,35.497560176475254,1.558266052465585,2.991853148327597,7,hour,8,mean,0.0,ratio,le,0.05,0.1,lowday
6.42074053936037,11.232996364240668,6.479299814236369,-50.22258101642031,49.55923043639577,35.497560176475254,1.558266052465585,2.991853148327597,7,hour,8,mean,0.0,ratio,le,0.05,0.1,midday
6.420743381901717,11.234498124769274,6.479302621118106,-49.02648377932071,49.465759550556,35.713811581977,1.558266052465585,2.991853148327597,192,similarity,2,mean,0.0,profile_abs,le,1000.0,0.05,midday
6.420748220599652,11.202216103343337,6.479307399114699,-49.09919859615552,49.72559791633402,35.497560176475254,1.558266052465585,2.9880059028461208,7,daily,2,mean,-2.0,ratio,le,0.05,0.3,"0,7,8,9,17,21,22"
6.420761610259289,11.208522207468977,6.479320620801396,-49.38220641072297,49.81142008464497,35.72701619028699,1.5606323590660816,2.9870768289216825,78,similarity,2,mean,0.0,profile_abs,le,500.0,-0.1,peakerr
6.420773937374272,11.207490524818956,6.479332793273033,-50.26086734256761,49.144432948012025,34.689834068829015,1.558266052465585,2.991853148327597,21,daily,2,mean,-5.0,ratio,le,0.05,-0.1,lowday
6.420821628267012,11.22320995966191,6.4793798858847325,-49.08275186971693,49.84228673682697,35.497560176475254,1.5591548218850342,2.989494655740817,177,hour,5,mean,-100.0,ratio,le,0.05,-0.05,all
6.4208393617605175,11.202895239293666,6.479397396912014,-50.03516446680215,49.18039241198069,34.689834068829015,1.558266052465585,2.991853148327597,8,daily,2,mean,-2.0,ratio,le,0.05,-0.1,day
6.420840693485963,11.232996364240668,6.4793987119309975,-48.82915991319853,49.72559791633402,35.497560176475254,1.558266052465585,3.0015180682942613,10,hour,21,mean,-100.0,ratio,le,0.05,-0.3,night
6.4208703895701404,11.225346109277185,6.479428035478552,-50.954653975685524,49.72559791633402,35.497560176475254,1.5596444619709557,2.982923260097822,67,hour,8,median,-100.0,ratio,le,0.05,-0.1,"0,7,8,9,17,21,22"
6.4208765500134835,11.232996364240668,6.479434118639288,-49.56467486058717,49.72559791633402,35.497560176475254,1.558266052465585,2.991853148327597,12,hour,21,mean,-500.0,ratio,le,0.05,-0.3,morning
6.4208765500134835,11.232996364240668,6.479434118639288,-49.56467486058717,49.72559791633402,35.497560176475254,1.558266052465585,2.991853148327597,12,hour,21,mean,-500.0,ratio,le,0.05,-0.3,"7-9,17"
6.420920109286382,11.230350869827955,6.479247484783435,-50.48028039471186,49.98775204551096,35.5444566423061,1.558266052465585,2.991853148327597,346,similarity,2,mean,0.0,reldiff,le,0.12,-0.05,"7-9,11,17,18"
6.420921583264949,11.20562077917683,6.4794785869497575,-49.597337044121296,49.70702851721754,35.45867861524164,1.558266052465585,2.991853148327597,38,hour,13,mean,-500.0,ratio,le,0.05,-0.05,"7-9,11,17,18"
6.420929264966382,11.24613048677617,6.4794861722844415,-49.0965114853513,49.72559791633402,35.497560176475254,1.5010315663615421,2.98186957200149,110,similarity,2,mean,0.0,ratio,le,0.02,1.0,evening
6.420929781952685,11.220975128659564,6.479486682785164,-49.67168798702698,49.55968473643977,35.212868699444485,1.558266052465585,2.991853148327597,156,similarity,2,mean,0.0,reldiff,le,0.01,0.8,day
6.420939096424642,11.221275964576307,6.479495880407307,-47.3549495491211,49.980947174372254,34.94959915254006,1.558266052465585,2.991853148327597,82,hour,2,mean,0.0,ratio,le,0.05,-0.2,midday
6.420939096424642,11.221275964576307,6.479495880407307,-47.3549495491211,49.980947174372254,34.94959915254006,1.558266052465585,2.991853148327597,82,hour,2,median,0.0,ratio,le,0.05,-0.2,midday
6.4209827003695885,11.229171236758926,6.47953893734187,-50.10984736357076,49.72559791633402,35.497560176475254,1.55772953582731,2.9869891760058316,53,hour,8,median,0.0,ratio,le,0.05,-0.05,"0,7,8,9,17,21,22"
6.4209867237603095,11.248733305370855,6.479542910259255,-49.44760550662159,49.658490271134106,35.404873089572284,1.5558127284884484,2.99149638151005,208,similarity,2,mean,0.0,profile_abs,le,750.0,0.05,peakerr
6.420987364005139,11.22322214794729,6.479543542472229,-49.651853375975804,49.72572661541923,35.497560176475254,1.558266052465585,2.991853148327597,66,similarity,2,mean,0.0,ratio,le,0.08,-0.2,morning
6.421007960400027,11.21130142790115,6.479563880485865,-49.39313316091908,49.72559791633402,35.497560176475254,1.558266052465585,2.991853148327597,5,hour,2,mean,500.0,ratio,le,0.05,-0.1,night
6.421007960400027,11.21130142790115,6.479563880485865,-49.39313316091908,49.72559791633402,35.497560176475254,1.558266052465585,2.991853148327597,5,hour,2,median,500.0,ratio,le,0.05,-0.1,night
6.421026068584011,11.195475089362882,6.479581761503142,-49.15393183348014,49.16741130033511,34.36071497150791,1.558266052465585,2.991853148327597,117,hour,3,median,0.0,ratio,le,0.05,-0.05,lowday
6.421040822176449,11.232996364240668,6.479596330012137,-49.85415219200718,49.72559791633402,35.497560176475254,1.558266052465585,2.9914372894717514,8,daily,3,mean,-5.0,ratio,le,0.05,-0.05,night
6.421057811735481,11.213583635783596,6.479613106437582,-49.82720902114665,49.332511994043266,34.915200388382075,1.5548669054301163,2.9851531534474964,54,hour,3,median,100.0,ratio,le,0.05,-0.05,all
6.421067894886469,11.209585597256229,6.479623063095696,-49.44846648687295,49.72559791633402,35.497560176475254,1.558266052465585,2.992899052317474,31,hour,2,mean,100.0,ratio,le,0.05,-0.05,night
6.421067894886469,11.209585597256229,6.479623063095696,-49.44846648687295,49.72559791633402,35.497560176475254,1.558266052465585,2.992899052317474,31,hour,2,median,100.0,ratio,le,0.05,-0.05,night
6.421086987947663,11.219228801548505,6.478920378963786,-49.43977798153984,49.72559791633402,35.497560176475254,1.558266052465585,2.9875534464975613,424,similarity,2,mean,0.0,reldiff,le,0.08,-0.05,night
6.421088107434411,11.230517751922457,6.479643022077737,-49.9877916848538,49.72559791633402,35.497560176475254,1.5514677583946481,2.982271073123391,13,hour,3,median,100.0,ratio,le,0.05,-0.1,evening
6.421089593443206,11.233251549880492,6.479644489444588,-49.68476575220767,49.72559791633402,35.497560176475254,1.558266052465585,2.991108940944449,8,hour,3,mean,250.0,ratio,le,0.05,-0.1,night
6.4210970587225455,11.21158663078392,6.479651861072188,-51.59097659870255,49.56986022256066,35.11060029933306,1.558266052465585,2.991853148327597,24,daily,2,mean,-5.0,ratio,le,0.05,-0.2,day
6.421097279072181,11.225600775435979,6.479652078657544,-48.6597031416369,50.044495418718796,35.17840248711187,1.558266052465585,2.991853148327597,16,hour,2,mean,250.0,ratio,le,0.05,-0.3,day
6.421097279072181,11.225600775435979,6.479652078657544,-48.6597031416369,50.044495418718796,35.17840248711187,1.558266052465585,2.991853148327597,16,hour,2,mean,250.0,ratio,le,0.05,-0.3,lowday
6.421097279072181,11.225600775435979,6.479652078657544,-48.6597031416369,50.044495418718796,35.17840248711187,1.558266052465585,2.991853148327597,16,hour,2,median,250.0,ratio,le,0.05,-0.3,day
6.421097279072181,11.225600775435979,6.479652078657544,-48.6597031416369,50.044495418718796,35.17840248711187,1.558266052465585,2.991853148327597,16,hour,2,median,250.0,ratio,le,0.05,-0.3,lowday
6.421107291866575,11.235357089846953,6.479661965841686,-49.60832742598751,49.725769924320275,35.497560176475254,1.558266052465585,2.991853148327597,66,similarity,2,mean,0.0,ratio,le,0.02,0.5,"7-9,11,17,18"
6.421109582518896,11.241801909539411,6.479664227757833,-49.19921159203863,49.72559791633402,35.497560176475254,1.509518299768552,2.9823253550205466,110,similarity,2,mean,0.0,ratio,le,0.02,0.8,evening
6.421136714650946,11.234985272948775,6.479691019517973,-49.90150383618843,49.72559791633402,35.497560176475254,1.558266052465585,2.9950747883164857,79,hour,8,median,0.0,ratio,le,0.05,-0.1,night
6.42115197123341,11.227202193138787,6.479706084706997,-49.49755574794334,49.6017433775486,35.31406873383817,1.558266052465585,2.991853148327597,4,hour,3,median,500.0,ratio,le,0.05,-0.2,day
6.42115197123341,11.227202193138787,6.479706084706997,-49.49755574794334,49.6017433775486,35.31406873383817,1.558266052465585,2.991853148327597,4,hour,3,median,500.0,ratio,le,0.05,-0.2,lowday
6.42115197123341,11.227202193138787,6.479706084706997,-49.49755574794334,49.6017433775486,35.31406873383817,1.558266052465585,2.991853148327597,4,hour,3,median,500.0,ratio,le,0.05,-0.2,midday
6.421153050644786,11.219425255523783,6.479707150577187,-47.298629599300035,49.53958563567359,35.62604885834761,1.558266052465585,2.991853148327597,70,hour,21,mean,-500.0,ratio,le,0.05,-0.2,peakerr
6.421193162783146,11.210370573973803,6.479746759509785,-49.97820148995176,49.15611408748683,35.06584771796442,1.5745557296279629,2.9995726070516247,278,hour,8,median,-100.0,ratio,le,0.05,-0.1,all
6.421206065081695,11.268507238691326,6.4797594999493295,-48.54828809749756,49.72559791633402,35.497560176475254,1.5691411423735688,3.0075568961683956,224,similarity,2,mean,0.0,profile_abs,le,1000.0,0.05,"0,7,8,9,17,21,22"
6.421218647406285,11.226367827913384,6.479771924428973,-49.35650491702335,49.72563034850349,35.497560176475254,1.558266052465585,2.991853148327597,14,hour,5,mean,0.0,ratio,le,0.05,-0.1,"7-9,11,17,18"
6.421219029591802,11.208493490439189,6.479772301819983,-50.164324468429136,49.58679171782037,35.159489120457074,1.5587640168015944,2.9885384085045685,47,hour,2,mean,100.0,ratio,le,0.05,-0.05,peakerr
6.421219029591802,11.208493490439189,6.479772301819983,-50.164324468429136,49.58679171782037,35.159489120457074,1.5587640168015944,2.9885384085045685,47,hour,2,median,100.0,ratio,le,0.05,-0.05,peakerr
6.421225760320895,11.233830121729191,6.479778948112254,-49.47185091315438,49.09557759711134,35.52396384348624,1.558266052465585,2.991853148327597,131,similarity,2,mean,0.0,absdiff,le,100.0,1.0,lowday
6.421249998414735,11.232996364240668,6.479802882139819,-49.81333039293816,49.72559791633402,35.497560176475254,1.558266052465585,2.991853148327597,4,daily,3,mean,-5.0,ratio,le,0.05,-0.05,"7-9,17"
6.4212668946513505,11.224782912152428,6.479819566413575,-48.60195295271443,49.9382293217199,35.497560176475254,1.5600435913044821,2.9925678699578935,177,hour,5,mean,-100.0,ratio,le,0.05,-0.1,all
6.421276833359757,11.232996364240668,6.479829380441135,-48.58875768048576,49.72559791633402,35.497560176475254,1.558266052465585,2.991853148327597,3,hour,21,mean,0.0,ratio,le,0.05,-0.3,all
6.42128941063367,11.208331111334175,6.479841799933468,-52.14623101739192,49.74248122390014,35.15302838881733,1.558266052465585,2.991853148327597,24,daily,2,mean,-5.0,ratio,le,0.05,-0.3,day
6.4213217236285525,11.232996364240668,6.47987370756265,-49.45102337715284,49.72658889929002,35.497560176475254,1.558266052465585,2.991853148327597,15,hour,21,mean,-500.0,ratio,le,0.05,-0.1,"7-9,11,17,18"
6.4213289560641424,11.225346109277185,6.479880849267516,-49.5686005031004,49.72563034850349,35.497560176475254,1.558266052465585,2.991853148327597,11,hour,8,mean,-100.0,ratio,le,0.05,-0.1,"7-9,11,17,18"
6.421332880570663,11.212789216062776,6.479884724541203,-49.541479104385424,49.373152963243236,34.84347583244662,1.558266052465585,2.991853148327597,16,hour,2,mean,250.0,ratio,le,0.05,-0.05,day
6.421332880570663,11.212789216062776,6.479884724541203,-49.541479104385424,49.373152963243236,34.84347583244662,1.558266052465585,2.991853148327597,16,hour,2,mean,250.0,ratio,le,0.05,-0.05,lowday
6.421332880570663,11.212789216062776,6.479884724541203,-49.541479104385424,49.373152963243236,34.84347583244662,1.558266052465585,2.991853148327597,16,hour,2,median,250.0,ratio,le,0.05,-0.05,day
6.421332880570663,11.212789216062776,6.479884724541203,-49.541479104385424,49.373152963243236,34.84347583244662,1.558266052465585,2.991853148327597,16,hour,2,median,250.0,ratio,le,0.05,-0.05,lowday
6.421338320295568,11.193665278613,6.479890096024896,-49.50609117483524,49.72559791633402,35.497560176475254,1.522899780764995,2.982903528320762,56,hour,13,mean,-500.0,ratio,le,0.05,-0.05,evening
6.421351492656949,11.235014243914144,6.479903103139339,-49.84119369721034,49.74687491531866,35.421462676673976,1.558266052465585,2.9869503135468536,27,hour,3,mean,100.0,ratio,le,0.05,-0.1,peakerr
6.421363808557336,11.233830121729191,6.479915264537069,-49.46554490338896,49.11756599759182,35.52396384348624,1.558266052465585,2.991853148327597,123,similarity,2,mean,0.0,absdiff,le,100.0,1.0,midday
6.421371710095676,11.23280382588328,6.4799230669508106,-49.739163486274556,49.710553962723466,35.421462676673976,1.558266052465585,2.98697974612133,27,hour,3,mean,100.0,ratio,le,0.05,-0.05,peakerr
6.421381452786018,11.210415115101382,6.47993268741935,-50.03194707602333,49.204853906488125,34.78245081773217,1.558266052465585,2.991853148327597,21,daily,2,mean,-5.0,ratio,le,0.05,-0.05,lowday
6.421389316925656,11.228658549829348,6.479940452903554,-49.34091314643386,49.601864004717086,35.31424744390712,1.558266052465585,2.991853148327597,8,hour,3,median,500.0,ratio,le,0.05,-0.3,peakerr
6.421405108466859,11.227408846145199,6.4799560463402734,-49.61422089994214,49.71894742098532,35.478427718659674,1.558266052465585,2.991853148327597,36,similarity,2,mean,0.0,profile_abs,le,500.0,-0.05,"7-9,11,17,18"
6.421411176563999,11.224125196304895,6.479962038313289,-49.223132499292326,49.56805853357159,35.15654484503313,1.558266052465585,2.991853148327597,12,hour,3,mean,100.0,ratio,le,0.05,-0.1,day
6.421411176563999,11.224125196304895,6.479962038313289,-49.223132499292326,49.56805853357159,35.15654484503313,1.558266052465585,2.991853148327597,12,hour,3,mean,100.0,ratio,le,0.05,-0.1,lowday
6.42143399230744,11.232996364240668,6.479984567833806,-49.61709657278167,49.72559791633402,35.497560176475254,1.558266052465585,2.991853148327597,7,hour,21,mean,-250.0,ratio,le,0.05,-0.05,"0,7,8,9,17,21,22"
6.421456056631529,11.207490524818956,6.48000635536151,-50.00061336222578,49.18039241198069,34.689834068829015,1.558266052465585,2.991853148327597,7,daily,2,mean,-2.0,ratio,le,0.05,-0.1,lowday
6.421472759310426,11.161170097628679,6.480022848505724,-49.478412058210964,49.72559791633402,35.497560176475254,1.4946564958197845,2.983243345599875,56,hour,13,mean,-500.0,ratio,le,0.05,-0.1,evening
6.4215397881074,11.20811444769747,6.480089036428141,-49.26946973703299,49.72559791633402,35.497560176475254,1.558266052465585,2.989288318006613,7,daily,2,mean,-2.0,ratio,le,0.05,0.2,"0,7,8,9,17,21,22"
6.421540194019229,11.208117472338738,6.480089437247816,-49.90873896908062,49.242907614620925,34.78245081773217,1.558266052465585,2.991853148327597,8,daily,2,mean,-2.0,ratio,le,0.05,-0.05,day
6.421542717148955,11.234387783996908,6.480091928724945,-48.509014947939725,49.819516820509044,35.421462676673976,1.558266052465585,2.991853148327597,10,hour,3,mean,100.0,ratio,le,0.05,-0.2,midday
6.421560442913431,11.232996364240668,6.4801094321201544,-49.42408668752455,49.72559791633402,35.497560176475254,1.558266052465585,2.991853148327597,1,hour,21,mean,0.0,ratio,le,0.05,-0.1,"0,7,8,9,17,21,22"
6.421566719876274,11.220748197870044,6.480115630338655,-49.24306251089461,49.622779122196256,35.08136442701517,1.558266052465585,2.991853148327597,14,hour,2,mean,250.0,ratio,le,0.05,-0.1,midday
6.421566719876274,11.220748197870044,6.480115630338655,-49.24306251089461,49.622779122196256,35.08136442701517,1.558266052465585,2.991853148327597,14,hour,2,median,250.0,ratio,le,0.05,-0.1,midday
6.421568864723587,11.208331111334175,6.480117748278916,-50.3236107012291,49.4930430623091,35.15302838881733,1.558266052465585,2.991853148327597,8,daily,2,mean,-2.0,ratio,le,0.05,-0.3,day
6.421591471136669,11.218821979424476,6.480140071095118,-49.70620093209278,49.72559791633402,35.497560176475254,1.558266052465585,2.991853148327597,81,similarity,2,mean,0.0,ratio,le,0.08,-0.2,"7-9,17"
6.421604515496806,11.232996364240668,6.480152951814089,-49.79990659916605,49.540394148690694,35.497560176475254,1.558266052465585,2.991853148327597,8,daily,3,mean,-5.0,ratio,le,0.05,-0.05,day
6.421606198009139,11.215759179627444,6.480154613219345,-49.275323779345435,49.72559791633402,35.497560176475254,1.558266052465585,2.991853148327597,7,hour,5,median,100.0,ratio,le,0.05,-0.2,night
6.42160650337842,11.219912149975892,6.480154914757779,-50.460983089669085,49.72559791633402,35.497560176475254,1.558266052465585,2.991853148327597,215,similarity,2,mean,0.0,reldiff,le,0.12,-0.05,"7-9,17"
6.421615632706552,11.216778159527802,6.48016392955872,-49.19665484073492,48.840902969978096,34.90082247141132,1.558266052465585,2.991853148327597,152,hour,8,median,-250.0,ratio,le,0.05,-0.05,lowday
6.421616007358626,11.216838391284721,6.480164299510793,-49.61744993813061,49.72559791633402,35.497560176475254,1.5606323590660816,2.9870768289216825,42,similarity,2,mean,0.0,profile_abs,le,500.0,-0.1,"0,7,8,9,17,21,22"
6.421629626265924,11.208783874360288,6.480177747569243,-49.44848606008848,49.72559791633402,35.497560176475254,1.558266052465585,2.991853148327597,7,daily,1,mean,-2.0,ratio,le,0.05,0.3,lowday
6.421629626265924,11.208783874360288,6.480177747569243,-49.44848606008848,49.72559791633402,35.497560176475254,1.558266052465585,2.991853148327597,6,daily,1,mean,-2.0,ratio,le,0.05,0.3,midday
6.421629626265924,11.208783874360288,6.480177747569243,-49.44848606008848,49.72559791633402,35.497560176475254,1.558266052465585,2.991853148327597,7,daily,1,mean,0.0,ratio,le,0.05,0.3,lowday
6.421629626265924,11.208783874360288,6.480177747569243,-49.44848606008848,49.72559791633402,35.497560176475254,1.558266052465585,2.991853148327597,6,daily,1,mean,0.0,ratio,le,0.05,0.3,midday
6.421629626265924,11.208783874360288,6.480177747569243,-49.44848606008848,49.72559791633402,35.497560176475254,1.558266052465585,2.991853148327597,7,daily,1,mean,1.0,ratio,le,0.05,0.3,lowday
6.421629626265924,11.208783874360288,6.480177747569243,-49.44848606008848,49.72559791633402,35.497560176475254,1.558266052465585,2.991853148327597,6,daily,1,mean,1.0,ratio,le,0.05,0.3,midday
6.421629626265924,11.208783874360288,6.480177747569243,-49.44848606008848,49.72559791633402,35.497560176475254,1.558266052465585,2.991853148327597,7,daily,1,mean,2.0,ratio,le,0.05,0.3,lowday
6.421629626265924,11.208783874360288,6.480177747569243,-49.44848606008848,49.72559791633402,35.497560176475254,1.558266052465585,2.991853148327597,6,daily,1,mean,2.0,ratio,le,0.05,0.3,midday
6.421631110385899,11.246327567671994,6.480179213070972,-50.86519205514279,49.72559791633402,35.497560176475254,1.558266052465585,2.9956286432493178,48,daily,1,mean,-5.0,ratio,le,0.05,-0.05,night
6.42163358556655,11.223716668158358,6.4801816572005455,-49.439010922563696,49.58679171782037,35.159489120457074,1.558266052465585,2.991853148327597,19,hour,2,mean,100.0,ratio,le,0.05,-0.05,midday
6.42163358556655,11.223716668158358,6.4801816572005455,-49.439010922563696,49.58679171782037,35.159489120457074,1.558266052465585,2.991853148327597,19,hour,2,median,100.0,ratio,le,0.05,-0.05,midday
6.421661718234272,11.232996364240668,6.480209436944665,-50.931856261675506,49.85778118440614,35.497560176475254,1.563345694584662,2.9963674009843366,24,similarity,2,mean,0.0,profile_abs,ge,4000.0,-0.05,all
6.421676049563148,11.239779762515255,6.480223588487383,-49.409563041863166,49.72765984443134,35.497560176475254,1.539985645204198,2.9873775371742677,353,similarity,2,mean,0.0,ratio,le,0.02,0.3,all
6.421683442597938,11.209184885335343,6.480230888776737,-49.90976715810063,49.21661057616732,34.743491554953,1.558266052465585,2.991853148327597,6,daily,2,mean,-2.0,ratio,le,0.05,-0.3,midday
6.421683442597938,11.209184885335343,6.480230888776737,-49.90976715810063,49.21661057616732,34.743491554953,1.558266052465585,2.991853148327597,6,daily,2,mean,-2.0,ratio,le,0.05,-0.2,midday
6.421687995748086,11.134011290866777,6.480235384807734,-50.36283578792945,49.72559791633402,35.497560176475254,1.5287973866712063,2.965911318023478,108,hour,5,mean,-500.0,ratio,le,0.05,-0.1,"0,7,8,9,17,21,22"
6.421688005883902,11.232996364240668,6.480235394816397,-50.387343963166316,50.12542172966293,35.497560176475254,1.558266052465585,2.991853148327597,4,similarity,2,mean,0.0,profile_abs,ge,4000.0,-0.1,morning
6.421690065332189,11.223392845094384,6.480237428428957,-49.07754487787372,48.957118802128385,35.19399697437659,1.558266052465585,2.991853148327597,272,hour,8,median,-500.0,ratio,le,0.05,-0.05,lowday
6.4216916613256085,11.232996364240668,6.480239004400678,-49.40180180813711,49.72559791633402,35.497560176475254,1.558266052465585,2.991853148327597,6,similarity,2,mean,0.0,profile_abs,le,250.0,-0.2,"7-9,11,17,18"
6.421702494836272,11.216788590246345,6.480249702005225,-49.086516723588474,49.86822444056251,35.497560176475254,1.5600165358417204,2.988573270769935,99,hour,5,mean,0.0,ratio,le,0.05,-0.05,all
6.421725648651614,11.203619738769618,6.480272565356543,-50.460501360659315,49.649584335442604,35.005116814610375,1.5626309035879538,2.988352650727026,414,hour,3,mean,-250.0,ratio,le,0.05,-0.05,all
6.421744796051914,11.22348142182287,6.480291472553191,-49.23334971119514,49.208036593255585,35.07094364937342,1.558266052465585,2.991853148327597,257,hour,8,median,-500.0,ratio,le,0.05,-0.05,midday
6.421763400965292,11.22401524956552,6.480309844068404,-49.64855949893734,49.57067489307739,35.273143955555135,1.558266052465585,2.991853148327597,156,similarity,2,mean,0.0,reldiff,le,0.01,0.5,day
6.421775317846952,11.209869491324092,6.480321611453084,-48.758656314400575,49.72559791633402,35.497560176475254,1.558266052465585,2.9854410725251364,7,daily,2,mean,-2.0,ratio,le,0.05,0.5,"0,7,8,9,17,21,22"
6.4217825155525095,11.232996364240668,6.480328718863608,-49.26544467660876,49.55317725413937,35.497560176475254,1.558266052465585,2.991853148327597,12,hour,21,mean,-250.0,ratio,le,0.05,-0.05,day
6.4217825155525095,11.232996364240668,6.480328718863608,-49.26544467660876,49.55317725413937,35.497560176475254,1.558266052465585,2.991853148327597,12,hour,21,mean,-250.0,ratio,le,0.05,-0.05,lowday
6.4217825155525095,11.232996364240668,6.480328718863608,-49.26544467660876,49.55317725413937,35.497560176475254,1.558266052465585,2.991853148327597,12,hour,21,mean,-250.0,ratio,le,0.05,-0.05,midday
6.421812120121349,11.232996364240668,6.480357952043884,-50.02015838432819,49.6395042990237,35.497560176475254,1.558266052465585,2.991853148327597,32,hour,13,mean,-100.0,ratio,le,0.05,0.05,day
6.421812120121349,11.232996364240668,6.480357952043884,-50.02015838432819,49.6395042990237,35.497560176475254,1.558266052465585,2.991853148327597,32,hour,13,mean,-100.0,ratio,le,0.05,0.05,lowday
6.421812120121349,11.232996364240668,6.480357952043884,-50.02015838432819,49.6395042990237,35.497560176475254,1.558266052465585,2.991853148327597,32,hour,13,mean,-100.0,ratio,le,0.05,0.05,midday
6.421840052343511,11.233567037287688,6.480385533857026,-49.4994831342811,49.20304899268794,35.51563241128334,1.558266052465585,2.991853148327597,131,similarity,2,mean,0.0,absdiff,le,100.0,0.8,lowday
6.421841264865035,11.239014982721372,6.480386731167497,-49.47143518479931,49.09557759711134,35.52396384348624,1.558266052465585,2.991853148327597,139,similarity,2,mean,0.0,absdiff,le,100.0,1.0,day
6.421848541454735,11.210415115101382,6.480393916472564,-49.89146341679244,49.242907614620925,34.78245081773217,1.558266052465585,2.991853148327597,7,daily,2,mean,-2.0,ratio,le,0.05,-0.05,lowday
6.421866947829946,11.232996364240668,6.4804120919402655,-49.07152440449855,49.72559791633402,35.497560176475254,1.558266052465585,2.9982964283053737,10,hour,21,mean,-100.0,ratio,le,0.05,-0.2,night
