kind,wmape_3m,wmape_14d,wmape_all,bias_3m,applied,rolling,stat,beta,hours,gate,thr,delta_3m,delta_14d,delta_all
hour,6.320906562593328,11.074615881024835,6.380718252175532,-50.05592867864095,21,21,median,-0.5,11-15,absbias,250,-0.007505680487921218,0.0,-0.007411521916585784
hour,6.320906562593328,11.074615881024835,6.380718252175532,-50.05592867864095,21,34,median,-0.5,11-15,absbias,250,-0.007505680487921218,0.0,-0.007411521916585784
hour,6.320906562593328,11.074615881024835,6.380718252175532,-50.05592867864095,21,55,median,-0.5,11-15,absbias,250,-0.007505680487921218,0.0,-0.007411521916585784
hour,6.321561647250282,11.074615881024835,6.381365118812081,-49.936677224548575,21,21,median,-0.3,11-15,absbias,250,-0.006850595830967698,0.0,-0.006764655280036891
hour,6.321561647250282,11.074615881024835,6.381365118812081,-49.936677224548575,21,34,median,-0.3,11-15,absbias,250,-0.006850595830967698,0.0,-0.006764655280036891
hour,6.321561647250282,11.074615881024835,6.381365118812081,-49.936677224548575,21,55,median,-0.3,11-15,absbias,250,-0.006850595830967698,0.0,-0.006764655280036891
hour,6.32262438925584,11.074553426977753,6.382414528746137,-50.790018842753376,460,5,median,-0.2,11-15,none,0,-0.00578785382540925,-6.245404708238311e-05,-0.005715245345980335
hour,6.322903194476136,11.073504347476943,6.382689836362015,-50.77012670548757,80,13,median,-0.3,11-15,absbias,100,-0.005509048605113698,-0.001111533547891952,-0.005439937730102429
hour,6.32291716123398,11.079659505875044,6.382703627907237,-50.02155951111365,26,13,median,-0.3,11-15,absbias,250,-0.005495081847269212,0.005043624850209483,-0.00542614618488102
hour,6.323050562425235,11.080779303486441,6.382835355583931,-51.230491590369034,460,5,median,-0.3,11-15,none,0,-0.005361680656014833,0.006163422461606061,-0.00529441850818646
hour,6.323053355834656,11.079661222046788,6.382838113950102,-50.75469817921831,139,5,median,-0.2,11-15,absbias,100,-0.005358887246593724,0.005045341021952865,-0.005291660142015431
hour,6.32316319483112,11.083002863546849,6.382946575019142,-50.19150654288038,26,13,median,-0.5,11-15,absbias,250,-0.0052490482501292846,0.008386982522013753,-0.005183199072975597
day,6.323214720257685,11.035886677132849,6.382997454060538,-49.23694035919637,24,14,mean,1.2,all,wmape,12,-0.005197522823564782,-0.038729203891985975,-0.005132320031579596
hour,6.323320127670992,11.067986029241494,6.383101539140518,-51.339067163802646,460,13,median,-0.3,11-15,none,0,-0.005092115410257669,-0.006629851783340968,-0.005028234951599764
hour,6.323365557692272,11.074615881024835,6.383146399243332,-49.877051497502386,21,21,median,-0.2,11-15,absbias,250,-0.005046685388977679,0.0,-0.004983374848785971
hour,6.323365557692272,11.074615881024835,6.383146399243332,-49.877051497502386,21,34,median,-0.2,11-15,absbias,250,-0.005046685388977679,0.0,-0.004983374848785971
hour,6.323365557692272,11.074615881024835,6.383146399243332,-49.877051497502386,21,55,median,-0.2,11-15,absbias,250,-0.005046685388977679,0.0,-0.004983374848785971
hour,6.323456221031595,11.067883996238427,6.3832359252133655,-51.27623050191325,460,21,median,-0.3,11-15,none,0,-0.004956022049654507,-0.00673188478640796,-0.004893848878752216
hour,6.323499769830511,11.087596693834659,6.383278927693701,-51.19496934124515,139,5,median,-0.3,11-15,absbias,100,-0.004912473250738181,0.01298081280982366,-0.004850846398416486
hour,6.323537600262827,11.068134040855062,6.383316283544205,-50.61958351981052,350,13,median,-0.3,11-15,wmape,15,-0.0048746428184225365,-0.006481840169772823,-0.004813490547912913
hour,6.323570255597261,11.073884388107073,6.383348529218296,-50.43995623549025,80,13,median,-0.2,11-15,absbias,100,-0.0048419874839886745,-0.0007314929177617557,-0.0047812448738220326
hour,6.323696939594132,11.074615881024835,6.383473623967641,-50.692401323180434,67,21,median,-0.3,11-15,absbias,100,-0.0047153034871172395,0.0,-0.004656150124477065
hour,6.323747254930945,11.069411970309616,6.3835233080998295,-50.8274216927237,460,13,median,-0.2,11-15,none,0,-0.004664988150304694,-0.00520391071521864,-0.0046064659922882
hour,6.323908863191716,11.033051254212998,6.383682888989068,-49.80379573891409,325,2,mean,-0.1,7-18,wmape,35,-0.004503379889533754,-0.04156462681183726,-0.004446885103049247
hour,6.323908863191716,11.033051254212998,6.383682888989068,-49.80379573891409,325,2,median,-0.1,7-18,wmape,35,-0.004503379889533754,-0.04156462681183726,-0.004446885103049247
day,6.323955762119998,11.04140853097597,6.383729199571484,-49.32375030656531,24,14,mean,1.0,all,wmape,12,-0.004456480961251508,-0.033207350048865436,-0.004400574520633249
hour,6.323982428714473,11.068217616605317,6.3837555316342085,-50.588837938879564,362,21,median,-0.3,11-15,wmape,15,-0.0044298143667766965,-0.006398264419518185,-0.004374242457909183
hour,6.323984086435005,11.065737914809612,6.383757168558677,-50.90186892310556,385,13,median,-0.3,10-16,wmape,15,-0.004428156646244297,-0.00887796621522341,-0.004372605533440321
hour,6.323984086435005,11.065737914809612,6.383757168558677,-50.90186892310556,385,13,median,-0.3,10-18,wmape,15,-0.004428156646244297,-0.00887796621522341,-0.004372605533440321
hour,6.324102501888588,11.074615881024835,6.3838740984934,-50.61155178133761,66,55,median,-0.3,11-15,absbias,100,-0.004309741192661143,0.0,-0.004255675598717978
hour,6.3242300406260314,11.069510644718662,6.384000037260616,-50.346959559704956,350,13,median,-0.2,11-15,wmape,15,-0.004182202455218054,-0.005105236306173211,-0.004129736831501418
day,6.324238211912261,11.043513198134761,6.384008106038269,-50.75699255601332,20,5,mean,0.8,19-23,wmape,12,-0.004174031168988179,-0.031102682890074007,-0.004121668053848282
hour,6.32425598531998,11.067491731153359,6.384025656479038,-51.183207789920154,419,13,median,-0.3,11-15,wmape,10,-0.004156257761269266,-0.0071241498714762486,-0.004104117613080049
hour,6.324270512548923,11.077987827039145,6.384040001464261,-49.93658599523028,26,13,median,-0.2,11-15,absbias,250,-0.004141730532326804,0.003371946014310012,-0.0040897726278563695
hour,6.3243550972638545,11.069149861117596,6.384123525066091,-50.77804093844535,460,21,median,-0.2,11-15,none,0,-0.004057145817395025,-0.005466019907238717,-0.004006249026026865
hour,6.32437116003027,11.06908243825086,6.384139386325509,-50.723515443468706,419,13,median,-0.2,11-15,wmape,10,-0.004041083050979388,-0.005533442773975494,-0.003990387766608983
hour,6.324406393978764,11.0809764464246,6.384174178265013,-50.45205549845657,72,5,median,-0.2,11-15,absbias,250,-0.00400584910248547,0.00636056539976515,-0.0039555958271044744
hour,6.324438668986483,11.074615881024835,6.384206048383579,-50.63038596514634,67,34,median,-0.3,11-15,absbias,100,-0.003973574094766619,0.0,-0.003923725708538939
hour,6.324445054689741,11.074168340179925,6.384212353978351,-50.30285169710018,460,5,median,-0.1,11-15,none,0,-0.003967188391508891,-0.00044754084490961077,-0.00391742011376639
hour,6.324495654692044,11.067001285479549,6.38426231920491,-51.027856143030796,487,13,median,-0.2,10-16,wmape,10,-0.003916588389205167,-0.007614595545286207,-0.003867454887207522
hour,6.3245599785665405,11.067913227355026,6.384325836138031,-50.53695838369142,385,13,median,-0.2,10-16,wmape,15,-0.0038522645147089918,-0.006702653669808711,-0.0038039379540864005
hour,6.3245599785665405,11.067913227355026,6.384325836138031,-50.53695838369142,385,13,median,-0.2,10-18,wmape,15,-0.0038522645147089918,-0.006702653669808711,-0.0038039379540864005
hour,6.324589840568115,11.065652132400878,6.384355323521554,-51.637006006578645,487,13,median,-0.3,10-16,wmape,10,-0.003822402513134371,-0.008963748623957102,-0.003774450570563914
hour,6.324603261648592,11.076753240787623,6.384368576234917,-47.934124244529166,828,34,mean,0.05,10-18,none,0,-0.003808981432657177,0.0021373597627878382,-0.0037611978572007487
hour,6.324606380364351,11.074615881024835,6.384371655826465,-49.80393729682049,27,21,median,-0.3,10-16,absbias,250,-0.0038058627168986447,0.0,-0.0037581182656527545
hour,6.324606380364351,11.074615881024835,6.384371655826465,-49.80393729682049,27,34,median,-0.3,10-16,absbias,250,-0.0038058627168986447,0.0,-0.0037581182656527545
hour,6.324606380364351,11.074615881024835,6.384371655826465,-49.80393729682049,27,55,median,-0.3,10-16,absbias,250,-0.0038058627168986447,0.0,-0.0037581182656527545
hour,6.3246473463684145,11.074615881024835,6.384412107913046,-50.38174287882213,67,21,median,-0.2,11-15,absbias,100,-0.0037648967128349753,0.0,-0.003717666179071877
hour,6.324680844710348,11.075894361377166,6.38444518601913,-47.75451937101906,828,55,mean,0.05,10-18,none,0,-0.0037313983709017506,0.001278480352331357,-0.003684588072987438
hour,6.324696764331823,11.067883996238427,6.384460905929358,-51.05970717446497,430,21,median,-0.3,11-15,wmape,10,-0.0037154787494264596,-0.00673188478640796,-0.0036688681627596864
day,6.32469680398231,11.046930384819092,6.384460945082432,-49.41056025393424,24,14,mean,0.8,all,wmape,12,-0.0037154390989391217,-0.02768549620574312,-0.0036688290096860143
hour,6.324725545050809,11.07677704017819,6.384489325594956,-50.27848753776167,139,5,median,-0.1,11-15,absbias,100,-0.0036866980304406383,0.002161159153354575,-0.003640448497161941
hour,6.324844288484828,11.06449865374298,6.384606579395605,-50.336063349471644,353,8,median,-0.2,11-15,wmape,15,-0.003567954596421785,-0.010117227281854824,-0.0035231946965126326
hour,6.324846267831101,11.069372274695521,6.384608533911031,-50.318710918174574,362,21,median,-0.2,11-15,wmape,15,-0.0035659752501482345,-0.005243606329313977,-0.0035212401810866822
day,6.324910888760199,11.04852563188091,6.384672344172213,-50.80091052709565,96,5,mean,0.2,all,wmape,12,-0.003501354321050698,-0.026090249143924993,-0.003457429919905053
hour,6.324912682214011,11.074615881024835,6.38467411512719,-50.32756086698408,66,55,median,-0.2,11-15,absbias,100,-0.0034995608672385714,0.0,-0.0034556589649277214
hour,6.324914431125141,11.075683264537327,6.384675842098275,-48.03388669461361,518,34,mean,0.05,10-18,absbias,100,-0.003497811956108876,0.001067383512491915,-0.003453931993842474
day,6.324920156005644,11.074615881024835,6.384681495160296,-50.2977086699307,20,8,mean,0.3,19-23,absbias,250,-0.0034920870756058875,0.0,-0.0034482789318213136
hour,6.324929368835801,11.059823827348692,6.384690592415732,-50.2773110767917,310,2,mean,-0.1,10-18,wmape,35,-0.003482874245448464,-0.014792053676142558,-0.003439181676386127
hour,6.324929368835801,11.059823827348692,6.384690592415732,-50.2773110767917,310,2,median,-0.1,10-18,wmape,35,-0.003482874245448464,-0.014792053676142558,-0.003439181676386127
hour,6.324932575909357,11.07598415902765,6.384693759256635,-47.85140571969774,585,55,mean,0.05,10-18,absbias,100,-0.003479667171892409,0.0013682780028148045,-0.003436014835482837
hour,6.32493979344532,11.075294925939652,6.384700886248791,-50.7867151973356,402,5,median,-0.2,11-15,wmape,10,-0.003472449635929742,0.0006790449148166289,-0.0034288878433264003
day,6.324995346368819,11.074005338081774,6.384755742262274,-49.31668955477935,644,21,mean,0.1,10-16,none,0,-0.003416896712430173,-0.0006105429430611764,-0.003374031829843638
day,6.324996229299859,11.07482380198804,6.384756614116966,-49.22097346604055,644,34,mean,0.1,10-16,none,0,-0.003416013781390781,0.00020792096320576547,-0.0033731599751520847
hour,6.324996649596261,11.089002469003919,6.38475702914076,-50.76771237056874,72,5,median,-0.3,11-15,absbias,250,-0.003415593484988655,0.014386587979084098,-0.0033727449513580865
day,6.3250204916595445,11.049342334987369,6.384780572105965,-50.38229536378707,20,5,mean,0.5,19-23,wmape,12,-0.0033917514217050027,-0.025273546037466232,-0.003349201986152295
day,6.325049785611571,11.076689961725275,6.384809498566106,-49.3514980107801,119,1,mean,0.05,10-16,absbias,250,-0.003362457469678226,0.0020740807004404616,-0.0033202755260113292
day,6.325070954101339,11.074615881024835,6.384830401497707,-50.46950122281598,15,14,mean,0.3,19-23,absbias,250,-0.003341288979910928,0.0,-0.003299372594410599
day,6.325070954101339,11.074615881024835,6.384830401497707,-50.46950122281598,15,21,mean,0.3,19-23,absbias,250,-0.003341288979910928,0.0,-0.003299372594410599
day,6.325070954101339,11.074615881024835,6.384830401497707,-50.46950122281598,15,34,mean,0.3,19-23,absbias,250,-0.003341288979910928,0.0,-0.003299372594410599
hour,6.32512451706486,11.06412764796084,6.3848832925152115,-50.68293098863418,460,8,median,-0.2,11-15,none,0,-0.0032877260163894917,-0.010488233063995267,-0.0032464815769062128
hour,6.325136793612608,11.074615881024835,6.384895415053977,-50.340116989523224,67,34,median,-0.2,11-15,absbias,100,-0.003275449468641334,0.0,-0.0032343590381405107
day,6.325150577473416,11.074404491358457,6.384909025996601,-49.073024621118115,696,5,mean,0.05,all,absbias,100,-0.003261665607833919,-0.0002113896663775705,-0.0032207480955168677
day,6.325156256182051,11.072692202260805,6.384914633465981,-48.554376754341995,2208,5,mean,0.05,all,none,0,-0.003255986899198149,-0.001923678764029546,-0.003215140626136481
day,6.325157513274525,11.074615881024835,6.384915874788259,-50.94396867575329,15,14,mean,0.5,19-23,absbias,250,-0.0032547298067244768,0.0,-0.003213899303858625
day,6.325157513274525,11.074615881024835,6.384915874788259,-50.94396867575329,15,21,mean,0.5,19-23,absbias,250,-0.0032547298067244768,0.0,-0.003213899303858625
day,6.325157513274525,11.074615881024835,6.384915874788259,-50.94396867575329,15,34,mean,0.5,19-23,absbias,250,-0.0032547298067244768,0.0,-0.003213899303858625
hour,6.325182126130674,11.069149861117596,6.384940178876754,-50.633692053479834,430,21,median,-0.2,11-15,wmape,10,-0.0032301169505757343,-0.005466019907238717,-0.003189595215363994
hour,6.325209583642476,11.074615881024835,6.384967291934765,-50.56099691799979,42,34,mean,-0.3,11-15,absbias,250,-0.003202659438773736,0.0,-0.0031624821573528195
hour,6.325209860507066,11.068346714854096,6.384967565326096,-50.46313026030726,119,8,median,-0.2,11-15,absbias,100,-0.0032023825741838152,-0.006269166170739027,-0.0031622087660219123
day,6.3252130136756515,11.074919509287124,6.384970678938264,-48.84748633206915,2208,8,mean,0.05,all,none,0,-0.0031992294055980253,0.00030362826228902406,-0.0031590951538538192
day,6.32521978871357,11.074615881024835,6.3849773689835025,-50.11773912775713,20,8,mean,0.2,19-23,absbias,250,-0.0031924543676797867,0.0,-0.0031524051086151417
hour,6.325232644352578,11.068217616605317,6.3849900633488454,-50.82235118211376,391,21,median,-0.3,10-16,wmape,15,-0.003179598728671351,-0.006398264419518185,-0.0031397107432722393
hour,6.325232644352578,11.068217616605317,6.3849900633488454,-50.82235118211376,391,21,median,-0.3,10-18,wmape,15,-0.003179598728671351,-0.006398264419518185,-0.0031397107432722393
hour,6.325259235274385,11.06813298100734,6.385016320688212,-50.59454367809893,480,5,median,-0.1,10-16,wmape,10,-0.0031530078068646716,-0.006482900017495297,-0.003113453403905453
day,6.325321787302491,11.075374331306481,6.385078088002713,-49.10589879469347,1104,21,mean,0.1,7-18,none,0,-0.0030904557787581055,0.0007584502816460059,-0.0030516860894049813
hour,6.3253265798735345,11.068412339055216,6.385082820451076,-50.41309086334477,305,13,median,-0.3,11-15,wmape,20,-0.0030856632077149726,-0.006203541969618698,-0.003046953641042016
hour,6.325338709024461,11.07609577223945,6.38509479744211,-48.30627070312913,593,34,mean,0.05,10-18,wmape,10,-0.0030735340567886738,0.0014798912146147813,-0.003034976650007515
hour,6.325372214831486,11.074888572492947,6.385127882919635,-48.159589307873134,589,55,mean,0.05,10-18,wmape,10,-0.003040028249763793,0.0002726914681119297,-0.003001891172482729
hour,6.325377015072971,11.074615881024835,6.385132622942214,-49.788558212350324,27,21,median,-0.2,10-16,absbias,250,-0.003035228008278601,0.0,-0.002997151149903843
hour,6.325377015072971,11.074615881024835,6.385132622942214,-49.788558212350324,27,34,median,-0.2,10-16,absbias,250,-0.003035228008278601,0.0,-0.002997151149903843
hour,6.325377015072971,11.074615881024835,6.385132622942214,-49.788558212350324,27,55,median,-0.2,10-16,absbias,250,-0.003035228008278601,0.0,-0.002997151149903843
day,6.325398626759317,11.052159998685054,6.385153963510504,-51.315462631957615,96,5,mean,0.3,all,wmape,12,-0.003013616321932311,-0.022455882339780686,-0.0029758105816135583
hour,6.325407077208273,11.074615881024835,6.38516230794879,-49.590339179526126,7,8,median,-0.3,11-15,absbias,500,-0.0030051658729766118,0.0,-0.002967466143327435
hour,6.325407077208273,11.074615881024835,6.38516230794879,-49.590339179526126,6,13,median,-0.3,11-15,absbias,500,-0.0030051658729766118,0.0,-0.002967466143327435
hour,6.325407077208273,11.074615881024835,6.38516230794879,-49.590339179526126,6,21,median,-0.3,11-15,absbias,500,-0.0030051658729766118,0.0,-0.002967466143327435
hour,6.325407077208273,11.074615881024835,6.38516230794879,-49.590339179526126,6,34,median,-0.3,11-15,absbias,500,-0.0030051658729766118,0.0,-0.002967466143327435
hour,6.325407077208273,11.074615881024835,6.38516230794879,-49.590339179526126,6,55,median,-0.3,11-15,absbias,500,-0.0030051658729766118,0.0,-0.002967466143327435
day,6.325414568015499,11.082329096502406,6.38516970478403,-49.20850408890747,343,1,mean,0.05,10-16,absbias,100,-0.002997675065750549,0.007713215477570756,-0.002960069308088009
day,6.325443753258707,11.075911108418497,6.385198523899099,-48.94154577105302,1104,34,mean,0.1,7-18,none,0,-0.002968489822542608,0.0012952273936619463,-0.002931250193018542
hour,6.325467232695141,11.075924912918591,6.385221708786601,-48.47351408114899,495,34,mean,0.05,10-16,wmape,25,-0.002945010386108393,0.0013090318937560852,-0.002908065305517127
hour,6.325467232695141,11.075924912918591,6.385221708786601,-48.47351408114899,495,34,mean,0.05,10-18,wmape,25,-0.002945010386108393,0.0013090318937560852,-0.002908065305517127
hour,6.325482320058681,11.079976116190558,6.385236606879547,-48.070892019146726,828,21,mean,0.05,10-18,none,0,-0.002929923022568559,0.005360235165722926,-0.002893167212570269
hour,6.32548707594389,11.06649848458918,6.3852413031022985,-50.60318559711972,353,8,median,-0.3,11-15,wmape,15,-0.0029251671373593524,-0.008117396435654456,-0.0028884709898191474
day,6.325493250452893,11.081635571313289,6.385247400152244,-49.18986067805327,644,1,mean,0.05,10-16,none,0,-0.002918992628356598,0.007019690288453617,-0.0028823739398733395
hour,6.3255035050110235,11.065214209840496,6.385257526067202,-50.66388595686791,251,13,median,-0.5,11-15,wmape,25,-0.002908738070225958,-0.009401671184338767,-0.002872248024915258
hour,6.325505164931624,11.074615881024835,6.38525916516414,-50.29702047376124,42,34,mean,-0.2,11-15,absbias,250,-0.0029070781496258746,0.0,-0.002870608927977969
hour,6.325526120926023,11.074615881024835,6.38527985826612,-49.47869860360355,7,8,median,-0.5,11-15,absbias,500,-0.002886122155226545,0.0,-0.0028499158259975843
hour,6.325526120926023,11.074615881024835,6.38527985826612,-49.47869860360355,6,13,median,-0.5,11-15,absbias,500,-0.002886122155226545,0.0,-0.0028499158259975843
hour,6.325526120926023,11.074615881024835,6.38527985826612,-49.47869860360355,6,21,median,-0.5,11-15,absbias,500,-0.002886122155226545,0.0,-0.0028499158259975843
hour,6.325526120926023,11.074615881024835,6.38527985826612,-49.47869860360355,6,34,median,-0.5,11-15,absbias,500,-0.002886122155226545,0.0,-0.0028499158259975843
hour,6.325526120926023,11.074615881024835,6.38527985826612,-49.47869860360355,6,55,median,-0.5,11-15,absbias,500,-0.002886122155226545,0.0,-0.0028499158259975843
day,6.3255342561439,11.074189395446858,6.385287891427896,-49.37222974668428,460,34,mean,0.1,11-15,none,0,-0.0028779869373494193,-0.00042648557797697606,-0.0028418826642218065
hour,6.325555515607492,11.075418684237198,6.385308884192057,-48.34845829020603,491,55,mean,0.05,10-16,wmape,25,-0.0028567274737572035,0.0008028032123625906,-0.002820889900061019
hour,6.325555515607492,11.075418684237198,6.385308884192057,-48.34845829020603,491,55,mean,0.05,10-18,wmape,25,-0.0028567274737572035,0.0008028032123625906,-0.002820889900061019
hour,6.32556236945576,11.074615881024835,6.385315652058972,-51.300902344063985,67,21,median,-0.5,11-15,absbias,100,-0.0028498736254896073,0.0,-0.002814122033146127
day,6.325575005910652,11.074615881024835,6.385328129989857,-50.23226749634731,15,14,mean,0.2,19-23,absbias,250,-0.002837237170597362,0.0,-0.002801644102260248
day,6.325575005910652,11.074615881024835,6.385328129989857,-50.23226749634731,15,21,mean,0.2,19-23,absbias,250,-0.002837237170597362,0.0,-0.002801644102260248
day,6.325575005910652,11.074615881024835,6.385328129989857,-50.23226749634731,15,34,mean,0.2,19-23,absbias,250,-0.002837237170597362,0.0,-0.002801644102260248
hour,6.325575323731819,11.074818042565399,6.385328443823966,-51.31432358096477,460,34,median,-0.3,11-15,none,0,-0.0028369193494306444,0.00020216154056384994,-0.0028013302681513252
hour,6.325581056834263,11.071322781201571,6.3853341050047865,-50.30598557299924,460,13,median,-0.1,11-15,none,0,-0.002831186246986306,-0.0032930998232636455,-0.0027956690873311985
hour,6.325588427057037,11.075924912918591,6.385341382768302,-48.45511689141678,521,34,mean,0.05,10-16,wmape,20,-0.0028238160242128885,0.0013090318937560852,-0.0027883913238158087
hour,6.325588604509688,11.075926235202324,6.3853415579948125,-48.45620486192937,523,34,mean,0.05,10-18,wmape,20,-0.0028236385715612045,0.001310354177489259,-0.002788216097305174
hour,6.325595741152229,11.074264428737207,6.385348605108356,-50.10710236247455,80,13,median,-0.1,11-15,absbias,100,-0.0028165019290202764,-0.00035145228762800684,-0.0027811689837617948
day,6.325621377383323,11.075885010016737,6.3853739197335795,-49.13937516324938,84,1,mean,0.05,7-18,wmape,12,-0.0027908656979267477,0.0012691289919022353,-0.002755854358538201
hour,6.325626546544587,11.073588623727485,6.385379024047849,-50.58156194356947,326,3,mean,-0.1,10-18,wmape,35,-0.0027856965366623854,-0.0010272572973502037,-0.0027507500442682797
hour,6.3256416521649275,11.074615881024835,6.385393940168563,-49.81742577045619,21,21,median,-0.1,11-15,absbias,250,-0.0027705909163220355,0.0,-0.002735833923554587
hour,6.3256416521649275,11.074615881024835,6.385393940168563,-49.81742577045619,21,34,median,-0.1,11-15,absbias,250,-0.0027705909163220355,0.0,-0.002735833923554587
hour,6.3256416521649275,11.074615881024835,6.385393940168563,-49.81742577045619,21,55,median,-0.1,11-15,absbias,250,-0.0027705909163220355,0.0,-0.002735833923554587
day,6.325657700492708,11.075874390395315,6.385409787170479,-49.25606068402045,1104,8,mean,0.05,7-18,none,0,-0.0027545425885415753,0.0012585093704799988,-0.002719986921638551
day,6.3256596584058595,11.074134499406144,6.38541172052166,-49.19174257923298,828,21,mean,0.1,10-18,none,0,-0.0027525846753899685,-0.0004813816186910458,-0.0027180535704580677
hour,6.325662398387694,11.075592819542743,6.385414426130493,-48.65243332408321,438,34,mean,0.05,10-16,wmape,35,-0.0027498446935556586,0.0009769385179083656,-0.002715347961625092
hour,6.325662398387694,11.075592819542743,6.385414426130493,-48.65243332408321,438,34,mean,0.05,10-18,wmape,35,-0.0027498446935556586,0.0009769385179083656,-0.002715347961625092
hour,6.325662728094433,11.069372274695521,6.385414751701068,-50.47527222848231,391,21,median,-0.2,10-16,wmape,15,-0.002749514986816415,-0.005243606329313977,-0.00271502239104926
hour,6.325662728094433,11.069372274695521,6.385414751701068,-50.47527222848231,391,21,median,-0.2,10-18,wmape,15,-0.002749514986816415,-0.005243606329313977,-0.00271502239104926
hour,6.325663571899351,11.077753202567123,6.385415584920475,-50.11945051836143,72,5,median,-0.1,11-15,absbias,250,-0.0027486711818989207,0.003137321542288518,-0.0027141891716429
hour,6.325676600758048,11.075418684237198,6.38542845033247,-48.3180040110528,521,55,mean,0.05,10-16,wmape,20,-0.002735642323201226,0.0008028032123625906,-0.0027013237596476003
hour,6.325676600758048,11.075418684237198,6.38542845033247,-48.3180040110528,521,55,mean,0.05,10-18,wmape,20,-0.002735642323201226,0.0008028032123625906,-0.0027013237596476003
day,6.325682269071464,11.092231763629242,6.3854340475370375,-48.95245725282173,119,1,mean,0.1,10-16,absbias,250,-0.002729974009785252,0.017615882604406607,-0.0026957265550802134
hour,6.325698957485967,11.069255313798063,6.385450526595804,-51.349092469930795,480,5,median,-0.2,10-16,wmape,10,-0.0027132855952824997,-0.005360567226771806,-0.0026792474963137636
hour,6.325707995310805,11.075691107756418,6.38545945104136,-48.672451608666265,454,21,mean,0.05,10-16,wmape,35,-0.0027042477704446455,0.001075226731583001,-0.0026703230507578724
hour,6.325707995310805,11.075691107756418,6.38545945104136,-48.672451608666265,454,21,mean,0.05,10-18,wmape,35,-0.0027042477704446455,0.001075226731583001,-0.0026703230507578724
hour,6.32572742160325,11.07638928933456,6.385478633631458,-49.247563305094396,2208,13,mean,0.05,all,none,0,-0.002684821477999755,0.0017734083097256104,-0.0026511404606592848
hour,6.325747663893426,11.076135716225762,6.3854986219826175,-49.247658823168685,2208,21,mean,0.05,all,none,0,-0.002664579187823257,0.0015198352009271332,-0.0026311521095001567
hour,6.325752869629059,11.073862109249834,6.385503762412428,-51.37289235070313,460,55,median,-0.3,11-15,none,0,-0.002659373452190472,-0.0007537717750008,-0.002626011679689455
hour,6.325757422110069,11.075418684237198,6.385508257782681,-48.49381644087498,448,55,mean,0.05,10-16,wmape,35,-0.002654820971180527,0.0008028032123625906,-0.0026215163094365224
hour,6.325757422110069,11.075418684237198,6.385508257782681,-48.49381644087498,448,55,mean,0.05,10-18,wmape,35,-0.002654820971180527,0.0008028032123625906,-0.0026215163094365224
hour,6.325758043513276,11.074871448646318,6.3855088713904,-50.61081431797523,353,34,median,-0.3,11-15,wmape,15,-0.0026541995679734143,0.00025556762148326584,-0.0026209027017181086
hour,6.3257709730011795,11.074625748502315,6.385521638678206,-50.301199874391294,402,5,median,-0.1,11-15,wmape,10,-0.0026412700800699795,9.867477480440812e-06,-0.002608135413911583
day,6.325774971841211,11.074924552976475,6.385525587352888,-49.067578573338096,828,34,mean,0.1,10-18,none,0,-0.00263727124003843,0.00030867195163963856,-0.0026041867392292417
day,6.3257799974089925,11.07499068742468,6.38553054987505,-49.431281811031994,1104,21,mean,0.05,7-18,none,0,-0.00263224567225695,0.00037480639984543984,-0.0025992242170680413
hour,6.325811468074459,11.080498561447449,6.3855616257418175,-48.24634295995547,449,21,mean,0.05,10-18,absbias,100,-0.0026007750067904567,0.005882680422613973,-0.00256814835030017
hour,6.325811637583528,11.069866570479128,6.3855617931244,-49.04238493667599,2208,34,mean,0.05,all,none,0,-0.0026006054977214532,-0.00474931054570682,-0.002567980967717709
day,6.325820432943565,11.055303076313976,6.3855704781468665,-49.54077517498765,24,14,mean,0.5,all,wmape,12,-0.0025918101376847247,-0.019312804710859055,-0.002559295945251172
hour,6.325831220208615,11.07444972751332,6.385581130085952,-48.5340561910002,603,55,mean,0.05,all,wmape,25,-0.0025810228726346196,-0.00016615351151472169,-0.0025486440061657234
hour,6.325835911680161,11.073862109249834,6.385585762703107,-50.670709662366384,356,55,median,-0.3,11-15,wmape,15,-0.002576331401088261,-0.0007537717750008,-0.0025440113890109473
hour,6.325842742926747,11.068047032436338,6.385592508251879,-50.62226367479396,330,13,median,-0.3,10-16,wmape,20,-0.00256950015450208,-0.006568848588496934,-0.0025372658402389447
hour,6.325842742926747,11.068047032436338,6.385592508251879,-50.62226367479396,330,13,median,-0.3,10-18,wmape,20,-0.00256950015450208,-0.006568848588496934,-0.0025372658402389447
day,6.325842954408016,11.076080391979168,6.385592717080119,-49.44700770601275,1104,14,mean,0.05,7-18,none,0,-0.002569288673233139,0.00146451095433342,-0.002537057011998911
day,6.325868157828683,11.072767776000177,6.385617604324513,-49.4556653403904,85,1,mean,0.05,11-15,absbias,250,-0.0025440852525662194,-0.0018481050246581532,-0.0025121697676047106
hour,6.325869957885261,11.074615881024835,6.385619381799426,-50.51494475123872,39,55,mean,-0.3,11-15,absbias,250,-0.0025422851959886472,0.0,-0.0025103922926916766
day,6.325872816739054,11.073945231406851,6.3856222047889695,-49.21491505617716,2208,14,mean,0.05,all,none,0,-0.0025394263421958385,-0.0006706496179837984,-0.002507569303148216
hour,6.325875900854068,11.076617550096156,6.38562525021384,-48.58826213747501,488,21,mean,0.05,10-18,wmape,25,-0.002536342227181798,0.002001669071320933,-0.002504523878277709
day,6.325878210462628,11.07569227596131,6.38562753084842,-49.438769257329476,644,8,mean,0.05,10-16,none,0,-0.0025340326186213957,0.0010763949364758219,-0.0025022432436978548
hour,6.325878467740452,11.076636677182181,6.385627784898701,-48.584128498230214,486,21,mean,0.05,10-16,wmape,25,-0.0025337753407974617,0.002020796157346183,-0.0025019891934165983
hour,6.325882640260638,11.066276479441465,6.385631905074726,-50.73745227691593,404,8,median,-0.2,10-16,wmape,15,-0.0025296028206112098,-0.008339401583370432,-0.002497869017391352
hour,6.325882640260638,11.066276479441465,6.385631905074726,-50.73745227691593,404,8,median,-0.2,10-18,wmape,15,-0.0025296028206112098,-0.008339401583370432,-0.002497869017391352
hour,6.325889937647164,11.041080010901066,6.385639110915722,-49.3501117797299,72,2,mean,-0.1,"7-9,11,17,18",wmape,35,-0.0025223054340859363,-0.03353587012376913,-0.002490663176395458
hour,6.325889937647164,11.041080010901066,6.385639110915722,-49.3501117797299,72,2,median,-0.1,"7-9,11,17,18",wmape,35,-0.0025223054340859363,-0.03353587012376913,-0.002490663176395458
hour,6.325891429650217,11.07470033179941,6.385640584201637,-48.77817781296527,373,34,mean,0.05,11-15,wmape,25,-0.002520813431032387,8.445077457430727e-05,-0.0024891898904808585
hour,6.325893009383926,11.071158015172193,6.385642144117624,-50.254032448371746,419,13,median,-0.1,11-15,wmape,10,-0.002519233697323209,-0.0034578658526420725,-0.002487629974493366
hour,6.325905436929808,11.068072825216644,6.385654415760259,-50.32510225244946,251,13,median,-0.3,11-15,wmape,25,-0.0025068061514419426,-0.006543055808190701,-0.002475358331858857
hour,6.3259151028660625,11.074570821671964,6.385663960437587,-50.806488488013386,460,34,median,-0.2,11-15,none,0,-0.002497140215186988,-4.505935287113516e-05,-0.0024658136545303577
hour,6.325915334654858,11.069517923138395,6.385664189318599,-50.40891563083742,487,13,median,-0.1,10-16,wmape,10,-0.0024969084263917196,-0.00509795788643963,-0.0024655847735184366
day,6.32592036690877,11.075231338297677,6.385669158443015,-49.348896744687536,1104,34,mean,0.05,7-18,none,0,-0.002491876172479479,0.0006154572728416241,-0.0024606156491024933
day,6.325940841991443,11.078063340698389,6.385689376666294,-49.08646166696391,30,1,mean,0.1,11-15,absbias,500,-0.002471401089806591,0.0034474596735538654,-0.0024403974258238037
hour,6.325954083352777,11.076314344507884,6.385702451915087,-50.32616751852548,35,8,median,-0.3,11-15,absbias,250,-0.0024581597284720758,0.0016984634830485845,-0.0024273221770307885
hour,6.32595497578929,11.074615881024835,6.385703333156006,-50.26276538507097,39,55,mean,-0.2,11-15,absbias,250,-0.0024572672919598304,0.0,-0.0024264409361114403
day,6.325958432043878,11.074615881024835,6.385706746051967,-50.65764775427784,20,8,mean,0.5,19-23,absbias,250,-0.0024538110373715227,0.0,-0.002423028040150932
day,6.325958497366077,11.073642110131063,6.3857068105547015,-49.440103099003245,460,21,mean,0.1,11-15,none,0,-0.0024537457151723174,-0.0009737708937720413,-0.002422963537416223
day,6.325970829653414,11.070561517818463,6.385718988133807,-49.422130855186964,30,1,mean,0.05,11-15,absbias,500,-0.002441413427835215,-0.004054363206371647,-0.0024107859583111235
hour,6.32597558444762,11.076915249337379,6.385723683279239,-49.38458887449439,1108,13,mean,0.05,all,absbias,100,-0.0024366586336297402,0.002299368312543848,-0.0024060908128786807
hour,6.3259955371912255,11.075921552132517,6.385743385716185,-49.43269168975991,995,21,mean,0.05,all,absbias,100,-0.0024167058900239624,0.0013056711076817606,-0.0023863883759327464
hour,6.326000919706015,11.076646048182646,6.385748700707461,-48.56085033832922,516,21,mean,0.05,10-18,wmape,20,-0.002411323375234531,0.0020301671578106806,-0.002381073384656318
hour,6.326002365548415,11.07352603964062,6.385750128411805,-50.13708893809239,35,8,median,-0.2,11-15,absbias,250,-0.0024098775328340594,-0.0010898413842141963,-0.002379645680313125
hour,6.3260034865924,11.076665175268674,6.385751235392322,-48.556716699084426,514,21,mean,0.05,10-16,wmape,20,-0.0024087564888493063,0.0020492942438394834,-0.0023785386997960956
hour,6.326007094757734,11.075924912918591,6.385754798293311,-48.45134972681101,550,34,mean,0.05,10-16,wmape,15,-0.0024051483235156823,0.0013090318937560852,-0.0023749757988067444
hour,6.326007272210384,11.075926235202324,6.385754973519823,-48.4524376973236,552,34,mean,0.05,10-18,wmape,15,-0.0024049708708657747,0.001310354177489259,-0.0023748005722943333
day,6.32601062041171,11.075048589274804,6.385758279718047,-49.34981606513726,828,8,mean,0.05,10-18,none,0,-0.0024016226695398046,0.0004327082499688828,-0.002371494374070693
hour,6.3260126240121135,11.07470033179941,6.385760258183337,-48.759780623233056,399,34,mean,0.05,11-15,wmape,20,-0.002399619069135994,8.445077457430727e-05,-0.0023695159087804285
hour,6.326013809103948,11.072744266216677,6.385761428408225,-51.426780580989345,80,13,median,-0.5,11-15,absbias,100,-0.0023984339773015506,-0.0018716148081576733,-0.0023683456838927697
hour,6.3260178471741355,11.074615881024835,6.385765415820924,-49.83469546576082,27,21,median,-0.5,10-16,absbias,250,-0.0023943959071139886,0.0,-0.002364358271194078
hour,6.3260178471741355,11.074615881024835,6.385765415820924,-49.83469546576082,27,34,median,-0.5,10-16,absbias,250,-0.0023943959071139886,0.0,-0.002364358271194078
hour,6.3260178471741355,11.074615881024835,6.385765415820924,-49.83469546576082,27,55,median,-0.5,10-16,absbias,250,-0.0023943959071139886,0.0,-0.002364358271194078
day,6.32602915437668,11.076699039803309,6.385776581174898,-49.37926315502588,49,1,mean,0.05,10-16,wmape,12,-0.0023830887045699356,0.0020831587784737593,-0.00235319291721936
day,6.326032103155718,11.056880331303065,6.3857794929615785,-50.286358422233675,96,5,mean,0.1,all,wmape,12,-0.0023801399255312106,-0.017735549721770383,-0.0023502811305391447
day,6.32603591705167,11.074306190812328,6.385783259012304,-49.537453353618915,644,21,mean,0.05,10-16,none,0,-0.0023763260295792676,-0.00030969021250726314,-0.002346515079813649
hour,6.326036597122235,11.07470033179941,6.385783930551399,-48.9200843249053,331,34,mean,0.05,11-15,wmape,35,-0.002375645959014072,8.445077457430727e-05,-0.0023458435407190947
day,6.3260406658770485,11.075195901037663,6.385787948263786,-49.258243041475325,153,1,mean,0.05,10-18,absbias,250,-0.002371577204201003,0.0005800200128280864,-0.002341825828331423
hour,6.326059525331436,11.07411524685843,6.385806571126798,-50.84560050335464,460,55,median,-0.2,11-15,none,0,-0.0023527177498134932,-0.0005006341664053338,-0.0023232029653197372
day,6.326089473730509,11.057307826624193,6.3858361438239655,-51.006800688261734,20,5,mean,1.0,19-23,wmape,12,-0.0023227693507408276,-0.017308054400642092,-0.0022936302681522136
hour,6.326093584808924,11.06565533683581,6.385840203329006,-52.245963161629376,460,21,median,-0.5,11-15,none,0,-0.002318658272325358,-0.008960544189024588,-0.002289570763111648
hour,6.326095080251752,11.075924912918591,6.38584168001154,-48.347222522017184,581,34,mean,0.05,10-16,wmape,10,-0.0023171628294971214,0.0013090318937560852,-0.0022880940805780625
hour,6.326095268458744,11.075418684237198,6.385841865857481,-48.31423684644703,550,55,mean,0.05,10-16,wmape,15,-0.0023169746225057963,0.0008028032123625906,-0.0022879082346367596
hour,6.32609549776007,11.075420392869969,6.385842092282229,-48.30953167386136,552,55,mean,0.05,10-18,wmape,15,-0.0023167453211794253,0.0008045118451338595,-0.0022876818098884755
hour,6.326096047894531,11.07631614820324,6.385842635515264,-49.85161247934692,26,13,median,-0.1,11-15,absbias,250,-0.0023161951867187724,0.0017002671784052126,-0.00228713857685392
hour,6.326109934457567,11.074364493260687,6.385856347871719,-48.69674669633892,650,34,mean,0.05,all,wmape,25,-0.002302308623682414,-0.0002513877641483475,-0.002273426220398278
hour,6.3261145619466035,11.074712421857562,6.385860917309024,-48.659417360872325,373,55,mean,0.05,11-15,wmape,25,-0.0022976811346460124,9.654083272714331e-05,-0.002268856783093298
hour,6.326119071659972,11.071372118406094,6.385865370448153,-50.065641333108246,350,13,median,-0.1,11-15,wmape,15,-0.0022931714212779397,-0.0032437626187409307,-0.002264403643964741
hour,6.326122236293222,11.079051236481705,6.385868495381159,-48.36178770514014,604,21,mean,0.05,10-18,wmape,10,-0.0022900067880273767,0.004435355456870127,-0.002261278710959047
hour,6.326124605983859,11.069696176852096,6.385870835344086,-50.20929778872779,305,13,median,-0.2,11-15,wmape,20,-0.002287637097390771,-0.0049197041727389035,-0.0022589387480316248
day,6.326126319771888,11.074687685082448,6.3858725276326895,-49.48938675472526,644,34,mean,0.05,10-16,none,0,-0.00228592330936106,7.18040576135337e-05,-0.0022572464594281527
hour,6.3261348051482065,11.065297177009525,6.385880906560175,-51.14026689323326,350,13,median,-0.5,11-15,wmape,15,-0.002277437933043025,-0.00931870401531043,-0.0022488675319429774
hour,6.3261361975658295,11.07166946613874,6.385882281509955,-50.275114728274346,460,21,median,-0.1,11-15,none,0,-0.0022760455154200443,-0.002946414886094928,-0.0022474925821622804
hour,6.326136963977428,11.074606425725912,6.385883038306939,-50.33633855218429,353,34,median,-0.2,11-15,wmape,15,-0.002275279103821859,-9.455298922489419e-06,-0.002246735785178977
hour,6.326143911058174,11.070724244376317,6.385889898236735,-50.80541823343657,119,8,median,-0.3,11-15,absbias,100,-0.0022683320230756365,-0.0038916366485182152,-0.002239875855382323
hour,6.3261486895164625,11.066211370780627,6.385894616749385,-51.10400162704062,362,21,median,-0.5,11-15,wmape,15,-0.002263553564787024,-0.008404510244208296,-0.0022351573427323856
day,6.32615046041107,11.071124291433414,6.385896365428166,-49.4758821726497,35,1,mean,0.05,11-15,wmape,12,-0.00226178267017918,-0.0034915895914213735,-0.0022334086639519413
hour,6.32615705735665,11.07495737317811,6.385902879615229,-48.60477033953257,524,55,mean,0.05,all,wmape,35,-0.0022551857245991513,0.00034149215327516913,-0.002226894476888397
day,6.32616763234744,11.07452846524864,6.385913321943028,-49.55145995414797,644,14,mean,0.05,10-16,none,0,-0.002244610733809438,-8.741577619453267e-05,-0.0022164521490894984
day,6.326177320725717,11.081405144419557,6.385922888780844,-49.13277481564572,204,1,mean,0.05,7-18,absbias,250,-0.002234922355532909,0.006789263394722411,-0.002206885311273332
hour,6.326183880273277,11.06913552635742,6.385929366039046,-50.86958464653791,487,21,median,-0.2,10-16,wmape,10,-0.0022283628079726725,-0.00548035466741581,-0.002200408053071534
day,6.326196191919002,11.074355603373776,6.385941523235489,-49.043692703772265,2208,34,mean,0.05,all,none,0,-0.0022160511622475454,-0.00026027765105851586,-0.0021882508566291037
hour,6.3262027870966815,11.065974132339957,6.385948035676832,-51.1229809706454,460,8,median,-0.3,11-15,none,0,-0.0022094559845680095,-0.008641748684878436,-0.0021817384152855723
day,6.326207387469863,11.078069357030893,6.385952578338448,-49.336178004138446,460,1,mean,0.05,11-15,none,0,-0.0022048556113860585,0.003453476006058054,-0.002177195753669814
hour,6.3262082557530315,11.07411524685843,6.385953435729028,-50.375960758574685,356,55,median,-0.2,11-15,wmape,15,-0.0022039873282180267,-0.0005006341664053338,-0.002176338363089947
day,6.326218340523002,11.079996108953488,6.385963393985813,-48.399130246757686,2208,3,mean,0.05,all,none,0,-0.0021939025582478067,0.005380227928652559,-0.002166380106304544
hour,6.326219875789772,11.068003631253138,6.385964909992701,-50.2401208523458,306,21,median,-0.3,11-15,wmape,20,-0.002192367291477204,-0.006612249771697165,-0.002164864099416519
hour,6.326222657527938,11.075418684237198,6.3859676568340324,-48.22847990772209,578,55,mean,0.05,10-16,wmape,10,-0.0021895855533111686,0.0008028032123625906,-0.002162117258085239
day,6.326231018516049,11.078308625966294,6.385975912933761,-49.34966330132596,245,1,mean,0.05,11-15,absbias,100,-0.0021812245652004236,0.00369274494145877,-0.002153861158356918
day,6.326234619944217,11.07638382694531,6.385979469182103,-49.27136882719691,644,3,mean,0.05,10-16,none,0,-0.002177623137032292,0.0017679459204753556,-0.0021503049100148885
hour,6.326235756308502,11.074712421857562,6.385980591290726,-48.64102017114011,399,55,mean,0.05,11-15,wmape,20,-0.002176486772747843,9.654083272714331e-05,-0.00214918280139198
hour,6.32623885436151,11.064297374060663,6.38598365047874,-50.65501030713781,412,8,median,-0.2,11-15,wmape,10,-0.0021733887197399326,-0.010318506964171803,-0.0021461236133779593
hour,6.3262393236543275,11.081531640090255,6.385984113884289,-51.225536122242374,402,5,median,-0.3,11-15,wmape,10,-0.002172919426921993,0.0069157590654196355,-0.0021456602078284703
hour,6.326252283645549,11.066953485874281,6.385996911292749,-50.38460486722639,401,5,median,-0.1,10-16,wmape,15,-0.0021599594357004648,-0.007662395150553891,-0.002132862799368418
day,6.3262543679490415,11.074370771474513,6.385998969448709,-49.47497986584573,828,21,mean,0.05,10-18,none,0,-0.002157875132207998,-0.00024510955032219783,-0.002130804643408979
hour,6.326258288853443,11.074615881024835,6.386002841165463,-50.070337328024166,67,21,median,-0.1,11-15,absbias,100,-0.0021539542278068424,0.0,-0.0021269329266546677
hour,6.326260795616612,11.075924912918591,6.386005316481351,-48.318991072736644,644,34,mean,0.05,10-16,none,0,-0.002151447464637357,0.0013090318937560852,-0.002124457610766406
hour,6.326261920834581,11.074712421857562,6.386006427583489,-48.80171941293394,331,55,mean,0.05,11-15,wmape,35,-0.002150322246668779,9.654083272714331e-05,-0.002123346508628998
day,6.326278619646974,11.076553849925277,6.386022916909708,-49.304549731495285,42,1,mean,0.05,10-16,absbias,500,-0.002133623434275478,0.0019379689004423994,-0.0021068571824098825
day,6.326280281692206,11.074144569336516,6.386024558104622,-49.52743869603246,460,8,mean,0.05,11-15,none,0,-0.0021319613890433686,-0.00047131168831882064,-0.00210521598749569
hour,6.326285210669525,11.07471956637508,6.386029425248044,-48.82422779953533,519,34,mean,0.05,all,wmape,35,-0.0021270324117246275,0.00010368535024518621,-0.0021003488440740625
day,6.326297426695168,11.079168941737521,6.386041488023958,-49.18885033110378,35,1,mean,0.1,11-15,wmape,12,-0.002114816386081131,0.004553060712686019,-0.002088286068159917
day,6.326308961742087,11.074166144741739,6.386052878364004,-49.25797295319575,63,1,mean,0.05,10-18,wmape,12,-0.0021032813391625993,-0.00044973628309641356,-0.002076895728113648
day,6.326317661558209,11.07481363838649,6.386061469041153,-49.492816102540445,828,14,mean,0.05,10-18,none,0,-0.0020945815230408726,0.0001977573616542827,-0.0020683050509644474
hour,6.326325218174766,11.068330966052416,6.386068930860148,-50.234636811778856,460,8,median,-0.1,11-15,none,0,-0.0020870249064834923,-0.006284914972418676,-0.0020608432319697556
day,6.326330147379154,11.084387392179043,6.386073798227793,-49.15353063737079,85,1,mean,0.1,11-15,absbias,250,-0.002082095702095721,0.009771511154207602,-0.0020559758643248216
day,6.32633213125678,11.074615881024835,6.386075757217722,-51.65566985515927,15,14,mean,0.8,19-23,absbias,250,-0.0020801118244690997,0.0,-0.002054016874395437
day,6.32633213125678,11.074615881024835,6.386075757217722,-51.65566985515927,15,21,mean,0.8,19-23,absbias,250,-0.0020801118244690997,0.0,-0.002054016874395437
day,6.32633213125678,11.074615881024835,6.386075757217722,-51.65566985515927,15,34,mean,0.8,19-23,absbias,250,-0.0020801118244690997,0.0,-0.002054016874395437
hour,6.326332461368812,11.070573409724279,6.3860760831885095,-50.163353577786104,385,13,median,-0.1,10-16,wmape,15,-0.0020797817124371676,-0.0040424713005560164,-0.002053690903608185
hour,6.326332461368812,11.070573409724279,6.3860760831885095,-50.163353577786104,385,13,median,-0.1,10-18,wmape,15,-0.0020797817124371676,-0.0040424713005560164,-0.002053690903608185
day,6.3263456034610615,11.059216370539067,6.386089060413544,-50.132497235636244,20,5,mean,0.3,19-23,wmape,12,-0.002066639620188049,-0.01539951048576782,-0.0020407136785740576
hour,6.3263638597600504,11.074615881024835,6.3861070876877255,-51.08815421409844,42,34,mean,-0.5,11-15,absbias,250,-0.0020483833211990543,0.0,-0.002022686404392182
hour,6.326364539504777,11.07470033179941,6.386107758905071,-48.68113352875607,453,34,mean,0.05,11-15,wmape,10,-0.0020477035764727702,8.445077457430727e-05,-0.0020220151870464775
hour,6.326365969387587,11.070893511211962,6.3861091708500375,-50.1172988166785,119,8,median,-0.1,11-15,absbias,100,-0.0020462736936623926,-0.0037223698128734384,-0.002020603242080199
hour,6.326370892481966,11.068548625367477,6.386114032184323,-50.06069690697947,353,8,median,-0.1,11-15,wmape,15,-0.0020413505992831205,-0.006067255657358217,-0.0020157419077948546
hour,6.326371797592873,11.075418684237198,6.386114925940636,-48.19276965899348,644,55,mean,0.05,10-16,none,0,-0.0020404454883768963,0.0008028032123625906,-0.002014848151481452
hour,6.326385726980986,11.069060737187117,6.386128680584929,-51.41221734182464,487,21,median,-0.3,10-16,wmape,10,-0.00202651610026372,-0.005555143837717935,-0.0020010935071885783
day,6.326393950461259,11.074738060576665,6.386136800901849,-49.41268930837405,828,34,mean,0.05,10-18,none,0,-0.002018292619990092,0.00012217955183047025,-0.0019929731902683656
hour,6.326396733184479,11.074615881024835,6.386139548715879,-50.043569952630556,66,55,median,-0.1,11-15,absbias,100,-0.00201550989677024,0.0,-0.001990225376238719
hour,6.326397966863523,11.075854800372632,6.38614076691845,-50.85528868273269,382,55,median,-0.3,10-16,wmape,15,-0.0020142762177268736,0.0012389193477968519,-0.0019890071736679005
hour,6.326397966863523,11.075854800372632,6.38614076691845,-50.85528868273269,382,55,median,-0.3,10-18,wmape,15,-0.0020142762177268736,0.0012389193477968519,-0.0019890071736679005
day,6.3263984057468345,11.077711679092022,6.386141200295982,-49.415903659384746,105,1,mean,0.05,10-16,wmape,10,-0.0020138373344149585,0.0030957980671875163,-0.0019885737961358174
hour,6.326408799165932,11.074615881024835,6.386151463329899,-49.64615946748742,7,8,median,-0.2,11-15,absbias,500,-0.002003443915317149,0.0,-0.0019783107622188822
hour,6.326408799165932,11.074615881024835,6.386151463329899,-49.64615946748742,6,13,median,-0.2,11-15,absbias,500,-0.002003443915317149,0.0,-0.0019783107622188822
hour,6.326408799165932,11.074615881024835,6.386151463329899,-49.64615946748742,6,21,median,-0.2,11-15,absbias,500,-0.002003443915317149,0.0,-0.0019783107622188822
hour,6.326408799165932,11.074615881024835,6.386151463329899,-49.64615946748742,6,34,median,-0.2,11-15,absbias,500,-0.002003443915317149,0.0,-0.0019783107622188822
hour,6.326408799165932,11.074615881024835,6.386151463329899,-49.64615946748742,6,55,median,-0.2,11-15,absbias,500,-0.002003443915317149,0.0,-0.0019783107622188822
hour,6.326430576397335,11.066896323531942,6.386172967366485,-50.94973163644662,401,5,median,-0.2,10-16,wmape,15,-0.001981666683914085,-0.007719557492892548,-0.0019568067256328092
hour,6.326431291712808,11.07470033179941,6.386173673708346,-48.75601345862729,428,34,mean,0.05,11-15,wmape,15,-0.0019809513684414526,8.445077457430727e-05,-0.001956100383771364
day,6.326433406714467,11.078754629682683,6.386175762177364,-48.768803211472836,644,3,mean,0.1,10-16,none,0,-0.0019788363667823106,0.004138748657847913,-0.0019540119147540835
day,6.326451184428146,11.07064037813155,6.3861933168700755,-48.204940708911835,144,1,mean,0.05,all,absbias,500,-0.0019610586531033647,-0.003975502893284855,-0.001936457222042165
hour,6.326466024417362,11.069460304845547,6.386207970692001,-50.14527165909246,251,13,median,-0.2,11-15,wmape,25,-0.0019462186638872225,-0.005155576179287635,-0.0019218034001164952
hour,6.326468249870082,11.074588954003968,6.386210168226472,-50.4990134388189,382,55,median,-0.2,10-16,wmape,15,-0.0019439932111673386,-2.6927020867262286e-05,-0.0019196058656456572
hour,6.326468249870082,11.074588954003968,6.386210168226472,-50.4990134388189,382,55,median,-0.2,10-18,wmape,15,-0.0019439932111673386,-2.6927020867262286e-05,-0.0019196058656456572
hour,6.326471946695851,11.069452639106178,6.386213818675657,-50.34892740710451,330,13,median,-0.2,10-16,wmape,20,-0.0019402963853982769,-0.0051632419186571354,-0.001915955416460946
hour,6.326471946695851,11.069452639106178,6.386213818675657,-50.34892740710451,330,13,median,-0.2,10-18,wmape,20,-0.0019402963853982769,-0.0051632419186571354,-0.001915955416460946
hour,6.32647713218168,11.074615881024835,6.386218939109699,-51.17953361004465,66,55,median,-0.5,11-15,absbias,100,-0.0019351108995691035,0.0,-0.0019108349824188409
hour,6.326483444956499,11.075099673536242,6.386225172690916,-48.83200448514995,556,21,mean,0.05,all,wmape,35,-0.0019287981247506636,0.0004837925114067332,-0.0019046014012014112
hour,6.326491428330903,11.077545913854713,6.386233055914091,-48.44202829500096,583,21,mean,0.05,10-16,wmape,10,-0.0019208147503464446,0.0029300328298784706,-0.001896718178026724
day,6.326493224947992,11.083977584811318,6.386234829992665,-48.971276696052556,720,3,mean,0.05,all,absbias,100,-0.0019190181332575662,0.009361703786483488,-0.0018949440994528999
hour,6.326508788883778,11.074615881024835,6.386250198679272,-50.04984801390013,67,34,median,-0.1,11-15,absbias,100,-0.0019034541974711772,0.0,-0.0018795754128460018
hour,6.326511382224403,11.077330054839532,6.386252759486505,-48.54913416262619,546,21,mean,0.05,10-16,wmape,15,-0.0019008608568462648,0.002714173814696963,-0.0018770146056130699
hour,6.326511914882027,11.077334023923727,6.38625328546195,-48.55415105362817,550,21,mean,0.05,10-18,wmape,15,-0.0019003281992224785,0.002718142898892495,-0.0018764886301676498
hour,6.32651760657413,11.066498311947521,6.386258905751921,-50.266242666183174,404,8,median,-0.1,10-16,wmape,15,-0.001894636507119074,-0.008117569077313647,-0.001870868340196452
hour,6.32651760657413,11.066498311947521,6.386258905751921,-50.266242666183174,404,8,median,-0.1,10-18,wmape,15,-0.001894636507119074,-0.008117569077313647,-0.001870868340196452
day,6.326525881320691,11.090318438477311,6.386267076691997,-49.002873570527655,49,1,mean,0.1,10-16,wmape,12,-0.0018863617605582306,0.015702557452476285,-0.001862697400120794
hour,6.326526137008097,11.07573444808482,6.386267329171812,-48.932474651106205,347,21,mean,0.05,11-15,wmape,35,-0.0018861060731527601,0.0011185670599846986,-0.0018624449203059612
day,6.326529222095564,11.058601192413366,6.386270375556934,-49.89600660961403,75,3,mean,-0.1,19-23,wmape,10,-0.0018830209856854907,-0.016014688611468486,-0.0018593985351840203
hour,6.326531495695788,11.07470033179941,6.3862726206349,-48.648780432447694,460,34,mean,0.05,11-15,none,0,-0.001880747385461845,8.445077457430727e-05,-0.0018571534572178194
hour,6.326536726479398,11.076026115875978,6.3862777857984625,-48.79679666915081,613,21,mean,0.05,all,wmape,25,-0.001875516601851146,0.0014102348511428886,-0.0018519882936551824
day,6.326541727784743,11.078664502370556,6.386282724362559,-49.11565710103501,644,8,mean,0.1,10-16,none,0,-0.00187051529650617,0.004048621345720704,-0.0018470497295588473
hour,6.326544202172457,11.069028909887471,6.386285167709143,-48.73773415385012,2208,55,mean,0.05,all,none,0,-0.0018680409087927785,-0.005586971137363506,-0.0018446063829751225
hour,6.3265493025307595,11.071780672927702,6.386290204083579,-50.04494363292083,362,21,median,-0.1,11-15,wmape,15,-0.0018629405504899665,-0.002835208097133446,-0.0018395700085385158
hour,6.326549711999238,11.07166946613874,6.386290608415288,-50.20294028579159,430,21,median,-0.1,11-15,wmape,10,-0.0018625310820112873,-0.002946414886094928,-0.001839165676829957
hour,6.326555691610208,11.07573444808482,6.386296513012189,-48.85152141861862,373,21,mean,0.05,11-15,wmape,25,-0.0018565514710413566,0.0011185670599846986,-0.0018332610799287608
day,6.326556539842912,11.068697649324994,6.386297350603834,-48.42643486311191,168,1,mean,0.05,all,wmape,12,-0.0018557032383377248,-0.005918231699840959,-0.0018324234882838297
day,6.326570692139883,11.072847781784617,6.3863113253606,-49.525594919889805,203,5,mean,0.05,10-16,absbias,100,-0.0018415509413660658,-0.001768099240218035,-0.0018184487315178188
day,6.326573264097725,11.073993994214728,6.386313865053294,-49.608791707993184,460,14,mean,0.05,11-15,none,0,-0.0018389789835246972,-0.0006218868101068864,-0.001815909038823449
day,6.32657840758252,11.073552516471699,6.386318944013203,-49.196544209866495,2208,21,mean,0.05,all,none,0,-0.001833835498729286,-0.0010633645531363811,-0.0018108300789148046
hour,6.326587671801163,11.074712421857562,6.38632809201246,-48.562373076663135,453,55,mean,0.05,11-15,wmape,10,-0.0018245712800863956,9.654083272714331e-05,-0.001801682079658029
hour,6.3265973862749565,11.075145475149133,6.386337684618424,-48.37996509957274,451,55,mean,0.05,10-16,absbias,100,-0.0018148568062930082,0.000529594124298427,-0.001792089473693359
hour,6.326597421397641,11.06789220094702,6.386337719300496,-50.47797202518995,269,13,median,-0.3,10-16,wmape,25,-0.0018148216836086917,-0.00672368007781543,-0.001792054791621922
hour,6.326597421397641,11.06789220094702,6.386337719300496,-50.47797202518995,269,13,median,-0.3,10-18,wmape,25,-0.0018148216836086917,-0.00672368007781543,-0.001792054791621922
day,6.326597547261531,11.074375389774579,6.386337843585428,-49.34279178466784,644,5,mean,0.05,10-16,none,0,-0.0018146958197187146,-0.0002404912502562695,-0.0017919305066893543
hour,6.326598414446641,11.089201375858302,6.386338699891721,-51.20802023103106,415,5,mean,-0.1,11-15,wmape,15,-0.0018138286346083277,0.014585494833466939,-0.0017910742003968139
hour,6.326618924974474,11.08736580504918,6.386358953115503,-50.377428499796174,213,1,mean,-0.1,11-15,wmape,35,-0.001793318106775743,0.012749924024344494,-0.0017708209766142957
hour,6.326618924974474,11.08736580504918,6.386358953115503,-50.377428499796174,213,1,median,-0.1,11-15,wmape,35,-0.001793318106775743,0.012749924024344494,-0.0017708209766142957
day,6.3266195584278995,11.074615881024835,6.386359578622272,-49.93776958558357,20,8,mean,0.1,19-23,absbias,250,-0.0017926846533500296,0.0,-0.0017701954698452482
hour,6.326619833812257,11.074615881024835,6.386359850551939,-49.77317912788016,27,21,median,-0.1,10-16,absbias,250,-0.0017924092689929338,0.0,-0.0017699235401789082
hour,6.326619833812257,11.074615881024835,6.386359850551939,-49.77317912788016,27,34,median,-0.1,10-16,absbias,250,-0.0017924092689929338,0.0,-0.0017699235401789082
hour,6.326619833812257,11.074615881024835,6.386359850551939,-49.77317912788016,27,55,median,-0.1,10-16,absbias,250,-0.0017924092689929338,0.0,-0.0017699235401789082
day,6.326631144285382,11.08509375586178,6.386371019135464,-48.45614347538933,408,1,mean,0.05,all,absbias,250,-0.0017810987958677416,0.010477874836945844,-0.0017587549566533411
day,6.32663716261624,11.074370481811858,6.3863769619665165,-49.56501489504715,460,34,mean,0.05,11-15,none,0,-0.0017750804650091823,-0.0002453992129769489,-0.0017528121256011886
hour,6.326637273333345,11.07693032772519,6.386377071294677,-51.48354465872629,460,3,mean,-0.1,11-15,none,0,-0.0017749697479043647,0.0023144467003550773,-0.0017527027974404419
day,6.326649441889713,11.04270691998165,6.386389087196815,-50.040961077388445,75,3,mean,-0.2,19-23,wmape,10,-0.0017628011915364894,-0.03190896104318419,-0.001740686895302268
day,6.3266497836161575,11.075486162343518,6.38638942463631,-49.292995978441006,460,8,mean,0.1,11-15,none,0,-0.0017624594650920145,0.0008702813186829417,-0.0017403494558072552
hour,6.32665034843771,11.064913169391117,6.38638998237219,-50.9183067566142,269,13,median,-0.5,10-16,wmape,25,-0.0017618946435398186,-0.009702711633718053,-0.0017397917199275525
hour,6.32665034843771,11.064913169391117,6.38638998237219,-50.9183067566142,269,13,median,-0.5,10-18,wmape,25,-0.0017618946435398186,-0.009702711633718053,-0.0017397917199275525
hour,6.326654424009195,11.074712421857562,6.386394006815735,-48.63725300653435,428,55,mean,0.05,11-15,wmape,15,-0.0017578190720541897,9.654083272714331e-05,-0.0017357672763829157
hour,6.326661101376345,11.07011632876095,6.386400600415482,-49.24535500487533,1066,34,mean,0.05,all,absbias,100,-0.0017511417049043132,-0.00449955226388532,-0.0017291736766358312
hour,6.326675926343232,11.077545913854713,6.3864152394035365,-48.391760606740476,644,21,mean,0.05,10-16,none,0,-0.0017363167380173294,0.0029300328298784706,-0.0017145346885811819
hour,6.3266768859721045,11.07573444808482,6.38641618699389,-48.833124228886405,399,21,mean,0.05,11-15,wmape,20,-0.0017353571091449638,0.0011185670599846986,-0.0017135870982274426
day,6.326679802069302,11.075322236401792,6.386419066508721,-49.0431304163766,72,1,mean,0.05,7-18,absbias,500,-0.001732441011947472,0.0007063553769572906,-0.0017107075833964203
hour,6.326696044693294,11.074615881024835,6.386435105369406,-50.0330440295227,42,34,mean,-0.1,11-15,absbias,250,-0.0017161983879558917,0.0,-0.001694668722711512
hour,6.326710037699636,11.075803956098424,6.38644892283384,-48.49391398889719,395,34,mean,0.05,10-16,absbias,100,-0.0017022053816138083,0.00118807507358909,-0.0016808512582775492
hour,6.326727462037112,11.074570821671964,6.386466128583441,-50.66131771492056,429,34,median,-0.2,11-15,wmape,10,-0.0016847810441378286,-4.505935287113516e-05,-0.0016636455086764812
hour,6.326734794197342,11.08184670180879,6.38647336876191,-50.68542164521748,321,3,mean,-0.1,10-16,wmape,35,-0.0016774488839077506,0.007230820783954428,-0.0016564053302072779
day,6.326737629782861,11.076443433273374,6.386476168775081,-49.47515272206811,210,3,mean,0.05,10-16,absbias,100,-0.001674613298388472,0.0018275522485389217,-0.0016536053170366216
hour,6.326739931747258,11.074395863911466,6.386478441861393,-50.50538513329979,387,34,median,-0.2,10-16,wmape,15,-0.001672311333991594,-0.00022001711336905316,-0.001651332230724556
hour,6.326739931747258,11.074395863911466,6.386478441861393,-50.50538513329979,387,34,median,-0.2,10-18,wmape,15,-0.001672311333991594,-0.00022001711336905316,-0.001651332230724556
day,6.326742381644414,11.074124576836972,6.386480861024651,-49.59916012573087,460,21,mean,0.05,11-15,none,0,-0.0016698614368353404,-0.0004913041878626956,-0.0016489130674663954
day,6.32674309540826,11.075239328338709,6.386481565834347,-49.3990113977659,460,3,mean,0.05,11-15,none,0,-0.0016691476729890908,0.0006234473138739816,-0.001648208257770456
hour,6.326748941754495,11.06449865374298,6.386487338838316,-50.2441817652458,314,8,median,-0.2,11-15,wmape,20,-0.0016633013267544072,-0.010117227281854824,-0.0016424352538013665
hour,6.326751881630495,11.088493580593138,6.3864902418336476,-51.36225357660338,444,5,mean,-0.1,11-15,wmape,10,-0.001660361450754877,0.01387769956830276,-0.0016395322584701333
hour,6.326754627992175,11.074712421857562,6.386492953742288,-48.53001998035476,460,55,mean,0.05,11-15,none,0,-0.0016576150890745822,9.654083272714331e-05,-0.001636820349829371
hour,6.326759018583123,11.074615881024835,6.386497289253384,-50.18430147208642,34,21,median,-0.2,10-18,absbias,250,-0.0016532244981268818,0.0,-0.0016324848387334612
hour,6.326759018583123,11.074615881024835,6.386497289253384,-50.18430147208642,34,34,median,-0.2,10-18,absbias,250,-0.0016532244981268818,0.0,-0.0016324848387334612
hour,6.326759018583123,11.074615881024835,6.386497289253384,-50.18430147208642,34,55,median,-0.2,10-18,absbias,250,-0.0016532244981268818,0.0,-0.0016324848387334612
day,6.326763284664473,11.093863801621653,6.386501501816853,-48.54319283216355,84,1,mean,0.1,7-18,wmape,12,-0.0016489584167764804,0.019247920596818346,-0.0016282722752647416
hour,6.326763771543726,11.071814322213312,6.386501982588219,-50.45821917203878,304,2,mean,-0.1,10-16,wmape,35,-0.0016484715375231218,-0.0028015588115231083,-0.0016277915038989121
hour,6.326763771543726,11.071814322213312,6.386501982588219,-50.45821917203878,304,2,median,-0.1,10-16,wmape,35,-0.0016484715375231218,-0.0028015588115231083,-0.0016277915038989121
day,6.3267733485766255,11.103687278182715,6.3865114394774825,-48.72675963809603,35,1,mean,0.2,11-15,wmape,12,-0.0016388945046239556,0.029071397157879986,-0.0016183346146352307
day,6.326780055213208,11.08410540316973,6.386518061979479,-49.08553248157832,441,1,mean,0.05,10-18,absbias,100,-0.0016321878680418678,0.009489522144894735,-0.0016117121126386635
hour,6.326792339491479,11.075673388393371,6.38653019215179,-50.50626030658444,345,5,median,-0.2,11-15,wmape,15,-0.0016199035897708214,0.001057507368535937,-0.0015995819403276101
hour,6.326793862488392,11.074818042565399,6.386531696042747,-51.09656742132554,429,34,median,-0.3,11-15,wmape,10,-0.0016183805928573491,0.00020216154056384994,-0.0015980780493709545
day,6.326795407917259,11.062568076551138,6.386533222084248,-49.627585122356585,24,14,mean,0.3,all,wmape,12,-0.001616835163990693,-0.012047804473697354,-0.0015965520078697892
day,6.326795424472566,11.062568199912567,6.386533238431868,-49.66721575050328,5,14,mean,1.2,19-23,wmape,12,-0.0016168186086833458,-0.012047681112267838,-0.0015965356602496428
hour,6.326814411234246,11.075723729329216,6.386551987005104,-50.8641125735326,387,34,median,-0.3,10-16,wmape,15,-0.0015978318470031283,0.0011078483043807097,-0.0015777870870135047
hour,6.326814411234246,11.075723729329216,6.386551987005104,-50.8641125735326,387,34,median,-0.3,10-18,wmape,15,-0.0015978318470031283,0.0011078483043807097,-0.0015777870870135047
day,6.326819212170263,11.074557386248188,6.386556727713501,-49.52528922261186,672,8,mean,0.05,all,absbias,100,-0.0015930309109863927,-5.8494776647322055e-05,-0.0015730463786169935
day,6.326819401768638,11.073185787389873,6.38655691493337,-49.19788096810914,54,1,mean,0.05,10-18,absbias,500,-0.0015928413126111707,-0.0014300936349620486,-0.0015728591587480523
day,6.326822447874327,11.079967252059337,6.3865599228257395,-49.27686109349241,644,2,mean,0.05,10-16,none,0,-0.0015897952069225951,0.005351371034501895,-0.0015698512663782083
day,6.326822862777025,11.074615881024835,6.386560332523494,-49.71688064720277,252,14,mean,0.05,7-18,absbias,100,-0.001589380304224619,0.0,-0.0015694415686233754
day,6.326823977529289,11.074615881024835,6.386561433291218,-49.99503376987866,15,14,mean,0.1,19-23,absbias,250,-0.001588265551960788,0.0,-0.0015683408008992927
day,6.326823977529289,11.074615881024835,6.386561433291218,-49.99503376987866,15,21,mean,0.1,19-23,absbias,250,-0.001588265551960788,0.0,-0.0015683408008992927
day,6.326823977529289,11.074615881024835,6.386561433291218,-49.99503376987866,15,34,mean,0.1,19-23,absbias,250,-0.001588265551960788,0.0,-0.0015683408008992927
hour,6.326828209251791,11.074615881024835,6.38656561192687,-51.19920314377032,67,34,median,-0.5,11-15,absbias,100,-0.0015840338294585976,0.0,-0.0015641621652475735
hour,6.3268361836518086,11.061303633600438,6.386573486288243,-51.60712545514548,385,13,median,-0.5,10-16,wmape,15,-0.0015760594294409458,-0.013312247424396517,-0.0015562878038748451
hour,6.3268361836518086,11.061303633600438,6.386573486288243,-51.60712545514548,385,13,median,-0.5,10-18,wmape,15,-0.0015760594294409458,-0.013312247424396517,-0.0015562878038748451
hour,6.326868942960353,11.078490602737153,6.386605834632091,-48.427696086988504,1104,21,mean,0.05,7-18,none,0,-0.0015433001208968733,0.0038747217123180633,-0.0015239394600268241
hour,6.326870015389485,11.069251055410062,6.3866068936076275,-50.086026299576105,306,21,median,-0.2,11-15,wmape,20,-0.0015422276917647082,-0.005364825614773139,-0.00152288048449023
hour,6.326871884502484,11.07411524685843,6.386608739272652,-50.700429730261824,429,55,median,-0.2,11-15,wmape,10,-0.0015403585787652219,-0.0005006341664053338,-0.0015210348194658607
hour,6.3268746510511775,11.065442735198461,6.38661147111506,-52.33623744520143,460,13,median,-0.5,11-15,none,0,-0.001537592030071977,-0.009173145826373741,-0.0015183029770575729
day,6.326875969157126,11.06316837649989,6.386612772685406,-50.54622173012059,24,3,mean,0.3,all,wmape,15,-0.0015362739241231438,-0.011447504524944918,-0.0015170014067118487
day,6.326882159670068,11.074202585437655,6.386618885538517,-48.332906584112514,2208,34,mean,0.1,all,none,0,-0.0015300834111817707,-0.00041329558717961845,-0.001510888553601042
hour,6.3268823868230895,11.06841582910233,6.386619109841912,-50.22067647103068,412,8,median,-0.1,11-15,wmape,10,-0.001529856258160045,-0.006200051922505168,-0.0015106642502056289
hour,6.326899253722945,11.074585075410164,6.386635765146935,-50.28798408258352,460,34,median,-0.1,11-15,none,0,-0.0015129893583045728,-3.0805614670725845e-05,-0.001494008945182479
hour,6.326905366337209,11.074615881024835,6.386641801078607,-49.50639564956826,8,8,median,-0.3,10-16,absbias,500,-0.0015068767440409303,0.0,-0.0014879730135106684
hour,6.326905366337209,11.074615881024835,6.386641801078607,-49.50639564956826,7,13,median,-0.3,10-16,absbias,500,-0.0015068767440409303,0.0,-0.0014879730135106684
hour,6.326905366337209,11.074615881024835,6.386641801078607,-49.50639564956826,7,21,median,-0.3,10-16,absbias,500,-0.0015068767440409303,0.0,-0.0014879730135106684
hour,6.326905366337209,11.074615881024835,6.386641801078607,-49.50639564956826,7,34,median,-0.3,10-16,absbias,500,-0.0015068767440409303,0.0,-0.0014879730135106684
hour,6.326905366337209,11.074615881024835,6.386641801078607,-49.50639564956826,7,55,median,-0.3,10-16,absbias,500,-0.0015068767440409303,0.0,-0.0014879730135106684
hour,6.326926094213893,11.068003631253138,6.386662268924606,-50.44315596853007,329,21,median,-0.3,10-16,wmape,20,-0.0014861488673565404,-0.006612249771697165,-0.0014675051675112627
hour,6.326926094213893,11.068003631253138,6.386662268924606,-50.44315596853007,329,21,median,-0.3,10-18,wmape,20,-0.0014861488673565404,-0.006612249771697165,-0.0014675051675112627
day,6.326928165616316,11.077966542802034,6.3866643143413375,-49.35793232390616,264,5,mean,0.05,all,absbias,250,-0.0014840774649336197,0.0033506617771994485,-0.0014654597507801626
hour,6.3269305794057695,11.069339888665796,6.386666697849861,-50.24736591833005,269,13,median,-0.2,10-16,wmape,25,-0.0014816636754799717,-0.005275992359038639,-0.0014630762422562782
hour,6.3269305794057695,11.069339888665796,6.386666697849861,-50.24736591833005,269,13,median,-0.2,10-18,wmape,25,-0.0014816636754799717,-0.005275992359038639,-0.0014630762422562782
hour,6.3269352921658415,11.074615881024835,6.386671351488481,-50.01058601890323,39,55,mean,-0.1,11-15,absbias,250,-0.001476950915408004,0.0,-0.001458422603636933
hour,6.326937064997311,11.06659064093459,6.386673102079825,-50.62219493953912,272,21,median,-0.5,11-15,wmape,25,-0.0014751780839388218,-0.008025240090244523,-0.0014566720122930477
day,6.326938755257689,11.083970478313203,6.386674771135927,-49.062561356093454,828,1,mean,0.05,10-18,none,0,-0.0014734878235609372,0.009354597288368183,-0.0014550029561908318
day,6.326943482010715,11.074134053948411,6.386679438591958,-49.3530963853518,84,3,mean,0.1,10-16,absbias,250,-0.0014687610705346188,-0.0004818270764239685,-0.0014503355001593832
hour,6.326946415309513,11.077553175061292,6.386682335092598,-48.598939489091485,330,21,mean,0.05,10-16,absbias,100,-0.0014658277717360946,0.0029372940364567057,-0.0014474389995200454
hour,6.326948859357401,11.074615881024835,6.386684748479965,-50.24407045721387,62,21,mean,-0.1,11-15,absbias,250,-0.001463383723848466,0.0,-0.0014450256121527616
day,6.326970015226152,11.07358957243147,6.38670563894888,-49.404268137160784,348,5,mean,0.05,7-18,absbias,100,-0.0014422278550974,-0.0010263085933654992,-0.0014241351432380256
hour,6.326970156123784,11.07407096033273,6.386705778078955,-49.9480103576593,35,8,median,-0.1,11-15,absbias,250,-0.0014420869574651718,-0.0005449206921053218,-0.001423996013162565
hour,6.3269714083856305,11.073862109249834,6.386707014631209,-51.15513619106391,429,55,median,-0.3,11-15,wmape,10,-0.0014408346956189533,-0.0007537717750008,-0.0014227594609090843
hour,6.326973138847768,11.074330364449422,6.38670872338474,-48.6311243957048,700,55,mean,0.05,all,wmape,20,-0.0014391042334818138,-0.0002855165754134248,-0.0014210507073775247
day,6.326976095081342,11.063914462176745,6.3867116425324415,-50.02704169904186,96,5,mean,0.05,all,wmape,12,-0.0014361479999074334,-0.010701418848089617,-0.0014181315596761834
hour,6.3269780097151385,11.068470903836884,6.386713533147205,-50.29081776732686,272,21,median,-0.3,11-15,wmape,25,-0.0014342333661110374,-0.0061449771879509285,-0.0014162409449127722
hour,6.32698124872571,11.071780672927702,6.386716731524471,-50.124553010302115,391,21,median,-0.1,10-16,wmape,15,-0.0014309943555392834,-0.002835208097133446,-0.0014130425676466274
hour,6.32698124872571,11.071780672927702,6.386716731524471,-50.124553010302115,391,21,median,-0.1,10-18,wmape,15,-0.0014309943555392834,-0.002835208097133446,-0.0014130425676466274
hour,6.326981473370752,11.049570104855048,6.386716953351344,-49.54314400390889,369,2,mean,-0.1,all,wmape,35,-0.0014307697104971595,-0.02504577616978665,-0.0014128207407733129
hour,6.326981473370752,11.049570104855048,6.386716953351344,-49.5431440039089,369,2,median,-0.1,all,wmape,35,-0.0014307697104971595,-0.02504577616978665,-0.0014128207407733129
day,6.326997072810114,11.078813371845325,6.386732357096138,-49.178499126764535,210,3,mean,0.1,10-16,absbias,100,-0.0014151702711355796,0.004197490820489591,-0.0013974169959798388
hour,6.32700454565181,11.074333407517642,6.386739736191223,-50.3089780866483,460,55,median,-0.1,11-15,none,0,-0.0014076974294399136,-0.0002824735071929041,-0.0013900379008946473
hour,6.3270072859164,11.07438749802167,6.386742442079263,-48.67806674796224,324,55,mean,0.05,11-15,absbias,100,-0.001404957164849563,-0.00022838300316507798,-0.0013873320128547917
day,6.327007909549794,11.074297410396488,6.386743057889191,-49.3431708763288,644,14,mean,0.1,10-16,none,0,-0.0014043335314557481,-0.0003184706283470007,-0.001386716202926408
day,6.32700815936182,11.064153388314919,6.386743304567334,-50.00759817156083,20,5,mean,0.2,19-23,wmape,12,-0.0014040837194295719,-0.01046249270991595,-0.0013864695247836067
day,6.327009139077933,11.074615881024835,6.386744271992932,-49.724399299186906,147,14,mean,0.05,10-16,absbias,100,-0.0014031040033168907,0.0,-0.0013855020991853095
day,6.327014391693499,11.074615881024835,6.386749458714569,-49.69986513988528,504,14,mean,0.05,all,absbias,100,-0.0013978513877503929,0.0,-0.001380315377549124
hour,6.327024565347007,11.074352299771125,6.386759504739851,-48.80607481960687,274,34,mean,0.05,11-15,absbias,100,-0.0013876777342423097,-0.00026358125371039876,-0.0013702693522663623
hour,6.327024811100913,11.063229390213603,6.386759747410782,-50.19246673307051,286,5,median,-0.1,10-16,wmape,25,-0.0013874319803361956,-0.011386490811231553,-0.0013700266813359008
day,6.3270254704124,11.081098323366726,6.386760398451222,-49.370786069606254,280,2,mean,0.05,10-16,absbias,100,-0.0013867726688499005,0.006482442341891215,-0.0013693756408956759
day,6.327027488672868,11.090048004912012,6.386762391392664,-48.8585606942521,42,1,mean,0.1,10-16,absbias,500,-0.0013847544083818164,0.01543212388717663,-0.0013673826994535787
hour,6.327028801464768,11.07573444808482,6.386763687715624,-48.754477134409406,453,21,mean,0.05,11-15,wmape,10,-0.0013834416164817398,0.0011185670599846986,-0.0013660863764934916
day,6.32702981080243,11.074615881024835,6.386764684391169,-50.55966417464941,35,34,mean,0.2,19-23,absbias,100,-0.001382432278819401,0.0,-0.0013650897009487295
hour,6.327030362442007,11.074615881024835,6.386765229110443,-49.97105075774821,34,21,median,-0.1,10-18,absbias,250,-0.0013818806392427163,0.0,-0.001364544981674598
hour,6.327030362442007,11.074615881024835,6.386765229110443,-49.97105075774821,34,34,median,-0.1,10-18,absbias,250,-0.0013818806392427163,0.0,-0.001364544981674598
hour,6.327030362442007,11.074615881024835,6.386765229110443,-49.97105075774821,34,55,median,-0.1,10-18,absbias,250,-0.0013818806392427163,0.0,-0.001364544981674598
day,6.32703470441269,11.07560013572671,6.386769516611214,-49.67184176109642,196,8,mean,0.05,10-16,absbias,100,-0.001377538668559275,0.0009842547018745762,-0.001360257480903293
hour,6.32703974721444,11.077067766144395,6.386774496151143,-51.343338865889756,419,3,mean,-0.1,11-15,wmape,10,-0.0013724958668097642,0.002451885119560515,-0.001355277940974453
hour,6.327046960008483,11.081139498015693,6.386781618460867,-50.50140861645187,259,3,mean,-0.1,11-15,wmape,35,-0.001365283072766843,0.006523616990858017,-0.0013481556312511245
day,6.32705708376182,11.074052611844499,6.386791615211976,-49.11814707552717,1104,5,mean,0.05,7-18,none,0,-0.0013551593194298661,-0.0005632691803363343,-0.001338158880141549
hour,6.3270577400259365,11.074657779153252,6.386792263243277,-49.34972029658495,472,34,median,0.05,10-18,wmape,10,-0.0013545030553130388,4.1898128417372504e-05,-0.0013375108488409282
day,6.327061299132504,11.074281768139585,6.386795777700942,-49.64699899801204,252,8,mean,0.05,10-18,absbias,100,-0.0013509439487453534,-0.00033411288525009297,-0.0013339963911755959
day,6.327064894240681,11.064576146764612,6.386799327708577,-49.6823131326544,5,14,mean,1.0,19-23,wmape,12,-0.0013473488405688627,-0.010039734260223199,-0.001330446383541073
day,6.327069262746984,11.07516276887081,6.386803641412081,-49.54431758406952,150,3,mean,0.05,11-15,absbias,100,-0.0013429803342654978,0.0005468878459744531,-0.0013261326800364515
day,6.327069265867308,11.076465632469484,6.386803644493259,-49.024088352610825,460,3,mean,0.1,11-15,none,0,-0.0013429772139419427,0.0018497514446487173,-0.001326129598858472
hour,6.32707164794442,11.066953485874281,6.386805996687274,-50.38112100087837,406,5,median,-0.1,10-18,wmape,15,-0.0013405951368294922,-0.007662395150553891,-0.0013237774048437956
hour,6.327073919637627,11.071659426243942,6.386808239882148,-50.322215304548045,487,21,median,-0.1,10-16,wmape,10,-0.0013383234436226132,-0.002956454780893125,-0.0013215342099694993
day,6.3270791596631515,11.074401254611058,6.3868134141716855,-49.40086029883508,460,2,mean,0.05,11-15,none,0,-0.0013330834180980133,-0.00021462641377745229,-0.0013163599204322196
hour,6.32708244530757,11.084613013606683,6.386816658597779,-51.3826736162485,256,5,mean,-0.1,11-15,absbias,100,-0.0013297977736792532,0.009997132581847978,-0.001313115494339101
hour,6.327090409873255,11.072373724033694,6.386824523248189,-48.89362049749033,1106,55,mean,0.05,all,absbias,100,-0.001321833207994061,-0.0022421569911408312,-0.0013052508439290733
hour,6.3270955536728,11.07573444808482,6.386829602518899,-48.82935706428063,428,21,mean,0.05,11-15,wmape,15,-0.001316689408449534,0.0011185670599846986,-0.0013001715732183783
hour,6.327096892587722,11.073862109249834,6.3868309246371675,-50.28370668485605,288,55,median,-0.3,10-16,wmape,20,-0.0013153504935274896,-0.0007537717750008,-0.0012988494549501794
hour,6.327096892587722,11.073862109249834,6.3868309246371675,-50.28370668485605,288,55,median,-0.3,11-15,wmape,20,-0.0013153504935274896,-0.0007537717750008,-0.0012988494549501794
hour,6.327096892587722,11.073862109249834,6.3868309246371675,-50.28370668485605,288,55,median,-0.3,10-18,wmape,20,-0.0013153504935274896,-0.0007537717750008,-0.0012988494549501794
day,6.327115902320375,11.0732770092205,6.386849695893209,-49.470258815439806,261,5,mean,0.05,10-18,absbias,100,-0.0012963407608745925,-0.0013388718043341186,-0.0012800781989090737
day,6.327119208504356,11.102484658599234,6.386852960601193,-48.53452965468507,30,1,mean,0.2,11-15,absbias,500,-0.0012930345768937812,0.027868777574399317,-0.0012768134909251216
hour,6.3271361306860365,11.074814979729176,6.3868696704945345,-50.16046634379758,345,5,median,-0.1,11-15,wmape,15,-0.0012761123952129694,0.0001990987043409831,-0.0012601035975832175
day,6.327141532379729,11.065147213831354,6.386875004424115,-49.30746221784922,12,1,mean,-0.1,7-18,wmape,20,-0.0012707107015206276,-0.00946866719348094,-0.001254769668002531
day,6.327141532379729,11.065147213831354,6.386875004424115,-49.30746221784922,12,1,mean,-0.1,7-18,wmape,25,-0.0012707107015206276,-0.00946866719348094,-0.001254769668002531
hour,6.327143075086244,11.07495737317811,6.386876527777417,-48.368420455784516,564,55,mean,0.05,7-18,wmape,25,-0.0012691679950052048,0.00034149215327516913,-0.0012532463147003625
hour,6.3271465181958195,11.075825758749607,6.38687992769327,-50.29983519546447,250,2,mean,-0.1,11-15,wmape,35,-0.0012657248854299752,0.0012098777247722126,-0.0012498463988475095
hour,6.3271465181958195,11.075825758749607,6.38687992769327,-50.29983519546447,250,2,median,-0.1,11-15,wmape,35,-0.0012657248854299752,0.0012098777247722126,-0.0012498463988475095
hour,6.327146848835994,11.074767793602684,6.386880254185573,-49.3530810405565,461,55,median,0.05,10-18,wmape,10,-0.0012653942452551803,0.0001519125778486341,-0.0012495199065449825
day,6.327150147379952,11.065211408277722,6.38688351134938,-50.2880832592043,24,3,mean,0.2,all,wmape,15,-0.0012620957012972056,-0.009404472747112536,-0.0012462627427378692
hour,6.327154538548873,11.074365815544422,6.386887847431198,-48.833669984009106,701,34,mean,0.05,all,wmape,20,-0.0012577045323762803,-0.00025006548041339727,-0.0012419266609198232
day,6.3271571009695045,11.075794359420495,6.386890377706328,-49.626387984851206,336,8,mean,0.05,7-18,absbias,100,-0.0012551421117450445,0.0011784783956603206,-0.0012393963857899593
hour,6.327168802368672,11.074837027752912,6.386901932311739,-50.25710869605134,302,34,median,-0.3,11-15,wmape,20,-0.001243440712577204,0.0002211467280766044,-0.0012278417803788244
hour,6.327176587253868,11.07460287743714,6.386909619535749,-50.05234046459103,353,34,median,-0.1,11-15,wmape,15,-0.0012356558273811658,-1.3003587694626617e-05,-0.0012201545563685912
day,6.3271830197891035,11.074258500039672,6.38691597137499,-49.23641756855565,828,5,mean,0.05,10-18,none,0,-0.001229223292146031,-0.0003573809851626919,-0.0012138027171273436
day,6.3271847615826955,11.07757327353147,6.386917691317828,-48.93775071665059,828,8,mean,0.1,10-18,none,0,-0.0012274814985540061,0.0029573925066355145,-0.0012120827742894136
hour,6.327191254240522,11.078783065972392,6.386924102525427,-48.63342771190357,609,21,mean,0.05,7-18,absbias,100,-0.0012209888407275216,0.004167184947556635,-0.0012056715666908246
hour,6.327193580036401,11.07152288409688,6.386926399144254,-50.68284208283418,115,13,median,-0.2,10-16,absbias,100,-0.0012186630448480784,-0.003092996927955838,-0.0012033749478632672
day,6.3271947082504845,11.0749182432489,6.38692751320492,-49.467913538014265,200,2,mean,0.05,11-15,absbias,100,-0.0012175348307650324,0.00030236222406543334,-0.0012022608871973262
hour,6.327195757655778,11.07573444808482,6.386928549445453,-48.722124038101036,460,21,mean,0.05,11-15,none,0,-0.0012164854254717028,0.0011185670599846986,-0.0012012246466648335
day,6.32719650273732,11.077401263857547,6.386929285179965,-49.13750309599103,1104,14,mean,0.1,7-18,none,0,-0.0012157403439294612,0.0027853828327124575,-0.0012004889121524087
day,6.327201465505146,11.065593803930707,6.386934185689995,-49.48604716468984,12,14,mean,1.2,7-18,wmape,12,-0.001210777576103439,-0.009022077094128278,-0.0011955884021226382
hour,6.327201518037158,11.066570733536512,6.386934237562994,-50.022508289490126,219,5,median,-0.1,10-16,wmape,35,-0.0012107250440918094,-0.008045147488322968,-0.0011955365291234088
day,6.3272113391537586,11.079224875772493,6.386943935473936,-48.75868616196407,1104,8,mean,0.1,7-18,none,0,-0.0012009039274909483,0.004608994747657746,-0.0011858386181815561
day,6.327216754383399,11.074615881024835,6.386949282769658,-49.71289342247151,189,14,mean,0.05,10-18,absbias,100,-0.0011954886978502444,0.0,-0.0011804913224597868
day,6.327218888998195,11.065723634628467,6.386951390605766,-49.420046674239416,9,1,mean,-0.1,10-18,wmape,20,-0.00119335408305421,-0.008892246396367653,-0.0011783834863514642
day,6.327218888998195,11.065723634628467,6.386951390605766,-49.420046674239416,9,1,mean,-0.1,10-18,wmape,25,-0.00119335408305421,-0.008892246396367653,-0.0011783834863514642
day,6.327222226344059,11.073228468328667,6.38695468608471,-49.457834384019215,460,14,mean,0.1,11-15,none,0,-0.0011900167371905468,-0.0013874126961681554,-0.0011750880074075098
day,6.327225030160095,11.074463338095784,6.386957454726945,-49.562451351361744,84,3,mean,0.05,10-16,absbias,250,-0.0011872129211543125,-0.00015254292905098055,-0.0011723193651729247
day,6.327228736257102,11.071743014580587,6.3869611143310605,-49.586726975266906,145,5,mean,0.05,11-15,absbias,100,-0.0011835068241472513,-0.00287286644424789,-0.001168659761057178
hour,6.32723529553355,11.074333407517642,6.386967591321548,-50.07302827610133,356,55,median,-0.1,11-15,wmape,15,-0.0011769475476999247,-0.0002824735071929041,-0.0011621827705701193
day,6.3272443520851835,11.074898601296015,6.386976534258973,-49.50183216722621,75,1,mean,0.05,11-15,wmape,10,-0.0011678909960659567,0.00028272027117992593,-0.001153239833144859
day,6.327246058813453,11.060825360136436,6.386978219576381,-49.60524710936497,60,8,mean,-0.3,19-23,wmape,10,-0.0011661842677961332,-0.013790520888399271,-0.0011515545157365636
hour,6.327253514440177,11.071464884472814,6.386985581672455,-49.99681044761965,305,13,median,-0.1,11-15,wmape,20,-0.0011587286410721376,-0.0031509965520211125,-0.0011441924196624598
day,6.327258934308144,11.07948798575935,6.386990933548319,-49.305303967336975,135,1,mean,0.05,10-18,wmape,10,-0.001153308773105266,0.004872104734515048,-0.0011388405437990912
hour,6.327260045961116,11.075838531452115,6.386992031255629,-49.33872751365426,489,21,median,0.05,10-18,wmape,10,-0.0011521971201338133,0.001222650427280314,-0.0011377428364882647
day,6.327271720152558,11.074665774443616,6.387003558994636,-49.570927856176034,132,5,mean,0.05,7-18,absbias,250,-0.0011405229286918228,4.9893418781365995e-05,-0.0011262150974813423
day,6.3272720248471,11.07389554767159,6.387003859866794,-49.69515882224904,140,8,mean,0.05,11-15,absbias,100,-0.0011402182341493372,-0.0007203333532448397,-0.0011259142253239318
day,6.327280445658198,11.073194440326525,6.387012175039031,-49.45587500912709,460,5,mean,0.05,11-15,none,0,-0.0011317974230511396,-0.0014214406983104055,-0.0011175990530869484
hour,6.32728468680668,11.074615881024835,6.38701636298241,-50.23480585977953,21,21,median,-0.8,11-15,absbias,250,-0.0011275562745698409,0.0,-0.0011134111097073074
hour,6.32728468680668,11.074615881024835,6.38701636298241,-50.23480585977953,21,34,median,-0.8,11-15,absbias,250,-0.0011275562745698409,0.0,-0.0011134111097073074
hour,6.32728468680668,11.074615881024835,6.38701636298241,-50.23480585977953,21,55,median,-0.8,11-15,absbias,250,-0.0011275562745698409,0.0,-0.0011134111097073074
day,6.327286976675913,11.074615881024835,6.387018624125294,-49.732470263761904,105,14,mean,0.05,11-15,absbias,100,-0.0011252664053360562,0.0,-0.0011111499668237101
hour,6.327299855805792,11.063229390213603,6.387031341686815,-50.21947905551709,290,5,median,-0.1,10-18,wmape,25,-0.0011123872754579267,-0.011386490811231553,-0.0010984324053024963
day,6.327300663732473,11.066332976898721,6.387032139478076,-49.67099009604106,24,14,mean,0.2,all,wmape,12,-0.0011115793487768144,-0.008282904126113877,-0.0010976346140418869
hour,6.3273010479462375,11.074091543810665,6.387032518871889,-50.13455461622345,382,55,median,-0.1,10-16,wmape,15,-0.0011111951350120108,-0.0005243372141698899,-0.0010972552202286323
hour,6.3273010479462375,11.074091543810665,6.387032518871889,-50.13455461622345,382,55,median,-0.1,10-18,wmape,15,-0.0011111951350120108,-0.0005243372141698899,-0.0010972552202286323
hour,6.327302480580308,11.072507113388268,6.3870339335336,-50.2285452861465,115,13,median,-0.1,10-16,absbias,100,-0.0011097625009410805,-0.0021087676365674213,-0.0010958405585173026
hour,6.327305433308469,11.074585075410164,6.387036849219863,-50.21539869603712,429,34,median,-0.1,11-15,wmape,10,-0.0011068097727804371,-3.0805614670725845e-05,-0.0010929248722550966
day,6.327311151096386,11.06641112321363,6.387042495278276,-49.08229330506883,9,1,mean,-0.2,10-18,wmape,20,-0.0011010919848635226,-0.008204757811204999,-0.001087278813841408
day,6.327311151096386,11.06641112321363,6.387042495278276,-49.08229330506883,9,1,mean,-0.2,10-18,wmape,25,-0.0011010919848635226,-0.008204757811204999,-0.001087278813841408
hour,6.32731123214449,11.069251055410062,6.387042575309633,-50.221564121109544,329,21,median,-0.2,10-16,wmape,20,-0.0011010109367592946,-0.005364825614773139,-0.001087198782484755
hour,6.32731123214449,11.069251055410062,6.387042575309633,-50.221564121109544,329,21,median,-0.2,10-18,wmape,20,-0.0011010109367592946,-0.005364825614773139,-0.001087198782484755
day,6.327312662178701,11.07283487225102,6.387043987404101,-49.59244215321007,25,1,mean,0.05,11-15,wmape,15,-0.0010995809025482473,-0.0017810087738148184,-0.0010857866880167322
hour,6.327313910626726,11.06332364353024,6.387045220190378,-50.19698508695803,265,8,median,-0.2,11-15,wmape,25,-0.0010983324545232875,-0.011292237494595625,-0.0010845539017401151
hour,6.327320653563036,11.077987827039145,6.387051878536722,-50.01413409653002,38,13,median,-0.2,10-16,absbias,250,-0.0010915895182135316,0.003371946014310012,-0.0010778955553956138
day,6.327324399450808,11.076252043040196,6.3870555774324265,-49.31682885076734,150,3,mean,0.1,11-15,absbias,100,-0.001087843630441121,0.0016361620153606538,-0.0010741966596912178
hour,6.327330429806942,11.074360259857519,6.387061532137896,-50.85853287470803,470,34,median,-0.2,10-16,wmape,10,-0.0010818132743075637,-0.00025562116731592255,-0.00106824195422206
day,6.327334364008793,11.066584093616656,6.387065416985285,-49.69741051480552,5,14,mean,0.8,19-23,wmape,12,-0.001077879072456156,-0.008031787408178559,-0.001064357106832503
day,6.327336200389204,11.066597777356726,6.38706723032835,-49.531339311143206,12,14,mean,1.0,7-18,wmape,12,-0.0010760426920457533,-0.008018103668108623,-0.001062543763767465
hour,6.32733958885133,11.08843353325187,6.387070576282305,-51.45875530781333,460,5,mean,-0.1,11-15,none,0,-0.0010726542299197561,0.013817652227034571,-0.001059197809812673
hour,6.327341384250696,11.065761007343118,6.387072349158429,-50.79611246579032,305,13,median,-0.5,11-15,wmape,20,-0.0010708588305536892,-0.008854873681716668,-0.0010574249336885444
hour,6.327344981588821,11.07495737317811,6.38707590136804,-48.513778606453464,521,55,mean,0.05,7-18,wmape,35,-0.0010672614924285284,0.00034149215327516913,-0.0010538727240776424
hour,6.327348185337367,11.075574873373808,6.387079064925641,-48.539075734258965,568,34,mean,0.05,7-18,wmape,25,-0.0010640577438820742,0.0009589923489734531,-0.0010507091664768708
hour,6.327351604631293,11.074615881024835,6.387082441324613,-50.11827294599564,51,34,mean,-0.2,10-16,absbias,250,-0.0010606384499567412,0.0,-0.001047332767504905
hour,6.327363423774007,11.069562570465893,6.387094112196482,-50.11915113044013,272,21,median,-0.2,11-15,wmape,25,-0.0010488193072424323,-0.005053310558942314,-0.0010356618956359753
hour,6.327364468014951,11.074588954003968,6.387095143337448,-50.85244833559562,459,55,median,-0.2,10-16,wmape,10,-0.0010477750662989394,-2.6927020867262286e-05,-0.0010346307546695854
hour,6.327364666570774,11.067477752549493,6.387095339402395,-50.44689981807014,480,8,median,-0.1,10-16,wmape,10,-0.0010475765104756007,-0.007138128475341787,-0.001034434689723085
day,6.327365387000011,11.059605432064018,6.387096050793866,-49.5291127838486,60,8,mean,-0.5,19-23,wmape,10,-0.0010468560812384453,-0.015010448960817158,-0.0010337232982520206
day,6.327379334480733,11.074615881024835,6.387109823303794,-49.91467509985158,216,21,mean,0.05,7-18,absbias,100,-0.0010329086005160804,0.0,-0.0010199507883239534
hour,6.327383279118595,11.083444768202149,6.387113718456276,-48.75347764095364,404,8,mean,0.05,10-18,wmape,35,-0.0010289639626543945,0.008828887177314115,-0.0010160556358416173
