datetime,actual,price_cap,production_base_pred,f_price_lag_24,analog_ratio_all_b012_k4_c050_pred,daybias1_roll3_b042_day_abs300_pred,daybias2_roll1_bn021_dayeve_wmape12_pred,hourbias_roll3_bn020_day_wmape20_pred,hourbias2_roll21_b010_peak_abs150_pred,hourbias3_roll3_b015_morning_abs500_pred,hourbias4_roll14_bn010_all_wmape12_pred,hourbias5_med21_b030_peak_wmape25_pred,hourbias6_mean3_bn020_day_wmape30_pred,hourbias7_mean2_bn010_peak_wmape35_pred,groupbias1_srcbin10_med_b050_peak_wmape12_pred,groupbias2_ratiobin8_mean_b065_evening_abs600_pred,groupbias3_market1_med_b010_night_abs150_pred,groupbias4_hourweekend12_med_bn025_all_abs400_pred,groupbias5_market1_med_bn025_evening_wmape12_pred,groupbias6_lowrepair_summersrc10_mean_bn040_midday_abs600_pred,lag24blend1_daily2_night_a100_adv0_pred,lag24blend1_daily2_night_a100_adv0_pred_lag24_signal,lag24blend2_sim_absge500_night_an010_pred,lag24blend2_sim_absge500_night_an010_pred_lag24_signal,daybias3_nm_d1_b050_wmape15_pred,daybias4_all_d2_b120_wmape20_pred,daybias5_midday11_d1_bn120_wmape20_pred,daybias6_critical_d14_bn150_wmape8_pred,daybias7_daylow_d3_b150_wmape15_pred,daybias8_midday10_d3_b120_abs500_pred,daybias9_morning79_d7_bn150_wmape12_pred,daybias10_daylow_d2_bn020_abs100_pred,daybias11_daylow_d2_b150_abs700_pred,daybias12_midday11_d5_bn150_wmape15_pred,daybias13_nooneve_d7_bn050_abs150_pred,daybias14_morning79_d1_bn150_wmape20_pred,daybias15_morning3_night_d5_b030_abs100_pred,lag24blend3_profileabs_ge3000_all_an010_pred,lag24blend3_profileabs_ge3000_all_an010_pred_lag24_signal,lag24blend4_allprof_abs100_all_a100_pred,lag24blend4_allprof_abs100_all_a100_pred_lag24_signal,lag24blend5_night_profilele1000_a005_pred,lag24blend5_night_profilele1000_a005_pred_lag24_signal,lag24blend6_nightprof_all_reldiff005_an010_pred,lag24blend6_nightprof_all_reldiff005_an010_pred_lag24_signal,daybias16_final_critical_d5_b050_abs300_pred,daybias17_critical_then_all_d5_b120_wmape15_pred,hourbias8_final_night_r1_b010_abs300_pred,hourbias9_night_abs300_lowday_r21_med_bn070_wmape15_pred,hourbias10_lowday_then_night_r3_med_bn030_wmape20_pred,lag24blend7_h10_night_abs250_a080_pred,lag24blend7_h10_night_abs250_a080_pred_lag24_signal,lag24blend8_abs250_then_profile750_an020_pred,lag24blend8_abs250_then_profile750_an020_pred_lag24_signal,daybias18_lag8_nooneve_d5_b150_wmape15_pred,daybias19_nooneve_d5_then_d1_b020_wmape12_pred,hourbias11_db19_evening_r3_mean_b100_wmape20_pred,hourbias12_evening1_then_midday_r7_mean_bn010_abs300_pred,groupbias9_h12_ratiofine21_med_all_b012_abs100_pred,groupbias10_ratiofine_b012_then_ratiosummer_b020_pred,groupbias11_ratio2_mean_all_bn010_wmape20_pred,hourbias13_gb11_h78901117_r5_med_bn010_abs100_pred,daybias20_hb13_nooneve_d5_bn030_abs250_pred,hourbias14_db20_h789111718_r1_b010_wmape25_pred,daybias21_hb14_nooneve_d21_bn030_abs100_pred,lag24blend9_db21_hourall_r3_mean_an005_advn500_pred,lag24blend9_db21_hourall_r3_mean_an005_advn500_pred_lag24_signal,lag24blend10_all_then_night_r2_mean_an010_advn250_pred,lag24blend10_all_then_night_r2_mean_an010_advn250_pred_lag24_signal,hourbias15_lag10_evening_r8_mean_bn030_abs300_pred,hourbias16_h15_evening_then_morning_pred,daybias22_h16_h789111718_d14_bn050_wmape10_pred,daybias23_h789_then_evening_pred,lag24blend11_db23_hour21_all_an020_advn250_pred,lag24blend11_db23_hour21_all_an020_advn250_pred_lag24_signal,groupbias12_lag11_ratweek5_med_h789111718_bn030_wmape25_pred,hourbias17_gb12_midday_r21_med_bn050_abs250_pred,daybias24_h17_all_d14_b120_wmape12_pred,candblend1_h24_sr5_med_eve_ge1000_an030_pred,candblend2_eve_then_night_h24_cr21_med_ge010_a010_pred,candblend3_cb2_day_h24_cr13_mean_le2000_an030_pred,daybias25_cb3_all_d14_b120_wmape12_pred,candblend4_db25_prof3_hw3_med_peak_ge1000_an020_pred,candblend5_cb4_prof3_srdb8_med_day_none_a030_pred,daybias26_cb5_all_d14_b120_wmape12_pred,candblend6_db26_h24_cr13_mean_day_le2000_an030_pred,candblend7_cb6_prof3_srdb8_med_day_none_a030_pred,daybias27_cb7_all_d14_b120_wmape12_pred,candblend8_db27_lag48_hlow3_med_h1115_gerel010_an030_pred,candblend9_cb8_prof7_hss5_med_all_ge1000_a030_pred,daybias29_cb9_midday_d1_b010_abs500_pred,daybias30_midday_then_all_d8_bn030_wmape10_pred,lagprofile1_db30_lag24_profabs2000_midday_a005_pred,lagprofile1_db30_lag24_profabs2000_midday_a005_pred_lag24_signal,lagprofile3_lag24_then_antilag48_eve_pred,lagprofile3_lag24_then_antilag48_eve_pred_lag24_signal,lagprofile4_lp3_roll7_abs1000_morning_an015_pred,lagprofile4_lp3_roll7_abs1000_morning_an015_pred_lag24_signal,hourbias21_lp4_peakerr_r2_bn015_wmape40_pred,hourbias21_lp4_peakerr_r2_bn015_wmape40_pred_hour_wmape_signal,hourbias22_hb21_peakerr_r8_bn020_wmape40_pred,hourbias22_hb21_peakerr_r8_bn020_wmape40_pred_hour_wmape_signal,daybias31_hb22_midday_d8_b050_abs250_pred,low_profile_applied,rolling_stack_applied,high_profile_applied,high_profile_lag168_applied,high_profile_lag168_day_applied,low_profile_rolling7_applied,low_profile_weather_applied,low_profile_lowcollapse_applied,high_profile_cap00_applied,high_profile_lag48eve_applied,high_profile_capnight_applied,nonlinear_hgb_ratio_all_b015_pred_applied,high_profile_cap00_roll7_applied,low_profile_compact_applied,high_profile_lag168_h1718_applied,anomaly_hgb_ratio_b0025_q85w025_pred_applied,analog_ratio_all_b012_k4_c050_pred_applied,daybias1_roll3_b042_day_abs300_pred_applied,daybias2_roll1_bn021_dayeve_wmape12_pred_applied,hourbias_roll3_bn020_day_wmape20_pred_applied,hourbias2_roll21_b010_peak_abs150_pred_applied,hourbias3_roll3_b015_morning_abs500_pred_applied,hourbias4_roll14_bn010_all_wmape12_pred_applied,hourbias5_med21_b030_peak_wmape25_pred_applied,hourbias6_mean3_bn020_day_wmape30_pred_applied,hourbias7_mean2_bn010_peak_wmape35_pred_applied,groupbias1_srcbin10_med_b050_peak_wmape12_pred_applied,groupbias2_ratiobin8_mean_b065_evening_abs600_pred_applied,groupbias3_market1_med_b010_night_abs150_pred_applied,groupbias4_hourweekend12_med_bn025_all_abs400_pred_applied,groupbias5_market1_med_bn025_evening_wmape12_pred_applied,groupbias6_lowrepair_summersrc10_mean_bn040_midday_abs600_pred_applied,lag24blend1_daily2_night_a100_adv0_pred_applied,lag24blend2_sim_absge500_night_an010_pred_applied,daybias3_nm_d1_b050_wmape15_pred_applied,daybias4_all_d2_b120_wmape20_pred_applied,daybias5_midday11_d1_bn120_wmape20_pred_applied,daybias6_critical_d14_bn150_wmape8_pred_applied,daybias7_daylow_d3_b150_wmape15_pred_applied,daybias8_midday10_d3_b120_abs500_pred_applied,daybias9_morning79_d7_bn150_wmape12_pred_applied,daybias10_daylow_d2_bn020_abs100_pred_applied,daybias11_daylow_d2_b150_abs700_pred_applied,daybias12_midday11_d5_bn150_wmape15_pred_applied,daybias13_nooneve_d7_bn050_abs150_pred_applied,daybias14_morning79_d1_bn150_wmape20_pred_applied,daybias15_morning3_night_d5_b030_abs100_pred_applied,lag24blend3_profileabs_ge3000_all_an010_pred_applied,lag24blend4_allprof_abs100_all_a100_pred_applied,lag24blend5_night_profilele1000_a005_pred_applied,lag24blend6_nightprof_all_reldiff005_an010_pred_applied,daybias16_final_critical_d5_b050_abs300_pred_applied,daybias17_critical_then_all_d5_b120_wmape15_pred_applied,hourbias8_final_night_r1_b010_abs300_pred_applied,hourbias9_night_abs300_lowday_r21_med_bn070_wmape15_pred_applied,hourbias10_lowday_then_night_r3_med_bn030_wmape20_pred_applied,lag24blend7_h10_night_abs250_a080_pred_applied,lag24blend8_abs250_then_profile750_an020_pred_applied,daybias18_lag8_nooneve_d5_b150_wmape15_pred_applied,daybias19_nooneve_d5_then_d1_b020_wmape12_pred_applied,hourbias11_db19_evening_r3_mean_b100_wmape20_pred_applied,hourbias12_evening1_then_midday_r7_mean_bn010_abs300_pred_applied,groupbias9_h12_ratiofine21_med_all_b012_abs100_pred_applied,groupbias10_ratiofine_b012_then_ratiosummer_b020_pred_applied,groupbias11_ratio2_mean_all_bn010_wmape20_pred_applied,hourbias13_gb11_h78901117_r5_med_bn010_abs100_pred_applied,daybias20_hb13_nooneve_d5_bn030_abs250_pred_applied,hourbias14_db20_h789111718_r1_b010_wmape25_pred_applied,daybias21_hb14_nooneve_d21_bn030_abs100_pred_applied,lag24blend9_db21_hourall_r3_mean_an005_advn500_pred_applied,lag24blend10_all_then_night_r2_mean_an010_advn250_pred_applied,hourbias15_lag10_evening_r8_mean_bn030_abs300_pred_applied,hourbias16_h15_evening_then_morning_pred_applied,daybias22_h16_h789111718_d14_bn050_wmape10_pred_applied,daybias23_h789_then_evening_pred_applied,lag24blend11_db23_hour21_all_an020_advn250_pred_applied,groupbias12_lag11_ratweek5_med_h789111718_bn030_wmape25_pred_applied,hourbias17_gb12_midday_r21_med_bn050_abs250_pred_applied,daybias24_h17_all_d14_b120_wmape12_pred_applied,candblend1_h24_sr5_med_eve_ge1000_an030_pred_applied,candblend2_eve_then_night_h24_cr21_med_ge010_a010_pred_applied,candblend3_cb2_day_h24_cr13_mean_le2000_an030_pred_applied,daybias25_cb3_all_d14_b120_wmape12_pred_applied,candblend4_db25_prof3_hw3_med_peak_ge1000_an020_pred_applied,candblend5_cb4_prof3_srdb8_med_day_none_a030_pred_applied,daybias26_cb5_all_d14_b120_wmape12_pred_applied,candblend6_db26_h24_cr13_mean_day_le2000_an030_pred_applied,candblend7_cb6_prof3_srdb8_med_day_none_a030_pred_applied,daybias27_cb7_all_d14_b120_wmape12_pred_applied,candblend8_db27_lag48_hlow3_med_h1115_gerel010_an030_pred_applied,candblend9_cb8_prof7_hss5_med_all_ge1000_a030_pred_applied,daybias29_cb9_midday_d1_b010_abs500_pred_applied,daybias30_midday_then_all_d8_bn030_wmape10_pred_applied,lagprofile1_db30_lag24_profabs2000_midday_a005_pred_applied,lagprofile3_lag24_then_antilag48_eve_pred_applied,lagprofile4_lp3_roll7_abs1000_morning_an015_pred_applied,hourbias21_lp4_peakerr_r2_bn015_wmape40_pred_applied,hourbias22_hb21_peakerr_r8_bn020_wmape40_pred_applied,daybias31_hb22_midday_d8_b050_abs250_pred_applied
2026-06-17 00:00:00,,15000.0,10689.237683521222,14975.6,15000.0,15000.0,15000.0,15000.0,14979.967728580916,14979.967728580916,15000.0,15000.0,15000.0,15000.0,15000.0,15000.0,15000.0,15000.0,15000.0,15000.0,15000.0,-23.11306555158787,15000.0,24.399999999999636,15000.0,15000.0,15000.0,14799.687356585287,14799.687356585287,14799.687356585287,14799.687356585287,14799.687356585287,14799.687356585287,14799.687356585287,14799.687356585287,14799.687356585287,14884.356581982871,14884.356581982871,674.2555542251347,14975.6,91.24341801712944,14975.6,666.6019338610986,14975.600000000004,0.0,14975.600000000004,14975.600000000004,14975.600000000004,14975.600000000004,14975.600000000004,14975.600000000002,3.637978807091713e-12,14975.6,664.9540081534348,14975.6,14975.6,14975.6,14975.6,14975.6,14975.6,14975.6,14975.6,14975.6,14975.6,14975.6,14975.6,-3367.206094769983,14975.6,-4565.852564724439,14975.6,14975.6,14975.6,14975.6,14975.6,-2069.051896237849,14975.6,14975.6,14975.6,14975.6,14975.6,14975.6,14975.6,14975.6,14975.6,14975.6,14975.6,14975.6,14975.6,14975.6,14975.6,14975.6,14930.879720223023,14930.879720223023,711.8295546751128,14930.879720223023,-56.6615405067906,14930.879720223023,44.720279776976895,14930.879720223023,21.305156523715116,14930.879720223023,7.968781712996913,14930.879720223023,,,,,,,,,,,,,,,,,,0,0,0,1,0,1,0,0,0,0,0,0,1,0,0,0,0,0,0,0,1,0,0,0,0,0,0,0,0,1,0,1,1,1,0,0,0,0,0,1,1,0,0,0,0,0,0,0,0,0,0,0,0,0,0,0,0,0,0,0,0,0,0,0,0,0,0,0,0,0,0,0,0,0,0,1,0,0,0,0,0,0
2026-06-17 01:00:00,,15000.0,7297.147464212964,7167.0,7317.623422471139,7317.623422471139,7317.623422471139,7317.623422471139,7317.623422471139,7317.623422471139,7317.623422471139,7317.623422471139,7317.623422471139,7317.623422471139,7317.623422471139,7317.623422471139,7317.623422471139,7317.623422471139,7317.623422471139,7317.623422471139,7317.623422471139,-23.11306555158787,7317.623422471139,150.62342247113884,7317.623422471139,7317.623422471139,7317.623422471139,7317.623422471139,7317.623422471139,7317.623422471139,7317.623422471139,7317.623422471139,7317.623422471139,7317.623422471139,7317.623422471139,7317.623422471139,7402.292647868722,7402.292647868722,674.2555542251347,7402.292647868722,235.29264786872227,7390.528015475286,666.6019338610986,7412.880817022816,0.014901867698352422,7412.880817022816,7412.880817022816,7412.880817022816,7412.880817022816,7412.880817022816,7216.176163404563,245.8808170228158,7226.011396085476,664.9540081534348,7226.011396085476,7226.011396085476,7226.011396085476,7226.011396085476,7241.068977676875,7241.068977676875,7241.068977676875,7241.068977676875,7241.068977676875,7241.068977676875,7241.068977676875,7244.7724265607185,-420.55729408134204,7244.7724265607185,-283.26289993635464,7244.7724265607185,7244.7724265607185,7244.7724265607185,7244.7724265607185,7244.7724265607185,-662.41858758697,7244.7724265607185,7244.7724265607185,7244.7724265607185,7244.7724265607185,7244.7724265607185,7244.7724265607185,7244.7724265607185,7244.7724265607185,7244.7724265607185,7244.7724265607185,7244.7724265607185,7244.7724265607185,7244.7724265607185,7244.7724265607185,7244.7724265607185,7244.7724265607185,7200.052146783742,7200.052146783742,711.8295546751128,7200.052146783742,-56.6615405067906,7200.052146783742,33.05214678374159,7200.052146783742,6.05535444851948,7200.052146783742,5.322217813358922,7200.052146783742,,,,,,,,,,,,,,,,,,0,0,0,0,0,0,0,0,0,0,0,0,0,0,0,0,0,0,0,0,0,0,0,0,0,0,0,0,0,1,0,0,1,1,0,0,0,0,0,1,1,0,0,0,0,1,0,0,0,0,0,0,1,0,0,0,0,0,0,0,0,0,0,0,0,0,0,0,0,0,0,0,0,0,0,1,0,0,0,0,0,0
2026-06-17 02:00:00,,15000.0,6221.526065160915,6599.0,6236.091568281679,6236.091568281679,6236.091568281679,6236.091568281679,6236.091568281679,6236.091568281679,6227.520771929203,6227.520771929203,6227.520771929203,6227.520771929203,6227.520771929203,6227.520771929203,6343.738822719281,6343.738822719281,6343.738822719281,6343.738822719281,6343.738822719281,-23.11306555158787,6343.738822719281,255.26117728071858,6343.738822719281,6343.738822719281,6343.738822719281,6143.426179304569,6143.426179304569,6143.426179304569,6143.426179304569,6143.426179304569,6143.426179304569,6143.426179304569,6143.426179304569,6143.426179304569,6228.095404702152,6228.095404702152,674.2555542251347,6228.095404702152,370.90459529784766,6246.640634467044,666.6019338610986,6211.404697913749,0.02349062436886373,6211.404697913749,6211.404697913749,6286.17139997895,6286.17139997895,6286.17139997895,6286.17139997895,312.8286000210501,6223.605679974739,664.9540081534348,6223.605679974739,6223.605679974739,6223.605679974739,6223.605679974739,6241.514408131645,6241.514408131645,6241.514408131645,6241.514408131645,6241.514408131645,6241.514408131645,6241.514408131645,6223.640128538227,-443.24715338516916,6223.640128538227,-417.93564047017435,6223.640128538227,6223.640128538227,6223.640128538227,6223.640128538227,6223.640128538227,-890.6545219551524,6223.640128538227,6223.640128538227,6223.640128538227,6223.640128538227,6223.640128538227,6223.640128538227,6223.640128538227,6223.640128538227,6223.640128538227,6223.640128538227,6223.640128538227,6223.640128538227,6223.640128538227,6223.640128538227,6223.640128538227,6223.640128538227,6178.91984876125,6178.91984876125,711.8295546751128,6178.91984876125,-56.6615405067906,6178.91984876125,420.08015123874975,6178.91984876125,9.847646413880598,6178.91984876125,8.334045137792907,6178.91984876125,,,,,,,,,,,,,,,,,,0,0,0,0,0,1,0,0,0,0,0,1,0,0,0,0,0,0,0,0,1,0,0,0,0,0,0,0,0,1,0,0,1,1,0,0,1,0,0,0,1,0,0,0,0,1,0,0,0,0,0,0,1,0,0,0,0,0,0,0,0,0,0,0,0,0,0,0,0,0,0,0,0,0,0,1,0,0,0,0,0,0
2026-06-17 03:00:00,,15000.0,6211.230080007093,6499.0,6225.77147871966,6225.77147871966,6225.77147871966,6225.77147871966,6225.77147871966,6225.77147871966,6249.836650110048,6249.836650110048,6249.836650110048,6249.836650110048,6249.836650110048,6249.836650110048,6325.0245383807705,6325.0245383807705,6325.0245383807705,6325.0245383807705,6325.0245383807705,-23.11306555158787,6325.0245383807705,173.97546161922946,6325.0245383807705,6325.0245383807705,6325.0245383807705,6325.0245383807705,6325.0245383807705,6325.0245383807705,6325.0245383807705,6325.0245383807705,6325.0245383807705,6325.0245383807705,6325.0245383807705,6325.0245383807705,6409.693763778354,6409.693763778354,674.2555542251347,6499.0,89.30623622164603,6498.999999999999,666.6019338610986,6499.0,6.063298011819522e-17,6499.0,6499.0,6499.0,6499.0,6499.0,6499.0,0.0,6498.999999999999,664.9540081534348,6498.999999999999,6498.999999999999,6498.999999999999,6498.999999999999,6526.542016135472,6526.542016135472,6526.542016135472,6526.542016135472,6526.542016135472,6526.542016135472,6526.542016135472,6526.542016135472,-665.9737466161881,6526.542016135472,-783.025407884601,6526.542016135472,6526.542016135472,6526.542016135472,6526.542016135472,6526.542016135472,-971.6914155481167,6526.542016135472,6526.542016135472,6526.542016135472,6526.542016135472,6526.542016135472,6526.542016135472,6526.542016135472,6526.542016135472,6526.542016135472,6526.542016135472,6526.542016135472,6526.542016135472,6526.542016135472,6526.542016135472,6526.542016135472,6526.542016135472,6481.821736358495,6481.821736358495,711.8295546751128,6481.821736358495,-56.6615405067906,6481.821736358495,17.1782636415046,6481.821736358495,1.988156926942544,6481.821736358495,4.665818841740601,6481.821736358495,,,,,,,,,,,,,,,,,,0,0,0,0,0,1,0,0,0,0,0,1,0,0,0,0,0,0,0,0,0,0,0,0,0,0,0,0,0,1,0,1,1,1,0,0,0,0,0,1,1,0,0,0,0,1,0,0,0,0,0,0,0,0,0,0,0,0,0,0,0,0,0,0,0,0,0,0,0,0,0,0,0,0,0,1,0,0,0,0,0,0
2026-06-17 04:00:00,,15000.0,5917.132333492625,6133.0,5930.985206335525,5930.985206335525,5930.985206335525,5930.985206335525,5930.985206335525,5930.985206335525,5944.676409250901,5944.676409250901,5944.676409250901,5944.676409250901,5944.676409250901,5944.676409250901,5987.607467438183,5987.607467438183,5987.607467438183,5987.607467438183,5987.607467438183,-23.11306555158787,5987.607467438183,145.39253256181655,5987.607467438183,5987.607467438183,5987.607467438183,5787.294824023471,5787.294824023471,5787.294824023471,5787.294824023471,5787.294824023471,5787.294824023471,5787.294824023471,5787.294824023471,5787.294824023471,5871.964049421054,5871.964049421054,674.2555542251347,5871.964049421054,261.03595057894563,5885.015846950001,666.6019338610986,5860.217431645002,0.016532276869999925,5860.217431645002,5860.217431645002,5860.217431645002,5860.217431645002,5860.217431645002,5860.217431645002,272.78256835499815,5805.660917974002,664.9540081534348,5805.660917974002,5805.660917974002,5805.660917974002,5805.660917974002,5805.660917974002,5805.660917974002,5805.660917974002,5805.660917974002,5805.660917974002,5805.660917974002,5805.660917974002,5805.660917974002,-578.6402871084629,5805.660917974002,-703.6125146549157,5805.660917974002,5805.660917974002,5805.660917974002,5805.660917974002,5805.660917974002,-1003.8308968029189,5805.660917974002,5805.660917974002,5805.660917974002,5805.660917974002,5805.660917974002,5805.660917974002,5805.660917974002,5805.660917974002,5805.660917974002,5805.660917974002,5805.660917974002,5805.660917974002,5805.660917974002,5805.660917974002,5805.660917974002,5805.660917974002,5760.940638197025,5760.940638197025,711.8295546751128,5760.940638197025,-56.6615405067906,5760.940638197025,372.0593618029752,5760.940638197025,3.3768707948946,5760.940638197025,3.533505749847005,5760.940638197025,,,,,,,,,,,,,,,,,,0,0,0,0,0,1,0,0,0,0,0,1,0,0,0,0,0,0,0,0,1,0,0,0,0,0,0,0,0,1,0,0,1,1,0,0,0,0,0,0,1,0,0,0,0,0,0,0,0,0,0,0,0,0,0,0,0,0,0,0,0,0,0,0,0,0,0,0,0,0,0,0,0,0,0,1,0,0,0,0,0,0
2026-06-17 05:00:00,,15000.0,5743.742526759939,6530.0,5757.1894686873975,5757.1894686873975,5757.1894686873975,5757.1894686873975,5757.1894686873975,5757.1894686873975,5764.550893712926,5764.550893712926,5764.550893712926,5764.550893712926,5764.550893712926,5764.550893712926,5836.341022076541,5836.341022076541,5836.341022076541,5836.341022076541,5836.341022076541,-23.11306555158787,5766.975124284196,693.6589779234591,5766.975124284196,5766.975124284196,5766.975124284196,5766.975124284196,5766.975124284196,5766.975124284196,5766.975124284196,5766.975124284196,5766.975124284196,5766.975124284196,5766.975124284196,5766.975124284196,5851.644349681779,5851.644349681779,674.2555542251347,5851.644349681779,678.3556503182208,5885.56213219769,666.6019338610986,5821.118345417459,0.042962524520154026,5821.118345417459,5821.118345417459,5875.619642932361,5875.619642932361,5875.619642932361,5875.619642932361,654.3803570676391,5744.743571518833,664.9540081534348,5744.743571518833,5744.743571518833,5744.743571518833,5744.743571518833,5744.743571518833,5744.743571518833,5744.743571518833,5744.743571518833,5744.743571518833,5744.743571518833,5744.743571518833,5744.743571518833,-923.5640930164813,5744.743571518833,-1024.6298875912053,5744.743571518833,5744.743571518833,5744.743571518833,5744.743571518833,5744.743571518833,-767.4270429149817,5744.743571518833,5744.743571518833,5744.743571518833,5744.743571518833,5744.743571518833,5744.743571518833,5744.743571518833,5744.743571518833,5744.743571518833,5744.743571518833,5744.743571518833,5744.743571518833,5744.743571518833,5744.743571518833,5744.743571518833,5744.743571518833,5700.023291741856,5700.023291741856,711.8295546751128,5700.023291741856,-56.6615405067906,5700.023291741856,829.9767082581438,5700.023291741856,3.3220756099871163,5700.023291741856,5.461839780995841,5700.023291741856,,,,,,,,,,,,,,,,,,0,0,0,0,0,1,0,0,0,0,0,1,0,0,0,0,1,0,0,0,0,0,0,0,0,0,0,0,0,1,0,0,1,1,0,0,1,0,0,0,1,0,0,0,0,0,0,0,0,0,0,0,0,0,0,0,0,0,0,0,0,0,0,0,0,0,0,0,0,0,0,0,0,0,0,1,0,0,0,0,0,0
2026-06-17 06:00:00,,15000.0,6525.797503432406,6999.0,6544.109036526248,6544.109036526248,6544.109036526248,6544.109036526248,6544.109036526248,6544.109036526248,6544.109036526248,6544.109036526248,6544.109036526248,6544.109036526248,6544.109036526248,6544.109036526248,6583.724636399478,6583.724636399478,6583.724636399478,6583.724636399478,6583.724636399478,-23.11306555158787,6583.724636399478,415.2753636005218,6583.724636399478,6583.724636399478,6583.724636399478,6583.724636399478,6583.724636399478,6583.724636399478,6583.724636399478,6583.724636399478,6583.724636399478,6583.724636399478,6583.724636399478,6583.724636399478,6668.393861797062,6668.393861797062,674.2555542251347,6668.393861797062,330.6061382029384,6684.924168707208,666.6019338610986,6653.516585577929,0.020938388752852796,6653.516585577929,6653.516585577929,6653.516585577929,6653.516585577929,6653.516585577929,6653.516585577929,345.4834144220713,6584.419902693514,664.9540081534348,6584.419902693514,6584.419902693514,6584.419902693514,6584.419902693514,6604.484599647344,6604.484599647344,6604.484599647344,6604.484599647344,6604.484599647344,6604.484599647344,6604.484599647344,6604.484599647344,-1050.5118966532007,6604.484599647344,-1560.8505144285969,6604.484599647344,6604.484599647344,6604.484599647344,6604.484599647344,6604.484599647344,-503.2436928775799,6604.484599647344,6604.484599647344,6604.484599647344,6604.484599647344,6604.484599647344,6604.484599647344,6604.484599647344,6604.484599647344,6604.484599647344,6604.484599647344,6604.484599647344,6604.484599647344,6604.484599647344,6604.484599647344,6604.484599647344,6604.484599647344,6559.764319870367,6559.764319870367,711.8295546751128,6559.764319870367,-56.6615405067906,6559.764319870367,439.2356801296328,6559.764319870367,9.266582175231894,6559.764319870367,6.830094846451876,6559.764319870367,,,,,,,,,,,,,,,,,,0,0,0,0,0,0,0,0,0,0,0,1,0,0,0,0,0,0,0,0,0,0,0,0,0,0,0,0,0,1,0,0,1,1,0,0,0,0,0,0,1,0,0,0,0,1,0,0,0,0,0,0,0,0,0,0,0,0,0,0,0,0,0,0,0,0,0,0,0,0,0,0,0,0,0,1,0,0,0,0,0,0
2026-06-17 07:00:00,,15000.0,7095.718457530353,7316.0,7115.629201510887,7115.629201510887,7115.629201510887,7115.629201510887,7135.998460478509,7135.998460478509,7135.998460478509,7135.998460478509,7135.998460478509,7135.998460478509,7135.998460478509,7135.998460478509,7135.998460478509,7135.998460478509,7135.998460478509,7135.998460478509,7135.998460478509,-23.11306555158787,7135.998460478509,180.0015395214914,7135.998460478509,7135.998460478509,7135.998460478509,6935.685817063796,6935.685817063796,6935.685817063796,6640.014585561886,6640.014585561886,6640.014585561886,6640.014585561886,6640.014585561886,6640.014585561886,6640.014585561886,6640.014585561886,674.2555542251347,6640.014585561886,675.9854144381143,6640.014585561886,666.6019338610986,6572.416044118075,0.04506569429587429,6572.416044118075,6572.416044118075,6572.416044118075,6572.416044118075,6572.416044118075,6572.416044118075,743.5839558819252,6572.416044118075,664.9540081534348,6572.416044118075,6572.416044118075,6572.416044118075,6572.416044118075,6595.904168964899,6595.904168964899,6595.904168964899,6595.904168964899,6595.904168964899,6595.904168964899,6595.904168964899,6595.904168964899,-2056.3162265768156,6595.904168964899,-2322.2673564409074,6595.904168964899,6595.904168964899,6530.397383667931,6530.397383667931,6530.397383667931,-784.2087681772834,6530.397383667931,6530.397383667931,6530.397383667931,6530.397383667931,6530.397383667931,6530.397383667931,6530.397383667931,6530.397383667931,6530.397383667931,6530.397383667931,6530.397383667931,6530.397383667931,6530.397383667931,6530.397383667931,6530.397383667931,6530.397383667931,6485.677103890954,6485.677103890954,711.8295546751128,6485.677103890954,-56.6615405067906,6361.128669474597,830.3228961090463,6361.128669474597,6.470522008688431,6361.128669474597,6.941629869810378,6361.128669474597,,,,,,,,,,,,,,,,,,0,0,0,1,0,0,0,0,0,0,0,0,0,0,0,0,0,0,0,0,1,0,0,1,0,0,0,0,0,0,0,0,0,1,0,0,0,0,0,0,0,0,0,0,0,1,0,0,0,0,0,0,0,0,0,0,1,0,0,0,0,0,0,0,0,0,0,0,0,0,0,0,0,0,0,1,0,0,1,0,0,0
2026-06-17 08:00:00,,15000.0,6761.595204441152,6670.0,6780.568391134145,6780.568391134145,6780.568391134145,6780.568391134145,6799.531595101884,6799.531595101884,6767.3189783837115,6767.3189783837115,6767.3189783837115,6767.3189783837115,6947.881280016414,6947.881280016414,6947.881280016414,6947.881280016414,6947.881280016414,6947.881280016414,6947.881280016414,-23.11306555158787,6947.881280016414,277.88128001641417,6947.881280016414,6947.881280016414,6947.881280016414,6747.568636601702,6747.568636601702,6747.568636601702,6451.897405099791,6451.897405099791,6451.897405099791,6451.897405099791,6451.897405099791,6451.897405099791,6451.897405099791,6451.897405099791,674.2555542251347,6451.897405099791,218.10259490020871,6451.897405099791,666.6019338610986,6430.087145609771,0.014540172993347247,6430.087145609771,6430.087145609771,6430.087145609771,6430.087145609771,6430.087145609771,6430.087145609771,239.91285439022886,6430.087145609771,664.9540081534348,6430.087145609771,6430.087145609771,6430.087145609771,6430.087145609771,6453.19197461456,6453.19197461456,6453.19197461456,6440.883491364679,6440.883491364679,6440.883491364679,6440.883491364679,6440.883491364679,-1770.32854200515,6440.883491364679,-1859.2139931140582,6440.883491364679,6440.883491364679,6375.37670606771,6375.37670606771,6375.37670606771,-788.3794499851165,6375.37670606771,6375.37670606771,6375.37670606771,6375.37670606771,6375.37670606771,6375.37670606771,6375.37670606771,6375.37670606771,6375.37670606771,6375.37670606771,6375.37670606771,6375.37670606771,6375.37670606771,6375.37670606771,6375.37670606771,6375.37670606771,6330.656426290733,6330.656426290733,711.8295546751128,6330.656426290733,-56.6615405067906,6279.754890234342,339.3435737092668,6279.754890234342,6.582155151535423,6279.754890234342,9.792193399150225,6279.754890234342,,,,,,,,,,,,,,,,,,0,0,0,1,0,1,0,0,0,1,0,0,0,0,0,0,0,0,0,0,1,0,0,1,0,0,0,0,0,0,0,0,0,1,0,0,0,0,0,0,0,0,0,0,0,1,0,0,1,0,0,0,0,0,0,0,1,0,0,0,0,0,0,0,0,0,0,0,0,0,0,0,0,0,0,1,0,0,1,0,0,0
2026-06-17 09:00:00,,15000.0,2928.4596672272623,3950.0,2936.6769902567016,2936.6769902567016,2936.6769902567016,2936.6769902567016,2910.476454617468,2910.476454617468,2945.325500823467,2945.325500823467,2945.325500823467,2945.325500823467,3073.1053285856055,3073.1053285856055,3073.1053285856055,3073.1053285856055,3073.1053285856055,3073.1053285856055,3073.1053285856055,-23.11306555158787,3073.1053285856055,876.8946714143945,3073.1053285856055,3073.1053285856055,3073.1053285856055,2872.792685170893,2872.792685170893,2872.792685170893,2577.121453668982,2577.121453668982,2577.121453668982,2577.121453668982,2577.121453668982,2577.121453668982,2577.121453668982,2577.121453668982,674.2555542251347,2577.121453668982,1372.8785463310178,2577.121453668982,666.6019338610986,2577.121453668982,0.09152523642206785,2577.121453668982,2577.121453668982,2577.121453668982,2577.121453668982,2577.121453668982,2577.121453668982,1372.8785463310178,2577.121453668982,664.9540081534348,2577.121453668982,2577.121453668982,2577.121453668982,2577.121453668982,2590.4334923521396,2442.60990238541,2516.5216973687748,2548.9912499856327,2548.9912499856327,2548.9912499856327,2548.9912499856327,2548.9912499856327,-1431.9728173018295,2548.9912499856327,-2020.7954114180893,2548.9912499856327,2548.9912499856327,2483.4844646886645,2483.4844646886645,2483.4844646886645,-1066.2636888824672,2483.4844646886645,2483.4844646886645,2483.4844646886645,2483.4844646886645,2483.4844646886645,2483.4844646886645,2483.4844646886645,2483.4844646886645,2483.4844646886645,2483.4844646886645,2483.4844646886645,2483.4844646886645,2483.4844646886645,2483.4844646886645,2483.4844646886645,2483.4844646886645,2438.764184911687,2438.764184911687,711.8295546751128,2438.764184911687,-56.6615405067906,2438.764184911687,1511.2358150883128,2438.764184911687,23.036833589890193,2410.6280988294375,551.0464348975346,2410.6280988294375,,,,,,,,,,,,,,,,,,0,0,0,1,0,1,0,0,0,1,0,0,0,0,0,0,0,0,0,0,1,0,0,1,0,0,0,0,0,0,0,0,0,0,0,0,0,0,0,0,0,0,0,0,0,1,1,1,1,0,0,0,0,0,0,0,1,0,0,0,0,0,0,0,0,0,0,0,0,0,0,0,0,0,0,1,0,0,0,0,1,0
2026-06-17 10:00:00,,15000.0,1422.7167074352892,2932.0,1456.9832143033111,1456.9832143033111,1456.9832143033111,1314.9046503914228,1314.9046503914228,1449.8909177314194,1416.0366199954117,1416.0366199954117,1264.4098374423204,1264.4098374423204,1264.4098374423204,1264.4098374423204,1264.4098374423204,1264.4098374423204,1264.4098374423204,1264.4098374423204,1264.4098374423204,-23.11306555158787,1264.4098374423204,1667.5901625576796,1264.4098374423204,1264.4098374423204,1264.4098374423204,1264.4098374423204,1264.4098374423204,1264.4098374423204,1264.4098374423204,1150.163847316278,1150.163847316278,1150.163847316278,1150.163847316278,1150.163847316278,1150.163847316278,1150.163847316278,674.2555542251347,1150.163847316278,1781.836152683722,1150.163847316278,666.6019338610986,1150.163847316278,0.11878907684558147,1150.163847316278,1150.163847316278,1150.163847316278,1150.163847316278,1150.163847316278,1150.163847316278,1781.836152683722,1150.163847316278,664.9540081534348,1150.163847316278,1150.163847316278,1150.163847316278,1150.163847316278,1150.163847316278,1150.163847316278,936.5898820853369,936.5898820853369,936.5898820853369,936.5898820853369,936.5898820853369,936.5898820853369,-761.5470358756637,936.5898820853369,-932.7543579850694,936.5898820853369,936.5898820853369,936.5898820853369,936.5898820853369,936.5898820853369,-1010.4438459995803,936.5898820853369,936.5898820853369,936.5898820853369,936.5898820853369,936.5898820853369,936.5898820853369,936.5898820853369,936.5898820853369,936.5898820853369,936.5898820853369,936.5898820853369,936.5898820853369,936.5898820853369,936.5898820853369,936.5898820853369,936.5898820853369,891.8696023083596,891.8696023083596,711.8295546751128,891.8696023083596,-56.6615405067906,891.8696023083596,2040.1303976916404,891.8696023083596,41.35161899449295,891.8696023083596,36.8210629249895,891.8696023083596,,,,,,,,,,,,,,,,,,0,0,1,0,1,1,0,1,0,0,0,0,0,0,0,0,0,0,0,0,0,0,0,0,1,0,0,0,0,0,0,0,0,0,0,0,0,0,0,0,0,0,0,0,0,0,0,1,0,0,0,0,0,0,0,0,0,0,0,0,0,0,0,0,0,0,0,0,0,0,0,0,0,0,0,1,0,0,0,0,0,0
2026-06-17 11:00:00,,15000.0,256.0930659687847,711.0,260.353809061424,260.353809061424,260.353809061424,300.573030474392,326.3185704147432,326.3185704147432,294.86217431681507,289.0997641427554,313.8760708585341,313.8760708585341,308.9091122708382,308.9091122708382,308.9091122708382,308.9091122708382,308.9091122708382,308.9091122708382,308.9091122708382,-23.11306555158787,308.9091122708382,402.0908877291618,308.9091122708382,308.9091122708382,308.9091122708382,108.5964688561258,108.5964688561258,108.5964688561258,108.5964688561258,10.0,10.0,10.0,10.0,10.0,10.0,10.0,674.2555542251347,10.0,701.0,10.0,666.6019338610986,10.0,0.046733333333333335,10.0,10.0,10.0,10.0,10.0,10.0,701.0,10.0,664.9540081534348,10.0,10.0,10.0,10.0,10.0,10.0,10.0,10.0,10.0,10.0,10.0,10.0,-224.2068477995973,10.0,-219.03681910706496,10.0,10.0,10.0,10.0,10.0,-655.7630474422056,22.041951342173274,22.041951342173274,22.041951342173274,22.041951342173274,22.041951342173274,22.041951342173274,22.041951342173274,22.041951342173274,22.041951342173274,22.041951342173274,22.041951342173274,22.041951342173274,22.041951342173274,22.041951342173274,22.041951342173274,22.041951342173274,10.0,45.050000000000004,711.8295546751128,45.050000000000004,-56.6615405067906,45.050000000000004,665.95,45.050000000000004,16.22848287491589,45.050000000000004,36.09156844662484,45.050000000000004,,,,,,,,,,,,,,,,,,0,0,1,1,0,1,1,1,0,1,0,0,0,0,0,0,0,0,0,0,1,0,0,0,1,0,0,1,0,0,0,0,0,1,0,0,0,1,0,0,0,0,0,0,0,0,0,1,0,1,0,0,1,0,0,0,1,0,0,1,0,0,0,0,0,0,0,0,0,0,0,0,0,0,0,1,1,0,0,0,0,0
2026-06-17 12:00:00,,15000.0,99.00699874809482,711.0,99.6212214477056,99.6212214477056,99.6212214477056,148.01501424874334,172.68285899267937,172.68285899267937,155.86163005282955,155.86163005282955,195.65573167848902,195.65573167848902,170.39004603441353,170.39004603441353,170.39004603441353,170.39004603441353,170.39004603441353,170.39004603441353,170.39004603441353,-23.11306555158787,170.39004603441353,540.6099539655864,170.39004603441353,170.39004603441353,170.39004603441353,170.39004603441353,170.39004603441353,170.39004603441353,170.39004603441353,56.14405590837097,56.14405590837097,56.14405590837097,10.0,10.0,10.0,10.0,674.2555542251347,10.0,701.0,10.0,666.6019338610986,10.0,0.046733333333333335,10.0,10.0,10.0,10.0,10.0,10.0,701.0,10.0,664.9540081534348,10.0,10.0,10.0,10.0,10.0,10.0,14.85954868886735,14.85954868886735,10.0,10.0,10.0,10.0,-88.81233336614984,10.0,-99.50216336048027,10.0,10.0,10.0,10.0,10.0,-515.3788567915469,10.0,10.0,10.0,10.0,10.0,10.0,10.0,10.0,10.0,10.0,10.0,10.0,10.0,10.0,10.0,10.0,10.0,45.050000000000004,711.8295546751128,45.050000000000004,-56.6615405067906,45.050000000000004,665.95,64.14144004599423,80.27616230477226,10.0,63.672601995897,10.0,,,,,,,,,,,,,,,,,,0,0,1,1,0,1,1,1,0,1,0,0,0,0,0,0,0,0,0,0,0,0,0,0,1,0,0,1,0,0,0,0,0,1,0,0,0,1,0,0,0,0,0,0,1,0,1,1,0,1,0,0,1,0,0,0,0,0,0,0,0,0,0,0,0,0,0,0,0,0,0,0,0,0,0,1,1,0,0,1,1,0
2026-06-17 13:00:00,,15000.0,368.7773751120052,1200.0,372.719771294619,372.719771294619,372.719771294619,398.49490840805254,420.0550293965005,420.0550293965005,391.8363451251103,380.9427491407456,395.09169743694235,395.09169743694235,399.49726064958685,399.49726064958685,399.49726064958685,399.49726064958685,399.49726064958685,399.49726064958685,399.49726064958685,-23.11306555158787,399.49726064958685,800.5027393504131,399.49726064958685,399.49726064958685,399.49726064958685,399.49726064958685,399.49726064958685,399.49726064958685,399.49726064958685,285.2512705235443,285.2512705235443,285.2512705235443,173.77347076790704,173.77347076790704,173.77347076790704,173.77347076790704,674.2555542251347,173.77347076790704,1026.226529232093,173.77347076790704,666.6019338610986,173.77347076790704,0.0684151019488062,173.77347076790704,173.77347076790704,173.77347076790704,163.27347076790704,163.27347076790704,163.27347076790704,1036.726529232093,163.27347076790704,664.9540081534348,163.27347076790704,163.27347076790704,163.27347076790704,126.65740683067293,126.65740683067293,112.63359192472544,115.65647347615374,115.65647347615374,38.834915224497294,38.834915224497294,38.834915224497294,10.0,55.10308189050073,10.0,-280.3047749459471,10.0,10.0,10.0,10.0,10.0,-449.62203534475833,10.0,10.0,10.0,10.0,10.0,10.0,10.0,10.0,10.0,10.0,10.0,10.0,10.0,10.0,10.0,10.0,10.0,69.5,711.8295546751128,69.5,-56.6615405067906,69.5,1130.5,69.5,31.425998216078906,10.0,583.0044081905467,10.0,,,,,,,,,,,,,,,,,,0,0,1,1,0,1,1,1,0,1,0,0,0,0,0,0,0,0,0,0,0,0,0,0,1,0,0,1,0,0,0,0,0,0,0,0,0,1,0,0,0,0,0,0,1,0,1,1,0,1,0,0,1,0,0,0,0,0,0,0,0,0,0,0,0,0,0,0,0,0,0,0,0,0,0,1,1,0,0,0,1,0
2026-06-17 14:00:00,,15000.0,35.625,711.0,35.7951037355769,35.7951037355769,35.7951037355769,54.759331936594144,74.77932272147476,74.77932272147476,44.74110448524376,49.24110448524376,54.37512423786834,28.641132319973707,28.068827060128836,28.068827060128836,28.068827060128836,28.068827060128836,28.068827060128836,28.068827060128836,28.068827060128836,-23.11306555158787,28.068827060128836,682.9311729398712,28.068827060128836,28.068827060128836,28.068827060128836,28.068827060128836,28.068827060128836,28.068827060128836,28.068827060128836,10.0,10.0,10.0,10.0,10.0,10.0,10.0,674.2555542251347,10.0,701.0,10.0,666.6019338610986,10.0,0.046733333333333335,10.0,10.0,10.0,13.757632965186307,13.757632965186307,13.757632965186307,697.2423670348137,13.757632965186307,664.9540081534348,13.757632965186307,13.757632965186307,13.757632965186307,13.757632965186307,13.757632965186307,10.0,20.799700644200477,20.799700644200477,10.0,10.0,10.0,10.0,-181.9181224067527,10.0,-329.15752419326435,10.0,10.0,10.0,10.0,10.0,-704.4265201814087,10.0,10.0,10.0,10.0,10.0,10.0,10.0,10.0,10.0,10.0,10.0,10.0,10.0,10.0,10.0,10.0,10.0,45.050000000000004,711.8295546751128,45.050000000000004,-56.6615405067906,45.050000000000004,665.95,45.050000000000004,18.826154562592652,45.050000000000004,26.124028731924316,45.050000000000004,,,,,,,,,,,,,,,,,,0,0,1,1,0,1,1,1,1,1,0,0,0,0,0,0,0,0,0,0,0,0,0,0,1,0,0,1,0,0,0,0,0,1,0,0,0,1,0,0,0,0,0,0,0,0,1,1,0,1,0,0,1,0,0,0,0,0,0,0,0,0,0,0,0,0,0,0,0,0,0,0,0,0,0,1,1,0,0,0,0,0
2026-06-17 15:00:00,,15000.0,39.297705239246966,711.0,40.58414029875772,40.58414029875772,40.58414029875772,36.012917432550005,36.012917432550005,36.012917432550005,10.0,13.194461131215553,10.0,10.0,10.0,10.0,10.0,10.0,10.0,10.0,10.0,-23.11306555158787,10.0,701.0,10.0,10.0,10.0,10.0,10.0,10.0,10.0,10.0,10.0,10.0,10.0,10.0,10.0,10.0,674.2555542251347,10.0,701.0,10.0,666.6019338610986,10.0,0.046733333333333335,10.0,10.0,10.0,10.0,10.0,10.0,701.0,10.0,664.9540081534348,10.0,10.0,10.0,10.0,10.0,10.0,10.0,10.0,10.0,10.0,10.0,10.0,112.99050569518579,10.0,167.50239687872963,10.0,10.0,10.0,10.0,10.0,-614.2610559319122,10.0,10.0,10.0,10.0,10.0,10.0,10.0,10.0,10.0,10.0,10.0,10.0,10.0,10.0,10.0,10.0,10.0,45.050000000000004,711.8295546751128,45.050000000000004,-56.6615405067906,45.050000000000004,665.95,10.0,63.09729956108443,10.0,71.96464587070854,10.0,,,,,,,,,,,,,,,,,,0,0,1,0,0,1,1,1,1,1,0,0,0,0,0,0,0,0,0,0,1,0,0,0,1,0,0,1,0,0,0,0,0,1,0,0,0,1,0,0,0,0,0,0,1,0,1,1,0,1,0,0,1,0,0,0,0,0,0,0,0,0,0,0,0,0,0,0,0,0,0,0,0,0,0,1,1,0,0,1,1,0
2026-06-17 16:00:00,,15000.0,2765.178572193905,3588.0,2765.547397802316,2765.547397802316,2765.547397802316,2667.7131838198757,2689.6403569835343,2689.6403569835343,2668.7267146007225,2709.401604888358,2624.4108578077276,2519.830263334288,2626.2044834809417,2626.2044834809417,2626.2044834809417,2626.2044834809417,2626.2044834809417,2626.2044834809417,2626.2044834809417,-23.11306555158787,2626.2044834809417,961.7955165190583,2626.2044834809417,2626.2044834809417,2626.2044834809417,2626.2044834809417,2626.2044834809417,2626.2044834809417,2626.2044834809417,2511.958493354899,2511.958493354899,2511.958493354899,2511.958493354899,2511.958493354899,2511.958493354899,2511.958493354899,674.2555542251347,2511.958493354899,1076.041506645101,2511.958493354899,666.6019338610986,2511.958493354899,0.07173610044300673,2511.958493354899,2511.958493354899,2511.958493354899,2425.8454994410663,2425.8454994410663,2425.8454994410663,1162.1545005589337,2425.8454994410663,664.9540081534348,2425.8454994410663,2425.8454994410663,2425.8454994410663,2425.8454994410663,2442.4788331501704,2440.6843026207907,2415.930767811665,2415.930767811665,2415.930767811665,2415.930767811665,2415.930767811665,2357.3273062022486,-87.96517890795326,2357.3273062022486,-644.8822736789364,2357.3273062022486,2357.3273062022486,2357.3273062022486,2357.3273062022486,2357.3273062022486,-821.6778430682435,2357.3273062022486,2357.3273062022486,2357.3273062022486,2357.3273062022486,2357.3273062022486,2357.3273062022486,2357.3273062022486,2357.3273062022486,2357.3273062022486,2357.3273062022486,2357.3273062022486,2357.3273062022486,2357.3273062022486,2357.3273062022486,2357.3273062022486,2357.3273062022486,2312.607026425271,2376.3766751040075,711.8295546751128,2376.3766751040075,-56.6615405067906,2376.3766751040075,1211.6233248959925,2267.1033478750296,43.38836765871948,2260.8732602556,1812.2765618729616,2260.8732602556,,,,,,,,,,,,,,,,,,0,0,1,1,0,1,1,1,1,1,0,0,0,0,0,0,0,0,0,0,0,0,0,0,1,0,0,0,0,0,0,0,0,0,0,0,0,1,0,0,0,0,0,0,0,1,1,1,0,0,0,0,1,0,0,0,0,0,0,0,0,0,0,0,0,0,0,0,0,0,0,0,0,0,0,1,1,0,0,1,1,0
2026-06-17 17:00:00,,15000.0,4138.273220939371,4731.0,5832.319825495315,5832.319825495315,5832.319825495315,5914.149461704487,5914.149461704487,5914.149461704487,5923.776805837917,5923.776805837917,6018.803598374606,6018.803598374606,6018.803598374606,6018.803598374606,6018.803598374606,6018.803598374606,6018.803598374606,6018.803598374606,6018.803598374606,-23.11306555158787,6018.803598374606,1287.8035983746058,6018.803598374606,6018.803598374606,6018.803598374606,5818.490954959893,5818.490954959893,5818.490954959893,5818.490954959893,5818.490954959893,5818.490954959893,5818.490954959893,5707.013155204256,5707.013155204256,5707.013155204256,5707.013155204256,674.2555542251347,5707.013155204256,976.0131552042558,5707.013155204256,666.6019338610986,5707.013155204256,0.06506754368028372,5707.013155204256,5707.013155204256,5707.013155204256,5707.013155204256,5707.013155204256,5707.013155204256,976.0131552042558,5707.013155204256,664.9540081534348,5707.013155204256,5707.013155204256,5707.013155204256,5707.013155204256,5707.013155204256,5707.013155204256,5707.013155204256,5724.473016186537,5647.65145793488,5647.65145793488,5647.65145793488,5647.65145793488,-2022.9086549407684,5647.65145793488,-2866.006377697338,5647.65145793488,5647.65145793488,5582.144672637912,5582.144672637912,5582.144672637912,-1152.8622237974257,5582.144672637912,5582.144672637912,5582.144672637912,5582.144672637912,5582.144672637912,5582.144672637912,5582.144672637912,5582.144672637912,5582.144672637912,5582.144672637912,5582.144672637912,5582.144672637912,5582.144672637912,5582.144672637912,5582.144672637912,5582.144672637912,5537.424392860935,5537.424392860935,711.8295546751128,5537.424392860935,-56.6615405067906,5537.424392860935,806.4243928609349,5537.424392860935,0.3515073926815012,5537.424392860935,37.61658240506414,5537.424392860935,,,,,,,,,,,,,,,,,,0,0,1,0,0,1,0,1,0,0,0,0,0,0,0,0,0,0,0,0,1,0,0,0,0,0,0,1,0,0,0,0,0,0,0,0,0,0,0,0,0,0,0,0,0,0,0,0,1,1,0,0,0,0,0,0,1,0,0,0,0,0,0,0,0,0,0,0,0,0,0,0,0,0,0,1,0,0,0,0,0,0
2026-06-17 18:00:00,,15000.0,11154.037299095144,10000.0,11185.335776105028,11185.335776105028,11185.335776105028,11185.335776105028,11185.335776105028,11185.335776105028,11185.335776105028,11185.335776105028,11185.335776105028,11185.335776105028,11185.335776105028,11185.335776105028,11185.335776105028,11185.335776105028,11185.335776105028,11185.335776105028,11185.335776105028,-23.11306555158787,11185.335776105028,1185.3357761050283,11185.335776105028,11185.335776105028,11185.335776105028,10985.023132690316,10985.023132690316,10985.023132690316,10985.023132690316,10985.023132690316,10985.023132690316,10985.023132690316,10873.545332934678,10873.545332934678,10873.545332934678,10873.545332934678,674.2555542251347,10873.545332934678,873.5453329346783,10873.545332934678,666.6019338610986,10873.545332934678,0.05823635552897855,10873.545332934678,10873.545332934678,10873.545332934678,10873.545332934678,10873.545332934678,10873.545332934678,873.5453329346783,10873.545332934678,664.9540081534348,10873.545332934678,10873.545332934678,10873.545332934678,10873.545332934678,10873.545332934678,10873.545332934678,10873.545332934678,10873.545332934678,10796.723774683021,10796.723774683021,10796.723774683021,10796.723774683021,-551.9186351602193,10796.723774683021,-905.1152783341922,10796.723774683021,10796.723774683021,10731.216989386054,10731.216989386054,10731.216989386054,-557.5039558219827,10731.216989386054,10731.216989386054,10731.216989386054,10731.216989386054,10731.216989386054,10731.216989386054,10731.216989386054,10731.216989386054,10731.216989386054,10731.216989386054,10731.216989386054,10731.216989386054,10731.216989386054,10731.216989386054,10731.216989386054,10731.216989386054,10686.496709609077,10686.496709609077,711.8295546751128,10686.496709609077,-56.6615405067906,10686.496709609077,686.4967096090768,10686.496709609077,16.908329317424826,10686.496709609077,12.089200208515042,10686.496709609077,,,,,,,,,,,,,,,,,,0,0,0,0,0,0,0,0,0,0,0,0,0,0,0,0,0,0,0,0,1,0,0,0,0,0,0,1,0,0,0,0,0,0,0,0,0,0,0,0,0,0,0,0,0,0,0,0,0,1,0,0,0,0,0,0,1,0,0,0,0,0,0,0,0,0,0,0,0,0,0,0,0,0,0,1,0,0,0,0,0,0
2026-06-17 19:00:00,,15000.0,12942.939667412238,14972.56,14200.447139756903,14200.447139756903,14200.447139756903,14200.447139756903,14200.447139756903,14200.447139756903,14200.447139756903,14200.447139756903,14200.447139756903,14200.447139756903,14200.447139756903,14200.447139756903,14200.447139756903,14200.447139756903,14200.447139756903,14200.447139756903,14200.447139756903,-23.11306555158787,14200.447139756903,772.1128602430963,14200.447139756903,14200.447139756903,14200.447139756903,14200.447139756903,14200.447139756903,14200.447139756903,14200.447139756903,14200.447139756903,14200.447139756903,14200.447139756903,14200.447139756903,14200.447139756903,14200.447139756903,14200.447139756903,674.2555542251347,14200.447139756903,772.1128602430963,14200.447139756903,666.6019338610986,14200.447139756903,0.05147419068287309,14200.447139756903,14200.447139756903,14200.447139756903,14200.447139756903,14200.447139756903,14200.447139756903,772.1128602430963,14200.447139756903,664.9540081534348,14200.447139756903,14200.447139756903,14200.447139756903,14200.447139756903,14223.267197787305,14223.267197787305,14223.267197787305,14223.267197787305,14223.267197787305,14223.267197787305,14223.267197787305,14223.267197787305,-2646.568251588184,14223.267197787305,-3876.9405520683504,14223.267197787305,14223.267197787305,14223.267197787305,14301.910712882565,14301.910712882565,-920.3285963115126,14301.910712882565,14301.910712882565,14301.910712882565,14301.910712882565,14301.910712882565,14301.910712882565,14301.910712882565,14301.910712882565,14301.910712882565,14301.910712882565,14301.910712882565,14301.910712882565,14301.910712882565,14301.910712882565,14301.910712882565,14301.910712882565,14257.190433105588,14257.190433105588,711.8295546751128,14149.884998071424,-56.6615405067906,14149.884998071424,822.6750019285755,14149.884998071424,3.3227779694840573,14149.884998071424,4.400087960786204,14149.884998071424,,,,,,,,,,,,,,,,,,0,0,0,0,0,0,0,0,0,0,0,0,0,0,0,0,0,0,0,0,0,0,0,0,0,0,0,0,0,0,0,0,0,0,0,0,0,0,0,0,0,0,0,0,0,1,0,0,0,0,0,0,0,0,0,0,0,1,0,0,0,0,0,0,0,0,0,0,0,0,0,0,0,0,0,1,0,1,0,0,0,0
2026-06-17 20:00:00,,15000.0,13977.186300980782,14976.76,14016.406596948376,14016.406596948376,14016.406596948376,14016.406596948376,14016.406596948376,14016.406596948376,14016.406596948376,14016.406596948376,14016.406596948376,14016.406596948376,14016.406596948376,14016.406596948376,14016.406596948376,14167.908433609991,14167.908433609991,14167.908433609991,14167.908433609991,-23.11306555158787,14167.908433609991,808.8515663900089,14167.908433609991,14167.908433609991,14167.908433609991,14167.908433609991,14167.908433609991,14167.908433609991,14167.908433609991,14167.908433609991,14167.908433609991,14167.908433609991,14167.908433609991,14167.908433609991,14167.908433609991,14167.908433609991,674.2555542251347,14167.908433609991,808.8515663900089,14167.908433609991,666.6019338610986,14167.908433609991,0.05392343775933393,14167.908433609991,14167.908433609991,14167.908433609991,14167.908433609991,14167.908433609991,14167.908433609991,808.8515663900089,14167.908433609991,664.9540081534348,14167.908433609991,14167.908433609991,14167.908433609991,14167.908433609991,14167.908433609991,14167.908433609991,14167.908433609991,14167.908433609991,14167.908433609991,14167.908433609991,14167.908433609991,14167.908433609991,-1627.2468451444747,14167.908433609991,-2440.870267716712,14167.908433609991,14167.908433609991,14167.908433609991,14246.551948705252,14246.551948705252,-915.8179443816093,14246.551948705252,14246.551948705252,14246.551948705252,14246.551948705252,14246.551948705252,14246.551948705252,14246.551948705252,14246.551948705252,14246.551948705252,14246.551948705252,14246.551948705252,14246.551948705252,14246.551948705252,14246.551948705252,14246.551948705252,14246.551948705252,14201.831668928275,14201.831668928275,711.8295546751128,14085.592419267516,-56.6615405067906,14085.592419267516,891.1675807324846,14085.592419267516,9.377274826714581,14085.592419267516,9.014872634073248,14085.592419267516,,,,,,,,,,,,,,,,,,0,0,0,0,0,0,0,0,0,0,0,0,1,0,0,0,0,0,0,0,0,0,0,0,0,0,0,0,0,0,0,0,0,0,0,0,0,0,0,0,0,0,0,0,0,0,0,0,0,0,0,0,0,0,0,0,0,1,0,0,0,0,0,0,0,0,0,0,0,0,0,0,0,0,0,1,0,1,0,0,0,0
2026-06-17 21:00:00,,15000.0,14489.122549981694,15000.0,14523.04370654498,14523.04370654498,14523.04370654498,14523.04370654498,14489.896718749309,14489.896718749309,14489.896718749309,14489.896718749309,14489.896718749309,14489.896718749309,14489.896718749309,14489.896718749309,14489.896718749309,14489.896718749309,14489.896718749309,14489.896718749309,14489.896718749309,-23.11306555158787,14489.896718749309,510.103281250691,14489.896718749309,14489.896718749309,14489.896718749309,14289.584075334596,14289.584075334596,14289.584075334596,14289.584075334596,14289.584075334596,14289.584075334596,14289.584075334596,14289.584075334596,14289.584075334596,14289.584075334596,14289.584075334596,674.2555542251347,14289.584075334596,710.4159246654035,14289.584075334596,666.6019338610986,14218.542482868057,0.047361061644360235,14218.542482868057,14218.542482868057,14218.542482868057,14218.542482868057,14218.542482868057,14218.542482868057,781.457517131943,14218.542482868057,664.9540081534348,14218.542482868057,14218.542482868057,14218.542482868057,14218.542482868057,14144.20181650305,14144.20181650305,14144.20181650305,14144.20181650305,14144.20181650305,14144.20181650305,14144.20181650305,14144.20181650305,-2439.849966395905,14144.20181650305,-3383.327290372091,14144.20181650305,14144.20181650305,14144.20181650305,14222.84533159831,14222.84533159831,-1353.9660018381608,14222.84533159831,14222.84533159831,14222.84533159831,14222.84533159831,14222.84533159831,14222.84533159831,14222.84533159831,14222.84533159831,14222.84533159831,14222.84533159831,14222.84533159831,14222.84533159831,14222.84533159831,14222.84533159831,14222.84533159831,14222.84533159831,14178.125051821333,14178.125051821333,711.8295546751128,14054.843809594531,-56.6615405067906,14054.843809594531,945.1561904054688,14054.843809594531,0.08290390025622528,14054.843809594531,3.8373220151421994,14054.843809594531,,,,,,,,,,,,,,,,,,0,0,0,1,0,0,0,0,0,0,0,0,0,0,0,0,0,0,0,0,1,0,0,0,0,0,0,0,0,0,0,0,0,1,0,0,0,0,0,0,0,0,0,0,0,1,0,0,0,0,0,0,0,0,0,0,0,1,0,0,0,0,0,0,0,0,0,0,0,0,0,0,0,0,0,1,0,1,0,0,0,0
2026-06-17 22:00:00,,15000.0,15000.0,14976.22,15000.0,15000.0,15000.0,15000.0,15000.0,15000.0,14973.08276550191,14973.08276550191,14973.08276550191,14973.08276550191,14973.08276550191,14973.08276550191,14973.08276550191,14973.08276550191,14973.08276550191,14973.08276550191,14973.08276550191,-23.11306555158787,14973.08276550191,3.137234498090038,14973.08276550191,14973.08276550191,14973.08276550191,14973.08276550191,14973.08276550191,14973.08276550191,14973.08276550191,14973.08276550191,14973.08276550191,14973.08276550191,14973.08276550191,14973.08276550191,14973.08276550191,14973.08276550191,674.2555542251347,14976.22,3.137234498090038,14976.22,666.6019338610986,14976.220000000001,0.0,14976.220000000001,14976.220000000001,14976.220000000001,14976.220000000001,14976.220000000001,14976.220000000001,1.8189894035458565e-12,14976.220000000001,664.9540081534348,14976.220000000001,14976.220000000001,14976.220000000001,14976.220000000001,14976.220000000001,14976.220000000001,14976.220000000001,14976.220000000001,14976.220000000001,14976.220000000001,14976.220000000001,14976.220000000001,-1000.1278832460017,14976.220000000001,-1434.5259402212605,14838.502964124635,14838.502964124635,14838.502964124635,14917.146479219895,14917.146479219895,-681.1823678543193,14917.146479219895,14917.146479219895,14917.146479219895,14917.146479219895,14917.146479219895,14917.146479219895,14917.146479219895,14917.146479219895,14917.146479219895,14917.146479219895,14917.146479219895,14917.146479219895,14917.146479219895,14917.146479219895,14917.146479219895,14917.146479219895,14872.426199442918,14872.426199442918,711.8295546751128,14856.857129359352,-56.6615405067906,14856.857129359352,119.36287064064709,14856.857129359352,3.232753931793325,14856.857129359352,7.199593958973072,14856.857129359352,,,,,,,,,,,,,,,,,,0,0,0,0,0,1,0,0,0,0,0,0,0,0,0,0,0,0,0,0,0,0,0,0,0,0,0,0,0,0,0,1,0,1,0,0,0,0,0,0,0,0,0,0,0,0,0,0,0,0,0,0,0,0,1,0,0,1,0,0,0,0,0,0,0,0,0,0,0,0,0,0,0,0,0,1,0,1,0,0,0,0
2026-06-17 23:00:00,,15000.0,12334.605146267357,14999.0,13972.33904595172,13972.33904595172,13972.33904595172,13972.33904595172,13972.33904595172,13972.33904595172,13972.33904595172,13972.33904595172,13972.33904595172,13972.33904595172,13972.33904595172,13972.33904595172,13989.080843518566,13989.080843518566,13989.080843518566,13989.080843518566,13989.080843518566,-23.11306555158787,13888.088927870425,1009.9191564814337,13888.088927870425,13888.088927870425,13888.088927870425,13888.088927870425,13888.088927870425,13888.088927870425,13888.088927870425,13888.088927870425,13888.088927870425,13888.088927870425,13888.088927870425,13888.088927870425,13972.758153268009,13972.758153268009,674.2555542251347,13972.758153268009,1026.2418467319912,14024.07024560461,666.6019338610986,14024.07024560461,0.06499531695969271,14024.07024560461,14024.07024560461,14024.07024560461,14024.07024560461,14024.07024560461,14024.07024560461,974.9297543953908,13829.08429472553,664.9540081534348,13829.08429472553,13829.08429472553,13829.08429472553,13829.08429472553,13829.08429472553,13829.08429472553,13829.08429472553,13829.08429472553,13829.08429472553,13829.08429472553,13829.08429472553,13829.08429472553,-2518.6222835948806,13829.08429472553,-3813.386825856504,13936.783449455626,13936.783449455626,13936.783449455626,14015.426964550887,14015.426964550887,-593.8745540095799,14015.426964550887,14015.426964550887,14015.426964550887,14015.426964550887,14015.426964550887,14015.426964550887,14015.426964550887,14015.426964550887,14015.426964550887,14015.426964550887,14015.426964550887,14015.426964550887,14015.426964550887,14015.426964550887,14015.426964550887,14015.426964550887,13970.70668477391,13970.70668477391,711.8295546751128,13816.462687489995,-56.6615405067906,13816.462687489995,1182.537312510005,13816.462687489995,0.524517455137984,13816.462687489995,8.313131913548615,13816.462687489995,,,,,,,,,,,,,,,,,,0,0,0,0,0,0,0,0,0,0,0,1,0,0,0,0,1,0,0,0,0,0,0,0,0,0,0,0,0,1,0,0,1,0,0,0,0,0,0,0,1,0,0,0,0,0,0,0,0,0,0,0,0,0,1,0,0,1,0,0,0,0,0,0,0,0,0,0,0,0,0,0,0,0,0,1,0,1,0,0,0,0
